SYMBOL	ENTREZID
LTB	4050
EEF1A1	1915
RPL32	6161
RPL11	6135
LDHB	3945
RPL10	6134
RPL13	6137
RPL34	6164
RPS12	6206
RPS8	6202
RPL30	6156
RPL5	6125
RPS3A	6189
TPT1	7178
RPL19	6143
RPS25	6230
RPL14	9045
RPS28	6234
RPS18	6222
RPL37	6167
RPS6	6194
RPS15A	6210
RPL18A	6142
RPL36	25873
RPL18	6141
RPS3	6188
RPL39	6170
RPL35A	6165
RPL29	6159
RPS27A	6233
RPS14	6208
RPS21	6227
RPL3	6122
RPS23	6228
IL7R	3575
RPS13	6207
RPS15	6209
RPS4X	6191
RPSA	3921
RPL10A	4736
RPL8	6132
RPS5	6193
RPS2	6187
RPL9	6133
EEF1G	1937
RPS27	6232
RPL4	6124
RPL22	6146
RPL6	6128
RACK1	10399
RPL28	6158
EEF2	1938
RPL21	6144
FXYD5	53827
RPL17	6139
RPLP2	6181
RPL12	6136
EEF1B2	1933
RPL26	6154
LEF1	51176
RPS7	6201
RPS16	6217
GIMAP7	168537
RPL24	6152
RPS29	6235
KLF2	10365
NACA	4666
RPL7A	6130
PABPC1	26986
LINC00861	100130231
FLT3LG	2323
MAL	4118
RPLP0	6175
TCF7	6932
RPL23A	6147
NOP53	29997
RPS9	6203
NPM1	4869
SELL	6402
CD3E	916
NOSIP	51070
RPLP1	6176
AQP3	360
FAU	2197
SARAF	51669
EIF3E	3646
RPL15	6138
RPL38	6169
RPL7	6129
RPL37A	6168
IFITM1	8519
CCR7	1236
IL32	9235
RPL13A	23521
RPL36A	6173
TMEM123	114908
GSTK1	373156
TRAF3IP3	80342
BTF3	689
RPS19	6223
CD52	1043
CISH	1154
RPL27	6155
RPL31	6160
GIMAP1	170575
EIF3F	8665
UBA52	7311
GIMAP4	55303
TRAT1	50852
TOMM7	54543
HINT1	3094
RPL35	11224
PIM1	5292
C12orf57	113246
RCAN3	11123
CD3D	915
EEF1D	1936
ETS1	2113
S1PR1	1901
CAMK4	814
LIMD2	80774
ARHGAP15	55843
RPL41	6171
THEM4	117145
EIF3L	51386
RPS10	6204
PCED1B	91523
PLSCR3	57048
RIPOR2	9750
DGKA	1606
PIM2	11040
INPP4B	8821
HNRNPA1	3178
MYL12A	10627
CD3G	917
EIF3H	8667
ADD3	120
ANP32B	10541
CD40LG	959
CD5	921
EIF4B	1975
SPOCK2	9806
FYB1	2533
LIME1	54923
GIMAP5	55340
CYLD	1540
LCK	3932
CD27	939
CNN2	1265
LDLRAP1	26119
PIK3IP1	113791
RPS26	6231
CDC25B	994
FCMR	9214
ACAP1	9744
RPS24	6229
TXNIP	10628
TRADD	8717
S1PR4	8698
MYC	4609
COMMD6	170622
SNRPD2	6633
MZT2B	80097
NDFIP1	80762
PFDN5	5204
CD6	923
COX7C	1350
SOD1	6647
PRDX2	7001
MZT2A	653784
LEPROTL1	23484
EIF2S3	1968
SSR2	6746
PLP2	5355
IKZF1	10320
MCUB	55013
SELPLG	6404
TESPA1	9840
LINC02273	100996286
PSIP1	11168
GPSM3	63940
RPL27A	6157
SIT1	27240
SUSD3	203328
FAM107B	83641
EVL	51466
CD37	951
PEBP1	5037
LAT	27040
OCIAD2	132299
PCBP1	5093
ITK	3702
BIN1	274
BCL2	596
TRABD2A	129293
ARL6IP5	10550
APRT	353
RSL1D1	26156
SMDT1	91689
CCND3	896
RPL36AL	6166
TNFAIP8	25816
NSA2	10412
THOC3	84321
PBXIP1	57326
RASA3	22821
SH3YL1	26751
CD247	919
R3HDM4	91300
RASGRP2	10235
CCNI	10983
ISG20	3669
CNBP	7555
ERP29	10961
TC2N	123036
PCBP2	5094
RCSD1	92241
FOXP1	27086
OXNAD1	92106
TMEM204	79652
RPS4Y1	6192
TSHZ2	128553
PNISR	25957
ICAM2	3384
GMFG	9535
UBXN1	51035
SLC25A6	293
PTPRCAP	5790
ICAM3	3385
EIF3K	27335
ZFAS1	441951
CORO1B	57175
TTC39C	125488
RPS11	6205
COX4I1	1327
EPB41	2035
UQCRB	7381
CD2	914
RPS20	6224
ST13	6767
CMPK1	51727
MT-CYB	4519
ITGA6	3655
TNFRSF25	8718
TRAC	28755
TOMM20	9804
EIF3G	8666
UXT	8409
SKAP1	8631
ANXA2R	389289
TBC1D10C	374403
STMN3	50861
NSD3	54904
RGS10	6001
TMSB10	9168
BTG1	694
SNRPN	6638
PHB2	11331
SNHG8	100093630
HSPA8	3312
ABLIM1	3983
CUTA	51596
STK4	6789
ANXA11	311
NDUFB9	4715
CD28	940
RPS17	6218
SYNE2	23224
MAX	4149
EIF3M	10480
C1QBP	708
ABHD14B	84836
TSTD1	100131187
PPA1	5464
MAPKAPK5-AS1	51275
CCNG1	900
EIF3D	8664
DPP4	1803
GRK6	2870
REXO2	25996
PDE3B	5140
PPP1R2	5504
KCNA3	3738
TNFRSF4	7293
ITM2A	9452
RBL2	5934
ZAP70	7535
CD4	920
GTF3A	2971
CRIP2	1397
SF1	7536
MT-ND4L	4539
BCL11B	64919
CYFIP2	26999
RAC2	5880
PTGER2	5732
RHOH	399
SERINC5	256987
ATP6V0E2	155066
CD48	962
LINC01550	388011
LINS1	55180
GYPC	2995
TRBC2	28638
POLR1D	51082
CHMP7	91782
BEX3	27018
SUN2	25777
TECR	9524
TUBA4A	7277
DENND2D	79961
CENPK	64105
CLEC2D	29121
IGBP1	3476
EPHX2	2053
JAK3	3718
SNHG7	84973
FBL	2091
SEMA4D	10507
PRKCA	5578
AP3M2	10947
MAT2B	27430
ARHGDIB	397
TMEM243	79161
ADSL	158
GIMAP2	26157
EIF4A2	1974
CHURC1	91612
IL6ST	3572
TMEM63A	9725
SFXN1	94081
RAN	5901
SLAMF1	6504
EGLN2	112398
YPEL3	83719
VIM	7431
SRSF8	10929
NECAP2	55707
IL6R	3570
KIF2A	3796
OPTN	10133
SESN3	143686
BIN2	51411
MT-ND6	4541
GATA3	2625
RSL24D1	51187
ANKRD12	23253
SYTL1	84958
SKP1	6500
ORAI1	84876
ARHGEF3	50650
MFNG	4242
IL16	3603
MDFIC	29969
NAP1L4	4676
TNFSF8	944
ITM2B	9445
NPDC1	56654
CDC42SE2	56990
P2RY8	286530
PAG1	55824
ANAPC16	119504
PRMT2	3275
ATP1A1	476
LETMD1	25875
EBPL	84650
FBLN7	129804
TRAPPC6A	79090
ARMH1	339541
UBQLN2	29978
ITGA4	3676
CALM1	801
HMOX2	3163
LINC00649	100506334
FNTA	2339
APEX1	328
C19orf53	28974
RPL23	9349
CORO1A	11151
IMPDH2	3615
CMTM8	152189
ZNF862	643641
FKBP5	2289
RIC3	79608
SATB1	6304
GLG1	2734
TAGAP	117289
LBH	81606
ITGB1	3688
OXA1L	5018
RHOF	54509
ARID5B	84159
BLOC1S4	55330
STK38	11329
MHENCR	100505771
BEX2	84707
VPS51	738
CYTH1	9267
FGD3	89846
EPC1	80314
IL27RA	9466
SMCHD1	23347
ZNF101	94039
TMC8	147138
UXS1	80146
GCC2	9648
PRKCQ	5588
CRBN	51185
C16orf54	283897
CSGALNACT1	55790
GPR183	1880
RASGRP1	10125
GIMAP6	474344
SLC38A1	81539
ALKBH7	84266
PYURF	100996939
ARL4C	10123
EIF2A	83939
CHRM3-AS2	100506915
PSMB8-AS1	100507463
SNRPA	6626
URI1	8725
CNST	163882
DAZAP2	9802
MALAT1	378938
TACC3	10460
UBE2D2	7322
SPTAN1	6709
MLLT3	4300
CYTIP	9595
RETREG1	54463
SRP9	6726
SIGIRR	59307
ATP6V1G1	9550
AAK1	22848
KDSR	2531
CRLF3	51379
MRPS21	54460
MT-ND5	4540
TXK	7294
SH3BP5	9467
TNIK	23043
PLEKHB1	58473
PDCD2	5134
SLC7A6	9057
STT3B	201595
UBALD2	283991
N4BP2L2	10443
PLCG1	5335
SOCS2	8835
CAPZB	832
NBPF15	284565
TCEA3	6920
TRIR	79002
UPP1	7378
RNASET2	8635
CSDE1	7812
CLNS1A	1207
TMA7	51372
SMAP2	64744
TMEM106B	54664
HELB	92797
ANK3	288
ATP5MC2	517
LTA	4049
CFAP36	112942
PPP1CC	5501
DUT	1854
IMP3	55272
SORL1	6653
CDC14A	8556
ADTRP	84830
ARL6IP4	51329
HNRNPF	3185
CCT8	10694
TRAV8-2	28684
THAP11	57215
LPAR6	10161
PTGES3	10728
NELL2	4753
TRIM22	10346
HMGN1	3150
MAP4K2	5871
PDE7A	5150
RNF126	55658
KHDRBS1	10657
EMP3	2014
PVT1	5820
YWHAB	7529
FBLN5	10516
LRRN3	54674
IL10RA	3587
SF3A1	10291
MDS2	259283
MKRN1	23608
CRIP1	1396
XBP1	7494
LINC00402	100507612
SLC44A2	57153
SHISAL2A	348378
ARHGEF1	9138
SCML4	256380
ATP5F1A	498
PTDSS1	9791
PA2G4	5036
EPB41L4A-AS1	114915
FXYD1	5348
EID1	23741
PPIA	5478
GRAP2	9402
CLPP	8192
SLFN5	162394
APBB1	322
FLI1	2313
DBP	1628
HBB	3043
GALT	2592
TNFSF10	8743
ATM	472
BUB3	9184
HAPLN3	145864
PHF1	5252
NIPAL3	57185
CDKN1B	1027
ID3	3399
MRFAP1L1	114932
GOLGA8B	440270
ISCU	23479
TUBB	203068
ABRACL	58527
MPHOSPH8	54737
MED10	84246
ESYT1	23344
ATIC	471
NOL7	51406
RNF214	257160
ATP8B2	57198
SLC25A3	5250
CNOT7	29883
FXYD7	53822
ZFAND1	79752
USP10	9100
ARHGAP45	23526
MT-ATP8	4509
IL2RA	3559
TPR	7175
S100A10	6281
RASSF5	83593
SLC40A1	30061
RTRAF	51637
TNFAIP8L2	79626
C9orf78	51759
HAX1	10456
PRKCH	5583
NME3	4832
TMEM238	388564
DDX18	8886
ANXA6	309
HLA-E	3133
CCDC66	285331
DEF6	50619
GORASP2	26003
TNFRSF14	8764
HIVEP2	3097
LINC00243	401247
CD7	924
VSIR	64115
ILF3-DT	147727
RBM4	5936
PPDPF	79144
CITED4	163732
IL2RG	3561
CNIH1	10175
COX7A2L	9167
RGCC	28984
AIP	9049
ANKRD55	79722
RORA	6095
FDFT1	2222
VSIG1	340547
FOXP3	50943
TNFSF12	8742
MPRIP	23164
OXLD1	339229
RBMX	27316
ZRANB2	9406
ARL14EP	120534
PI16	221476
CCT7	10574
BACH2	60468
KLHDC2	23588
SNX20	124460
RAD21	5885
GLOD4	51031
LRP10	26020
MIF	4282
CCT3	7203
ATP5F1D	513
RSBN1	54665
MRPS34	65993
MGAT4A	11320
SUMO2	6613
CCDC88C	440193
TMEM35B	100506144
SH2D3A	10045
XRCC6	2547
FOXO1	2308
LSR	51599
IPCEF1	26034
CBLL1	79872
RRP1B	23076
CD47	961
NMT2	9397
UBASH3A	53347
NDUFA12	55967
MRPS18B	28973
ODF2L	57489
TES	26136
RGS14	10636
ACTN1	87
VIPR1	7433
SECISBP2	79048
CIRBP	1153
CA5B	11238
TAF10	6881
SIRPG	55423
CRTC3	64784
DHPS	1725
PTPRC	5788
DCK	1633
GABPB1-AS1	100129387
HNRNPDL	9987
PSME1	5720
SET	6418
SF3A2	8175
TRAV13-1	28671
STAT5B	6777
NSG1	27065
EDF1	8721
ZBTB25	7597
ATP5MG	10632
IKBKE	9641
MAST4	375449
CCND2	894
AKTIP	64400
RPA2	6118
CASP6	839
RBM38	55544
RASSF7	8045
MRPS26	64949
RBBP6	5930
SAMHD1	25939
FHL1	2273
PCSK7	9159
SLC25A45	283130
CCR4	1233
LIX1L	128077
TIAM1	7074
ZNF33B	7582
TRAM1	23471
SYPL1	6856
MAML2	84441
NCK2	8440
NBDY	550643
CAMK2G	818
KLF12	11278
OLFM2	93145
HABP4	22927
PCSK1N	27344
RPS6KA5	9252
NT5DC1	221294
SGTB	54557
CASP8	841
ABRAXAS1	84142
DAP3	7818
EMB	133418
SYF2	25949
EIF3I	8668
KIAA0040	9674
SRSF5	6430
TRBV20-1	28567
TRAV9-2	28677
CDKN2D	1032
PIGC	5279
IK	3550
ATF7IP2	80063
LUC7L3	51747
MAD1L1	8379
DDB2	1643
ITGB7	3695
SGF29	112869
MARCKSL1	65108
SPTBN1	6711
SVIP	258010
DPYD	1806
NAAA	27163
SLC2A4RG	56731
ABT1	29777
TBC1D10A	83874
PIK3CD	5293
MXI1	4601
NLRC3	197358
DDX24	57062
CNPPD1	27013
THAP7	80764
ELOVL5	60481
TNFRSF10A	8797
AK5	26289
TBC1D4	9882
UBIAD1	29914
THEMIS	387357
ADH5	128
NMRK1	54981
ZNF107	51427
UBAC2	337867
ASF1A	25842
EIF4E3	317649
NSMCE1	197370
GRAMD1A	57655
GOLGA7	51125
MRPS24	64951
RTKN2	219790
LCP2	3937
PRKX	5613
SELENOM	140606
MALT1	10892
CEP57	9702
PPP3CC	5533
LY9	4063
NOB1	28987
SRSF1	6426
MRPL34	64981
LGALS3BP	3959
PATJ	10207
TMEM131L	23240
LIMS2	55679
BNIP3	664
LINC01089	338799
MTERF4	130916
HNRNPL	3191
NPAT	4863
PPM1G	5496
GRAP	10750
FAM89B	23625
FBXL8	55336
PACS1	55690
NDE1	54820
NAE1	8883
TMEM191C	645426
DDT	1652
PXN	5829
MID1IP1	58526
SNU13	4809
UGP2	7360
COX6C	1345
ZNF493	284443
PITPNA-AS1	100306951
USP15	9958
MAP3K1	4214
ZNF302	55900
PPP1R35	221908
HMGN4	10473
SSU72	29101
PYGO2	90780
ST6GAL1	6480
CEP68	23177
SNAI3	333929
EDA	1896
NDUFB11	54539
PKIA	5569
HPCAL1	3241
ATP5PD	10476
PSMA1	5682
DNAJC19	131118
NOA1	84273
ING4	51147
MORC2	22880
CD82	3732
ISYNA1	51477
HDAC1	3065
FBXL16	146330
TRBV19	28568
G3BP1	10146
TRAV8-3	28683
CDC42SE1	56882
ANXA7	310
SERP1	27230
SUMF2	25870
TMEM156	80008
TMEM203	94107
RAP1A	5906
ACSL6	23305
NHP2	55651
PCNP	57092
SNRPF	6636
C12orf76	400073
NIPSNAP1	8508
ACTR1B	10120
GCSAM	257144
THYN1	29087
STK24	8428
PPWD1	23398
TRBV7-2	28596
CMTM7	112616
F5	2153
SSBP1	6742
GPR171	29909
TSR2	90121
TRABD	80305
CYB561D1	284613
CBFB	865
COX11	1353
EIF3J-DT	645212
FUT7	2529
UBA2	10054
SOCS1	8651
CHD7	55636
MBNL1	4154
ICOS	29851
HIGD2A	192286
TBCA	6902
PSMC5	5705
SRM	6723
CEBPZOS	100505876
ITGB2-AS1	100505746
VAMP2	6844
SMYD2	56950
U2AF1L4	199746
NR1D1	9572
ITFG2	55846
ANKRD49	54851
SUPT20H	55578
GMPS	8833
CDR2	1039
B2M	567
STN1	79991
PPP1R3E	90673
GPX7	2882
PECR	55825
TFAP4	7023
FBXO3	26273
PLCL1	5334
CCDC85B	11007
CD320	51293
SSB	6741
MPI	4351
DAXX	1616
CHD3	1107
SFI1	9814
PPP1R3F	89801
STX17	55014
C11orf58	10944
SPSB3	90864
HEBP2	23593
NOL11	25926
KAT8	84148
REST	5978
SVIL	6840
TTC14	151613
PNPLA2	57104
SHISA5	51246
SSRP1	6749
PAFAH1B3	5050
UBE2V1	7335
TRIB2	28951
OCIAD1	54940
CAPN2	824
HDHD3	81932
HNRNPUL1	11100
OLA1	29789
LDOC1	23641
RASSF3	283349
ORMDL3	94103
USP3	9960
HTATSF1	27336
FAM50B	26240
CARMIL2	146206
MYL12B	103910
ZNF737	100129842
GRSF1	2926
ST3GAL1	6482
ESD	2098
PMPCB	9512
DIMT1	27292
SIGMAR1	10280
SMIM26	388789
ERAP2	64167
TMEM14B	81853
NOG	9241
PLCD1	5333
NGRN	51335
PDCD4-AS1	282997
TMEM116	89894
SINHCAF	58516
CEACAM21	90273
SDAD1	55153
ADAM19	8728
KLF3	51274
NAP1L1	4673
RSAD1	55316
LINC00957	255031
CBX7	23492
SPN	6693
TRAP1	10131
SUPT3H	8464
CBR3	874
TSPAN18	90139
RCC1	1104
PRIM1	5557
STAMBPL1	57559
SNRNP40	9410
ENO2	2026
DNAJA3	9093
TCP11L2	255394
TRBV28	28559
PAQR8	85315
CCT4	10575
SERGEF	26297
ZNHIT3	9326
TRAV4	28689
GPHN	10243
NUDCD2	134492
SRSF4	6429
FAM162A	26355
FLOT2	2319
SLC9A3	6550
TCAF2	285966
DALRD3	55152
ABTB1	80325
DOCK10	55619
NME2	4831
DGKE	8526
STYX	6815
LPAR2	9170
HNRNPA0	10949
TRIM73	375593
PDCD7	10081
WWP1	11059
ZFP90	146198
PBX4	80714
ZNF563	147837
SDHA	6389
TRNT1	51095
RNPS1	10921
TRAF1	7185
MRPS33	51650
RNF187	149603
TRAK2	66008
POLR1E	64425
LINC01215	101929623
AKT3	10000
HADHA	3030
ECHDC2	55268
BRD7	29117
AMMECR1	9949
SLC25A38	54977
LRIG1	26018
MRPL38	64978
ZNF414	84330
SFMBT1	51460
FAAH2	158584
ZNF708	7562
MRPL57	78988
ELMO1	9844
TRBV5-1	28614
AGMAT	79814
ZNF766	90321
NOL9	79707
MEI1	150365
DNMT1	1786
MEOX1	4222
CEACAM1	634
TRAV8-6	28680
ZNF524	147807
LINC02361	100996246
RHNO1	83695
DEXI	28955
TFB1M	51106
DOCK9	23348
PHF11	51131
HNRNPK	3190
REX1BD	55049
PQBP1	10084
PASK	23178
HMGB2	3148
PTP4A3	11156
ADPRM	56985
HSD17B11	51170
PDCD5	9141
NDUFV2	4729
CNOT8	9337
EAPP	55837
ATPAF1	64756
ANAPC5	51433
PEX16	9409
GPR15	2838
ZNF138	7697
HOXB2	3212
TBRG1	84897
LTBP4	8425
DMAC1	90871
ERCC5	2073
PLD6	201164
CCR6	1235
UBA3	9039
CLUAP1	23059
CBFA2T2	9139
RGL4	266747
PDK1	5163
LINC00324	284029
FADD	8772
TUT4	23318
TSC22D4	81628
LINC00954	400946
GDI1	2664
ING5	84289
NDRG3	57446
SF3A3	10946
MMP25-AS1	100507419
THRA	7067
NUDT16L1	84309
TRIM52	84851
CMTM3	123920
ATP5PB	515
BEX4	56271
ADORA2A	135
DGKZ	8525
EIF5A	1984
MAP4K1	11184
PGS1	9489
INTS10	55174
VDAC2	7417
TRBC1	28639
CYB561	1534
PRPF19	27339
RNF220	55182
TRAV29DV5	28653
CORO2A	7464
LSM14A	26065
ISCA2	122961
CUTC	51076
MRPS27	23107
MSL3	10943
RNF144A	9781
FNBP4	23360
EIF2D	1939
UBL4A	8266
TRAV13-2	28670
UBE2N	7334
BET1L	51272
OGT	8473
UBE2I	7329
ATG9B	285973
S100A4	6275
TRAV8-4	28682
SSBP4	170463
COX14	84987
TMEM223	79064
TRBV18	28569
CBX3	11335
ARFRP1	10139
TAF9B	51616
DENND1C	79958
GPA33	10223
CNOT11	55571
JADE2	23338
CCM2	83605
VBP1	7411
GPRIN3	285513
TTC9	23508
TMC6	11322
EXOSC8	11340
DAD1	1603
MRPL58	3396
MRPS35	60488
ZNF44	51710
ZNF430	80264
COQ8A	56997
RNF157	114804
PRPS1	5631
FBXL3	26224
RRS1	23212
LINC01943	101928173
IL4R	3566
ELK1	2002
METTL5	29081
DPH5	51611
LINC00426	100188949
GOLGA8A	23015
ERH	2079
KPNA5	3841
MRPS2	51116
ZNF506	440515
IL23A	51561
ORC5	5001
ESYT2	57488
MAGEH1	28986
SUCLG2	8801
CASP8AP2	9994
ORMDL1	94101
GNB5	10681
ZMAT2	153527
GGT7	2686
ERN1	2081
ERGIC2	51290
IGSF8	93185
ASTE1	28990
NDUFS5	4725
SNAP47	116841
SYNGAP1	8831
LAIR2	3904
PCMTD2	55251
NKTR	4820
IL17RA	23765
POLR2C	5432
SDHAF3	57001
PHTF2	57157
RASA2	5922
PRPF8	10594
LPCAT4	254531
METTL26	84326
ACYP1	97
SHMT2	6472
ERG28	11161
METTL9	51108
PLCL2	23228
ACTL6A	86
CLDND1	56650
DYRK2	8445
BBS2	583
RANBP1	5902
TUFM	7284
CTC1	80169
SRSF11	9295
TRAV26-1	28657
MRNIP	51149
PSMG2	56984
RNF113A	7737
ZFP14	57677
NCL	4691
PPHLN1	51535
C15orf40	123207
FAS	355
METTL23	124512
RFC1	5981
DEAF1	10522
SRSF10	10772
TRAV3	28690
ACAT2	39
YDJC	150223
SLC35E2A	9906
NONO	4841
MAP7D1	55700
ZNF91	7644
METTL17	64745
WDR43	23160
BDH1	622
CCNDBP1	23582
MFHAS1	9258
WBP2	23558
LINC01891	105373934
SDHD	6392
CHTF8	54921
TAF1D	79101
CASK	8573
UQCRFS1	7386
KLHL22	84861
RARG	5916
RMND5B	64777
MRPL43	84545
MTA2	9219
RELL2	285613
HSBP1L1	440498
ARL2BP	23568
SLC35G1	159371
PHF3	23469
VAMP4	8674
SORBS3	10174
FAM200A	221786
APOL3	80833
CIB1	10519
TRBV2	28620
MRPL9	65005
SDHAF1	644096
BTN3A2	11118
ANKZF1	55139
LINC00667	339290
ANKRA2	57763
PDCD6	10016
MYH9	4627
NDUFC1	4717
UBTF	7343
MRPS31	10240
TRDMT1	1787
TMCO6	55374
TRAV22	28661
IKZF4	64375
HDAC7	51564
TAB2	23118
ZNF146	7705
CPTP	80772
USP53	54532
CAMKMT	79823
MRPL45	84311
PCYOX1L	78991
NEFL	4747
RBM48	84060
DNLZ	728489
PPBP	5473
DNAJA2	10294
DDX6	1656
MANEA-DT	101927288
NOP14	8602
LINC01806	100996579
RBL1	5933
GHITM	27069
PRKAR1B	5575
TRAV21	28662
ZNF540	163255
RWDD1	51389
ARHGAP4	393
NUAK2	81788
NOP2	4839
CRYZL1	9946
DGUOK	1716
TMEM177	80775
BRIX1	55299
RAB4A	5867
POLR3GL	84265
RNF34	80196
MOAP1	64112
XPC	7508
APOLD1	81575
ANKRD36B	57730
IMMP2L	83943
TSC22D3	1831
DIDO1	11083
PLEKHA1	59338
DPH1	1801
GBP2	2634
USP20	10868
MRI1	84245
THUMPD3-AS1	440944
CDC26	246184
NLRP1	22861
NME4	4833
SDR39U1	56948
AGFG2	3268
ASXL1	171023
THAP4	51078
TCEAL8	90843
SHLD1	149840
STAT1	6772
SP140L	93349
PCID2	55795
FAM153A	285596
STUB1	10273
HSF2	3298
GSKIP	51527
FBXO21	23014
SULT1B1	27284
PTPRA	5786
SPIN2B	474343
GPRASP1	9737
RUVBL1	8607
TP53TG1	11257
TRBV6-5	28602
DCP1B	196513
CNPY4	245812
RAB3IP	117177
C1GALT1C1	29071
DCXR	51181
RWDD3	25950
MTRR	4552
PRPS2	5634
TTC32	130502
GTPBP6	8225
OTUB1	55611
GTPBP10	85865
ANO9	338440
ZNF32	7580
PLPP6	403313
ABCC1	4363
ATXN7L1	222255
APBA3	9546
GPR146	115330
PEX11B	8799
WDR54	84058
PNRC1	10957
AEN	64782
C14orf119	55017
TRAV27	28655
TMED4	222068
JAK1	3716
TTC3	7267
TRAF3IP2	10758
NIFK	84365
HTATIP2	10553
INPP5K	51763
ST6GALNAC1	55808
ZNF292	23036
CD44	960
GPR155	151556
BZW2	28969
ZNF512	84450
RPS27L	51065
JAGN1	84522
ATP6V1E2	90423
MINK1	50488
EPS8L2	64787
TRAV6	6956
STX16	8675
XRN2	22803
PRKAG2-AS1	100505483
NEIL2	252969
ZNF444	55311
ULK3	25989
PRH1	5554
SIN3A	25942
NSUN5	55695
MRPL50	54534
PAICS	10606
TRAV12-3	28672
CCAR2	57805
ABCD2	225
TRIM35	23087
SLFN12L	100506736
AFAP1	60312
BOLA3	388962
OR4D1	26689
MSI2	124540
NFKB1	4790
LSM5	23658
CD200R1	131450
TTC39C-AS1	102724246
MDN1	23195
RPUSD2	27079
TJP3	27134
THUMPD1	55623
UBE2Q2	92912
PGM2L1	283209
SMPD1	6609
FAM200B	285550
SMAP1	60682
URM1	81605
FRA10AC1	118924
ZNF276	92822
TRBV6-2	28605
NIFK-AS1	254128
TBP	6908
RELA	5970
KBTBD4	55709
LRBA	987
EPHA1-AS1	285965
MEAF6	64769
CDC37	11140
XPA	7507
HNRNPH3	3189
LCLAT1	253558
DEFA3	1668
SLC2A11	66035
EXOG	9941
TRAV23DV6	28660
C5orf63	401207
CASP2	835
FARS2	10667
HPCAL4	51440
CCDC91	55297
ERAP1	51752
XRCC5	7520
TAF3	83860
NR2C2AP	126382
CPSF6	11052
AIDA	64853
LINC00920	100505865
KRT73-AS1	100127967
PYM1	84305
TRBV3-1	28619
NT5C3A	51251
NAA80	24142
ZNF507	22847
RASGRF2	5924
NELFA	7469
HKDC1	80201
RPIA	22934
FANCF	2188
RBM43	375287
IRF3	3661
CCNQ	92002
SUB1	10923
PCIF1	63935
PHC3	80012
ENOPH1	58478
C15orf61	145853
RGP1	9827
AKAP7	9465
TRAV16	28667
EPHB6	2051
MDH1	4190
TMEM230	29058
PDS5A	23244
RPA1	6117
TLK1	9874
TMEM65	157378
TTTY15	64595
ZNF75A	7627
WNT7A	7476
TRANK1	9881
EPHA4	2043
MINCR	100507316
MT-ND3	4537
CCL28	56477
MVP	9961
FYN	2534
PYCR2	29920
SNHG21	100505616
ZNF277	11179
MRPL16	54948
WDR77	79084
BLOC1S5	63915
EXOSC1	51013
PTOV1	53635
PNMA1	9240
KLHL36	79786
PIAS1	8554
USP21	27005
GMPR2	51292
TNIP1	10318
AGAP2	116986
SMARCC1	6599
RRM1	6240
TNFRSF18	8784
ZNF253	56242
AKIRIN1	79647
TMEM18	129787
NOC2L	26155
TRIM4	89122
PRAF2	11230
LANCL1	10314
METTL18	92342
TRAV2	28691
WDR75	84128
TRAV17	28666
LINC02210-CRHR1	104909134
ZNF429	353088
PIH1D1	55011
SNHG10	283596
MED15	51586
ATXN7L3B	552889
KYAT3	56267
TTN	7273
HOOK1	51361
COMTD1	118881
CAMLG	819
SMAD3	4088
TMEM187	8269
ACTR6	64431
CLK4	57396
CLYBL	171425
ETFRF1	144363
VILL	50853
MEGF6	1953
ELMOD3	84173
NHEJ1	79840
DGCR2	9993
CXCR3	2833
TRBV10-3	28583
CCSER2	54462
DNAJC9	23234
TTN-AS1	100506866
DCAF15	90379
AMIGO1	57463
TIMM9	26520
ZNF880	400713
NDUFV2-AS1	101927275
BBC3	27113
MAPKAPK3	7867
MPHOSPH10	10199
MPP7	143098
SNHG22	103091864
TRAV35	28647
ZNF639	51193
FMC1	154791
PARP16	54956
THAP1	55145
SEPHS2	22928
PEX6	5190
MICU2	221154
TMEM87B	84910
ASNSD1	54529
RAB33A	9363
TASP1	55617
NGDN	25983
ACD	65057
EEFSEC	60678
RHPN1	114822
RPRD2	23248
APBA2	321
SERBP1	26135
TMEM25	84866
ADI1	55256
URGCP	55665
TRAV14DV4	28669
POLH	5429
COA6	388753
SENP7	57337
GGNBP2	79893
TBRG4	9238
HNRNPLL	92906
SP100	6672
CDHR3	222256
MED28	80306
KHDC4	22889
OARD1	221443
NCOR1	9611
HAGH	3029
SRPK2	6733
TECPR1	25851
ZCCHC7	84186
TRBV7-9	28589
LMO7	4008
INTS5	80789
ITPKB	3707
LYRM7	90624
C21orf91	54149
MMS19	64210
CHST7	56548
POLL	27343
EIF1AY	9086
MTRNR2L12	100463498
NUP43	348995
PJA1	64219
ARID4B	51742
C19orf25	148223
CEP120	153241
SUCLA2	8803
TUBD1	51174
FAM13A	10144
EDEM3	80267
SNHG25	105376843
ZNF287	57336
MFGE8	4240
TXLNG	55787
PGGHG	80162
GIMAP8	155038
RIOX1	79697
MED7	9443
SRPK1	6732
WTAP	9589
ATRIP	84126
PRPSAP2	5636
NAPEPLD	222236
INTS13	55726
RGMB	285704
CYSLTR1	10800
ENOSF1	55556
KMT2A	4297
SLC37A3	84255
FOXJ3	22887
TSPAN32	10077
LRRC8D	55144
ZNF141	7700
CARD11	84433
DDX54	79039
QTRT1	81890
DNAAF2	55172
SYNJ2	8871
MSH2	4436
MITD1	129531
HNRNPD	3184
GDI2	2665
KIF21B	23046
CCDC57	284001
MAF1	84232
SF3B2	10992
DBNDD1	79007
MKNK2	2872
PRPF38B	55119
EXOSC5	56915
LINC00847	729678
ARMC10	83787
ZNF836	162962
MRPL46	26589
NLE1	54475
TSPAN5	10098
TRAV12-1	28674
RALY	22913
KIAA1191	57179
METAP1D	254042
TAF9	6880
WDR59	79726
FKBP8	23770
MTHFS	10588
MTM1	4534
DPEP2	64174
ZNF680	340252
TRMT10B	158234
METTL3	56339
ELP2	55250
SH2B1	25970
LENG1	79165
TRBV6-1	28606
CERK	64781
MORN3	283385
ZEB1	6935
RFXAP	5994
LOXL1-AS1	100287616
FAM241B	219738
ZNF224	7767
INTS8	55656
PIBF1	10464
ZNF699	374879
WAS	7454
CCDC7	79741
PIGL	9487
MMGT1	93380
UNG	7374
TEX264	51368
PEX3	8504
UFL1	23376
TRBV30	28557
TRAV38-1	28644
SSBP2	23635
ZNF169	169841
TTC39B	158219
RIOX2	84864
BRD3OS	266655
TRAV8-1	28685
SYCE1L	100130958
TRIM47	91107
ZXDC	79364
PCAT1	100750225
P4HTM	54681
CD226	10666
BAG3	9531
PARP15	165631
SLAIN1	122060
PFKL	5211
TRAV36DV7	28646
NBPF9	400818
NBEAL1	65065
GIPC1	10755
XKR8	55113
PLRG1	5356
DPY30	84661
TSPO	706
PATZ1	23598
SLC39A10	57181
STAT5A	6776
CRYBG1	202
IFRD2	7866
MUTYH	4595
SCAMP1-AS1	728769
NEK9	91754
ELF2	1998
WRNIP1	56897
PITPNC1	26207
PLK3	1263
NUTM2A-AS1	728190
GMDS	2762
BLCAP	10904
VOPP1	81552
SUSD4	55061
PPP2R1A	5518
HNRNPUL2-BSCL2	100534595
LINC01259	106144599
KIF5C	3800
KDM4C	23081
ANTXR2	118429
LRRC8A	56262
FARSB	10056
PPM1K	152926
TRAV41	28640
CASTOR1	652968
MX2	4600
POLR1C	9533
RPUSD4	84881
TMEM45B	120224
OBSCN	84033
TCEA2	6919
ZFP62	643836
IMMT	10989
USE1	55850
MCM3	4172
THRAP3	9967
MAGEF1	64110
GREM2	64388
RDH14	57665
HNRNPC	3183
VPS13A	23230
MED16	10025
ZNF483	158399
DLGAP1-AS1	649446
TTC12	54970
L3MBTL2	83746
AGBL5	60509
FBXO32	114907
RNASEL	6041
MAPKAPK5	8550
TMEM186	25880
TRIM46	80128
LYRM9	201229
PHF14	9678
MEN1	4221
ZNF24	7572
LRPPRC	10128
TSGA10	80705
ASH1L-AS1	645676
TRAV25	28658
WDR37	22884
ARL6IP6	151188
LIPE	3991
DPP7	29952
KANSL1-AS1	644246
TPP2	7174
ZSCAN18	65982
GSTM3	2947
SPCS1	28972
ETHE1	23474
CTLA4	1493
SRP68	6730
PPP1R18	170954
ZNF12	7559
SLC25A23	79085
ZNF721	170960
TRBV4-2	28616
TMEM101	84336
TAMM41	132001
ZNF43	7594
PSMB8	5696
OSGEPL1	64172
STRADB	55437
PSMG4	389362
NUBP2	10101
NUP107	57122
DHRS13	147015
TSPAN14	81619
MLLT10	8028
SLC7A6OS	84138
SNRPA1	6627
RNF216	54476
PPIH	10465
GAMT	2593
TRAPPC4	51399
SYDE2	84144
LINC02325	101929241
KCTD7	154881
FBXO31	79791
NCAPG2	54892
B3GNT9	84752
HEATR1	55127
SLC35C1	55343
NXPE3	91775
SLC22A17	51310
TFAM	7019
TSEN2	80746
LINC00623	728855
DUSP11	8446
POLR2M	81488
CMC4	100272147
LAPTM4B	55353
TADA1	117143
USP33	23032
FAM24B	196792
WDR82	80335
SURF6	6838
CWF19L2	143884
LRRC61	65999
CTBP1-DT	92070
SLC16A7	9194
PPP1R11	6992
SP4	6671
AP1G2	8906
TRAV20	28663
MIR762HG	101928736
TRBV24-1	28563
DCTPP1	79077
TLE2	7089
BBS1	582
FAM184A	79632
ZNF181	339318
YEATS4	8089
FAM217B	63939
UTP4	84916
GON7	84520
ZNF14	7561
STIM1	6786
CYBC1	79415
PNN	5411
CTU1	90353
FBXO44	93611
CS	1431
NFATC1	4772
HERC4	26091
SLC16A1-AS1	100506392
TRAV10	28676
JADE1	79960
CFAP97	57587
TAPT1-AS1	202020
SLC41A3	54946
STIM2	57620
NR3C2	4306
C1RL	51279
ZBTB24	9841
TRBV9	28586
PGAP1	80055
UTY	7404
DNAJB14	79982
CSTF1	1477
TMEM191B	728229
MRPL39	54148
COQ6	51004
TMEM121	80757
ZFAND2B	130617
NDUFS2	4720
TRMO	51531
PLA2G12A	81579
NUP210	23225
PCGF5	84333
ZNF484	83744
SF3B1	23451
TRAV12-2	28673
WDR3	10885
SLC25A12	8604
LINC01934	101927156
COX10	1352
FAM98C	147965
HACD1	9200
CCDC22	28952
PTP4A2	8073
METAP1	23173
UCP2	7351
FAM171A1	221061
ACP1	52
INF2	64423
NDUFAF3	25915
CREB1	1385
SIMC1	375484
SNED1	25992
UBE2D3	7323
CUL4A	8451
CDC14B	8555
PFKP	5214
DDX55	57696
PRMT7	54496
CTCF	10664
GTPBP3	84705
PREPL	9581
SMARCA2	6595
WDR89	112840
CES4A	283848
NR1D2	9975
NEMP2	100131211
PRKRA	8575
NUB1	51667
ABCE1	6059
ZNF382	84911
ATF1	466
LRRC8B	23507
ILF2	3608
MZF1	7593
SLC46A3	283537
CEP135	9662
TMEM102	284114
SLC8B1	80024
ACVR1	90
UQCRC2	7385
FXYD2	486
SIRT5	23408
DGCR6L	85359
SLBP	7884
PDE6B	5158
RAB39B	116442
HPGD	3248
PPP6C	5537
TRIM32	22954
RAD50	10111
MAP3K14-AS1	100133991
ZC3H6	376940
AXIN2	8313
CDKN2AIP	55602
EPHA1	2041
DGKH	160851
GPR150	285601
NSMCE4A	54780
ZFP1	162239
COG5	10466
RINL	126432
ACVR1C	130399
BTBD9	114781
BCKDHB	594
ABHD18	80167
HMCES	56941
BCDIN3D	144233
MED4	29079
C22orf39	128977
MIB2	142678
ST6GALNAC6	30815
EID2B	126272
ZNF208	7757
AGBL3	340351
TRAPPC1	58485
ALDOC	230
DDX56	54606
BTLA	151888
UBE2G2	7327
CLSTN1	22883
CEP95	90799
SCAI	286205
ZNF420	147923
MAP2K5	5607
TNRC6C	57690
CABIN1	23523
PMM1	5372
TAF15	8148
REPS1	85021
CD46	4179
PDCD2L	84306
LUC7L2	51631
FKBP11	51303
DSTN	11034
ADK	132
C6orf47	57827
NDUFB4	4710
LIN37	55957
TRMT2B	79979
XAB2	56949
HP1BP3	50809
SNRNP35	11066
SP110	3431
TNRC6A	27327
MFSD8	256471
CD96	10225
PAAF1	80227
MAP3K4	4216
ACADSB	36
TMEM254	80195
PRPF38A	84950
MTG1	92170
NDUFAF8	284184
PPP1R21	129285
PCYT2	5833
BCCIP	56647
KBTBD7	84078
CCDC92	80212
THNSL1	79896
NDUFB5	4711
UBE2B	7320
TIGD1	200765
DTNB	1838
TMEM71	137835
TIMM29	90580
TRBV12-3	28577
KRT10	3858
ACP6	51205
EEF1E1	9521
HAUS4	54930
EZH1	2145
PDE9A	5152
ZNF48	197407
SGPP2	130367
RPS6KA1	6195
DDX28	55794
USP5	8078
BSDC1	55108
GTF2F1	2962
KRI1	65095
DDX17	10521
MTA1	9112
DUSP12	11266
TNK1	8711
ERO1A	30001
TMEM42	131616
TRAV38-2DV8	28643
REM2	161253
OXCT1	5019
ZNF83	55769
MOCS2	4338
PRUNE1	58497
KDM5D	8284
VWA8	23078
TACO1	51204
TRBV4-1	28617
PUF60	22827
NSMCE3	56160
KLHL28	54813
PGAP2	27315
ZNF749	388567
VRK1	7443
PPP2R5D	5528
LNPEP	4012
ADARB1	104
POP5	51367
ASH1L	55870
HPS6	79803
BTD	686
ARMC1	55156
EEF1AKMT2	399818
SS18L2	51188
RLN1	6013
M6PR	4074
ZNF239	8187
SF3B3	23450
ISM1	140862
SPICE1	152185
ZC3H11A	9877
SELENOW	6415
PARP11	57097
ZNF337	26152
ACBD6	84320
TRBV29-1	28558
PIGM	93183
CSK	1445
TESMIN	9633
SARM1	23098
SMIM10L1	100129361
ATAD1	84896
ANKH	56172
SLC39A8	64116
RAPGEF6	51735
MIAT	440823
EHD1	10938
TRAV26-2	28656
FGFBP3	143282
CELA1	1990
TRMT10C	54931
PHOSPHO2	493911
PIGK	10026
SNUPN	10073
VPS35	55737
DDX50	79009
ORC4	5000
RNPEPL1	57140
CROCC	9696
SDCBP2-AS1	100507495
LATS1	9113
FAM117A	81558
ZNF581	51545
API5	8539
SESN1	27244
PFDN4	5203
RPUSD3	285367
COPS7B	64708
SFT2D3	84826
HEATR5B	54497
RFFL	117584
IGSF9B	22997
F2RL1	2150
RILPL2	196383
KNOP1	400506
NUDT7	283927
DNAH6	1768
FRYL	285527
KLHDC7B	113730
FCHO1	23149
TRAPPC2	6399
PURA	5813
ZNF397	84307
ZNF586	54807
PAIP2	51247
GABARAPL2	11345
PCBP4	57060
RBM15B	29890
ASB7	140460
FAHD2B	151313
DHRS12	79758
FAM110A	83541
LINC00891	441501
AP1M1	8907
KDF1	126695
ZNF33A	7581
NUP88	4927
PERP	64065
RPAP2	79871
SPSB2	84727
SMARCC2	6601
OMA1	115209
EML3	256364
ITFG2-AS1	283440
DCAKD	79877
RANBP6	26953
ZNF816	125893
STK26	51765
CALM3	808
SPON1	10418
TMEM250	90120
MTA3	57504
SNRNP48	154007
CARD8-AS1	100505812
HS3ST3B1	9953
CHMP3	51652
ELAVL1	1994
SBNO1	55206
LIPT1	51601
C3orf18	51161
TRBV5-4	28611
SGSM3	27352
SLC35D2	11046
ADAM23	8745
LRRC8C-DT	400761
C1orf35	79169
QRICH1	54870
LCMT1	51451
HCLS1	3059
UMAD1	729852
MRPS30	10884
ZNF329	79673
GMCL1	64395
AKAP1	8165
MAPK13	5603
ST3GAL3	6487
WDR86	349136
PET117	100303755
PPP2R2D	55844
COPS5	10987
PXYLP1	92370
TXNDC9	10190
CCDC71	64925
RASA4B	100271927
LAS1L	81887
LY75	4065
CENPT	80152
NFATC2IP	84901
LIG1	3978
ANKMY1	51281
EEPD1	80820
LINC01011	401232
TDP1	55775
HEMGN	55363
TMEM209	84928
NT5C3B	115024
MBP	4155
STX2	2054
BHLHE40-AS1	100507582
SPNS3	201305
DCAF16	54876
NFRKB	4798
TRAV18	28665
HERC6	55008
VAMP1	6843
POLD2	5425
SNAPC5	10302
ANKRD16	54522
BDH2	56898
UBL3	5412
RNPC3	55599
NCOA5	57727
CNKSR2	22866
TYW1	55253
TBC1D13	54662
METTL14	57721
PRDM8	56978
KIAA0586	9786
TMIGD2	126259
SMIM19	114926
ALDH9A1	223
ZNF718	255403
PDHB	5162
ZBTB2	57621
DIP2B	57609
GLS2	27165
ALG11	440138
SF3B4	10262
TMEM256-PLSCR3	100529211
GOT2	2806
ELAC2	60528
APEH	327
NELFCD	51497
IRAK4	51135
RLN2	6019
MRPL48	51642
IFNG-AS1	100885789
TRBV11-3	28580
NDUFA5	4698
KYAT1	883
TRBV21-1	28566
MRM1	79922
TRAV30	28652
LRRC8C	84230
RPP25L	138716
MAD2L1	4085
RFESD	317671
CACNA1I	8911
CSTF2T	23283
TRMT13	54482
UTP25	27042
YTHDF2	51441
YBEY	54059
EXOC4	60412
FUT8-AS1	645431
EIF2B1	1967
OSER1-DT	100505783
KAT6A	7994
DYNLT3	6990
AIMP1	9255
SHQ1	55164
ZNF75D	7626
NUP54	53371
CCR2	729230
CMAS	55907
MAGEE1	57692
GTSCR1	220158
TRIM28	10155
NUDCD3	23386
TRBV11-2	28581
ZNF251	90987
EIF4EBP3	8637
MRPL17	63875
TADA3	10474
MALINC1	100505636
GAR1	54433
TMUB1	83590
TATDN1	83940
TLNRD1	59274
TSPOAP1-AS1	100506779
RARS2	57038
TCAF2C	100533814
POLR2I	5438
TRPC1	7220
CGRRF1	10668
GEMIN4	50628
ARHGEF6	9459
ZNF485	220992
HSPB1	3315
ATXN10	25814
CACNA1C-AS1	100652846
TRAV1-1	28693
MID2	11043
LINC01311	100652736
RAB28	9364
ZNF131	7690
GRPEL2	134266
DNPH1	10591
ZNF213-AS1	100507458
LPIN2	9663
ELK4	2005
GPC2	221914
TMEM69	51249
GSTM2	2946
RBBP4	5928
SMIM8	57150
MICU3	286097
CDPF1	150383
EVA1C	59271
NR2C1	7181
ZNF30	90075
TMEM129	92305
ERCC6L2	375748
FBXL22	283807
MRPS25	64432
TRBV6-6	28601
ZBTB14	7541
YWHAQ	10971
SLC27A5	10998
VMAC	400673
HSPA1L	3305
ZNF408	79797
RNASEH2B	79621
ZFAND4	93550
SPOUT1	51490
PSMD6	9861
RETREG2	79137
CSTF2	1478
ZNF174	7727
BOLA1	51027
NPRL2	10641
ZNF831	128611
TRBV12-4	28576
VEZF1	7716
ZNF519	162655
ZNF550	162972
STAM	8027
PRPF18	8559
PDCD10	11235
HSF5	124535
NOL4L	140688
ICE2	79664
ANKEF1	63926
ENO1	2023
FAM219B	57184
RAB11FIP5	26056
RSRP1	57035
NHLRC4	283948
ATP5PO	539
MIATNB	102724827
LYPD3	27076
XKR6	286046
ZFYVE27	118813
SCOC	60592
TRBV7-3	28595
TIPARP-AS1	100287227
P2RY10	27334
ZNF626	199777
ZSWIM1	90204
GKAP1	80318
SURF2	6835
TMEM154	201799
SP2	6668
RTP4	64108
CRB3	92359
PTPN4	5775
MED11	400569
TRAV5	28688
COG1	9382
BMI1	648
OTUD6B-AS1	100506365
RORC	6097
ZNF780B	163131
NARS2	79731
AIRE	326
CEP19	84984
TRIM11	81559
LINC00921	283876
ZC3HAV1	56829
RICTOR	253260
IGSF22	283284
ZNF691	51058
HINFP	25988
MRPL49	740
CCNI2	645121
FBXL4	26235
SCYL3	57147
FOXN2	3344
ACBD4	79777
FAF1	11124
PAPOLG	64895
EXOSC6	118460
CTDSP2	10106
MTERF1	7978
RPAP3	79657
NUDT5	11164
SLC25A15	10166
IGFBP3	3486
MCCC1	56922
FASTKD5	60493
ZNF398	57541
STX18-AS1	100507266
INTS6-AS1	100507398
LRFN3	79414
ABCB7	22
CCDC141	285025
TMEM120B	144404
NOMO2	283820
BFAR	51283
NUCB2	4925
GPKOW	27238
PLAG1	5324
GCLM	2730
TMEM169	92691
PCNX2	80003
AFF1	4299
CERNA1	100129973
SCLY	51540
KIZ	55857
PRMT3	10196
ZNF564	163050
CSTF3	1479
BCAT2	587
ARHGEF5	7984
MMP28	79148
TMEM263	90488
HEMK1	51409
TRAV19	28664
PUS7L	83448
CD59	966
PLLP	51090
ZNF568	374900
ALS2CL	259173
TRBV14	28573
PM20D2	135293
SCFD2	152579
PPP2R5C	5527
ZNF182	7569
FBXO34	55030
ZC3H8	84524
XPNPEP3	63929
DTD2	112487
CRYZ	1429
MPLKIP	136647
TYSND1	219743
PHF7	51533
ARMCX5	64860
BTN3A3	10384
HSF1	3297
GCFC2	6936
ATF6B	1388
ZNF3	7551
ZFC3H1	196441
PMCH	5367
RNF44	22838
TMEM267	64417
ZNF274	10782
PIM3	415116
NTPCR	84284
FAM169A	26049
SPIN3	169981
ZNF7	7553
RETREG3	162427
ZNF439	90594
DHRS1	115817
HYKK	123688
FBXO22	26263
PRRT1	80863
RBM26-AS1	100505538
RABL2B	11158
FAM111A-DT	101927204
NR2F6	2063
PLEKHG5	57449
TUBE1	51175
FAM201A	158228
HAUS5	23354
SLC25A42	284439
GTPBP8	29083
DMTN	2039
GCDH	2639
TMEM245	23731
ZNF740	283337
ZMAT1	84460
IRF2BP1	26145
HAR1A	768096
C10orf88	80007
GCNT4	51301
PPIE	10450
HDHD2	84064
KANK1	23189
MRPL24	79590
SWSAP1	126074
SCAMP3	10067
PYROXD1	79912
KALRN	8997
RRN3	54700
TRERF1	55809
LINC01876	101929378
NCAPD2	9918
SNPH	9751
SLC5A2	6524
C2orf74	339804
ZNF324	25799
ZNF692	55657
MOGS	7841
ZNF226	7769
UBASH3B	84959
YRDC	79693
ZNF445	353274
PARD6A	50855
SIRT7	51547
LTBP3	4054
NIF3L1	60491
ZNF623	9831
ACVR2B	93
VIM-AS1	100507347
ZNF200	7752
HSD17B8	7923
ZNF17	7565
ZFP37	7539
ZNF383	163087
USP1	7398
ALKBH2	121642
POLG2	11232
LINC02295	105370652
THAP7-AS1	439931
ZNF230	7773
C6orf136	221545
RBM34	23029
TRDV1	28518
CTDSP1	58190
PFN2	5217
EXOC2	55770
FSBP	100861412
LINC01727	101929625
ARL10	285598
DMAP1	55929
SLC10A3	8273
WDR76	79968
BCL9L	283149
TBC1D15	64786
TRAV39	28642
HIRIP3	8479
UBE3D	90025
ZCCHC3	85364
ZNF431	170959
GP5	2814
WDR5B	54554
ARHGAP1	392
KDM8	79831
C11orf68	83638
ZNF658	26149
LARGE2	120071
SH3GLB2	56904
MORC3	23515
ITGB3BP	23421
TMEM60	85025
ZNF460	10794
DUSP16	80824
TRAF5	7188
RNF10	9921
LGALS8	3964
MINDY1	55793
VDAC3	7419
PIK3R4	30849
ZNF573	126231
USP39	10713
CEP70	80321
TMEM168	64418
IDH3B	3420
PRKD2	25865
ASB16-AS1	339201
LIMK2	3985
RECK	8434
ZNF345	25850
ZNF84	7637
POLR2D	5433
LYPLA2	11313
SCMH1	22955
AAAS	8086
GTF2H3	2967
ZNF286A	57335
SEC31B	25956
SAAL1	113174
NIT2	56954
ZNF764	92595
C10orf143	387723
COPS6	10980
ZNF395	55893
UBQLN1	29979
MYO1G	64005
TRMT2A	27037
SLC35F3	148641
ST8SIA1	6489
MRPL30	51263
DLEC1	9940
ZNF681	148213
USP46	64854
ZNF606	80095
RABL2A	11159
GFM1	85476
MRPL42	28977
PRRC2A	7916
SHLD2	54537
TWF2	11344
ENO1-AS1	100505975
ANKAR	150709
TKTL1	8277
SLC35E2B	728661
FBXL14	144699
PIP4P1	90809
RCL1	10171
MORF4L1	10933
ARSK	153642
GNL3L	54552
GDPD5	81544
HDHD5	27440
CETN3	1070
SARDH	1757
PIK3R5	23533
TRMU	55687
L3MBTL3	84456
RNF166	115992
NCOA7	135112
RGPD1	400966
NDUFAF4	29078
SIDT1	54847
ZNF770	54989
LIPT2	387787
RBM11	54033
MRTO4	51154
PSMA5	5686
CCDC152	100129792
TAF8	129685
ASNS	440
RPP21	79897
PFDN1	5201
GATD1	347862
BAG5	9529
C2CD4D	100191040
ACSM3	6296
RAD51C	5889
NMD3	51068
ESPN	83715
DLGAP1	9229
HELQ	113510
MBLAC2	153364
LACTB2-AS1	286190
DNAI2	64446
GEMIN8	54960
TMEM128	85013
ZXDB	158586
ZNF76	7629
ZNF136	7695
PHC1	1911
FAM78A	286336
CDK5RAP1	51654
HTD2	109703458
HLA-F	3134
USP13	8975
MLH3	27030
CKMT2-AS1	100131067
KTN1-AS1	100129075
TMPO	7112
SUN1	23353
TCEANC	170082
RPP38	10557
TRIM16	10626
DPH7	92715
RAD51B	5890
HBS1L	10767
FABP1	2168
IL6R-AS1	101928101
PF4	5196
BOD1	91272
RBM3	5935
DKC1	1736
KTI12	112970
NAA16	79612
FIP1L1	81608
ROPN1L	83853
PELP1	27043
ZNF569	148266
GCHFR	2644
ZGPAT	84619
TDP2	51567
ZNF575	284346
ZNF671	79891
TSPAN2	10100
MOCS3	27304
XYLT2	64132
OST4	100128731
KLHL34	257240
RAB43	339122
OXSM	54995
SCAPER	49855
TAF6	6878
TRIM23	373
RNF212	285498
HEATR6	63897
CHMP4A	29082
DDHD2	23259
ZNHIT2	741
B3GALT2	8707
MORC4	79710
ZNF551	90233
FIS1	51024
MAMSTR	284358
NFYC-AS1	100130557
RORA-AS1	101928784
TPTEP2-CSNK1E	102800317
MATN1-AS1	100129196
FAM66B	100128890
B3GALT4	8705
EPPK1	83481
UNC45A	55898
GNG8	94235
ZMYND11	10771
KLHL11	55175
OTUD7A	161725
CNTRL	11064
FAM120C	54954
CHST14	113189
ERVMER61-1	339476
C8orf44	56260
GALNT12	79695
LINC01725	101927587
MDH2	4191
GLMN	11146
EDAR	10913
CROT	54677
TBCK	93627
RYK	6259
ACTL10	170487
KDM3A	55818
BEX5	340542
SFXN2	118980
HBA1	3039
ADAMTSL5	339366
COMMD2	51122
ANKRD46	157567
MRPL44	65080
PGRMC2	10424
FAM89A	375061
GPS2	2874
PKM	5315
MAPK11	5600
RNF31	55072
CRYBG2	55057
KRTCAP3	200634
NOS3	4846
BRD8	10902
LDB1	8861
ZNF649	65251
PDK3	5165
ZNF792	126375
SUMO4	387082
ZC2HC1A	51101
GPD1L	23171
SNHG19	100507303
VAPB	9217
IL11RA	3590
SPPL3	121665
LHPP	64077
GPALPP1	55425
GSTM1	2944
PPP3CB	5532
TGDS	23483
JMJD4	65094
TRIM59	286827
NSUN6	221078
LINC01825	124908063
NIP7	51388
ILF3	3609
MAD2L1BP	9587
SH3KBP1	30011
EXD3	54932
ATG9A	79065
DPH6	89978
TRBV27	28560
SDR42E1	93517
ZNF790	388536
ZNF263	10127
GID8	54994
RPTOR	57521
ANKRD36C	400986
ZBTB7B	51043
GFOD2	81577
NDUFA10	4705
ATP5IF1	93974
TIGIT	201633
SLC9B2	133308
ACTR3C	653857
XRRA1	143570
ZNF837	116412
CCNB1IP1	57820
MFF	56947
PDXP	57026
ZNFX1	57169
RPRD1A	55197
PNMA5	114824
SH3GL1	6455
PLEKHG4	25894
PPP4R3B	57223
TDRKH	11022
CCDC61	729440
TRAV24	28659
EID2	163126
CCZ1B	221960
B4GALNT3	283358
LINC00544	440131
CAD	790
HYI	81888
HK1	3098
ZNF781	163115
PIANP	196500
TSFM	10102
TBC1D19	55296
SAP130	79595
CYB5D2	124936
ZCCHC8	55596
SYNE3	161176
MAP7D3	79649
NFS1	9054
FBXO4	26272
DSC1	1823
PSAT1	29968
FAM153B	202134
CCDC85C	317762
MARS2	92935
TIMM22	29928
AASDHPPT	60496
PIGH	5283
SRFBP1	153443
BBIP1	92482
KRT73	319101
RFX3	5991
ZNF891	101060200
ZNF814	730051
CHN1	1123
FOXK1	221937
PRPF39	55015
SLC29A2	3177
RRAGA	10670
TRBV7-6	28592
SLC4A5	57835
RMRP	6023
FALEC	100874054
USP44	84101
PNPLA7	375775
RRAGB	10325
ABHD3	171586
PHF23	79142
TGFB1	7040
HBA2	3040
MRPL3	11222
MRPS5	64969
ZBTB11	27107
DGAT1	8694
AMZ2	51321
FUT8	2530
PDF	64146
NAP1L3	4675
TTC22	55001
SLC12A9-AS1	105375430
PRELID3B	51012
POLR2B	5431
DENND6A	201627
ZNF554	115196
TAF4B	6875
KIAA1328	57536
TRNAU1AP	54952
SPEF2	79925
COX19	90639
ZNF574	64763
GPR55	9290
SLC5A5	6528
ZSWIM5	57643
CHIC1	53344
EMG1	10436
GBP1	2633
NCBP2	22916
NET1	10276
ZNF354B	117608
ORC2	4999
RNF125	54941
ZNF566	84924
CALY	50632
EBAG9	9166
PWP2	5822
DLG1	1739
TEFM	79736
SACS	26278
GBP5	115362
TPGS1	91978
FAM227B	196951
ZNF256	10172
LINC02520	100505530
TPK1	27010
PHAX	51808
DCAF4	26094
WDR6	11180
KLHDC1	122773
ZNF365	22891
ZNF576	79177
ZNF823	55552
ZNF92	168374
BTBD6	90135
LRRC41	10489
ZNF747	65988
MKS1	54903
MYB	4602
WBP11	51729
MED18	54797
RNF167	26001
LINC00526	147525
LINC00685	283981
ZNF134	7693
SON	6651
RAB25	57111
PDIK1L	149420
ZNF8	7554
LRRC14	9684
RBM22	55696
ZBED5-AS1	729013
GOLGA7B	401647
LENG8-AS1	104355426
TRBV11-1	28582
ADHFE1	137872
IPO5	3843
PGAM5	192111
COIL	8161
SEMA4F	10505
ARRDC2	27106
POC5	134359
KBTBD3	143879
SMIM33	111064649
FAM66C	440078
B4GAT1	11041
ZNF682	91120
ALDH18A1	5832
POLDIP3	84271
SYNGAP1-AS1	112390310
MRPL23	6150
ITGB1BP1	9270
ALG6	29929
ELOVL4	6785
L3HYPDH	112849
HDAC4	9759
ZDHHC2	51201
LMBRD2	92255
C9orf40	55071
RBBP5	5929
EDC4	23644
PODXL2	50512
NUP37	79023
LMBRD1	55788
ZNF286B	729288
BCL7C	9274
TIRAP	114609
UTP14A	10813
ZKSCAN4	387032
SALL2	6297
MED17	9440
VPS4A	27183
ZBTB39	9880
ZSCAN32	54925
GSDMD	79792
INPP4A	3631
HDAC3	8841
SUV39H1	6839
PRRT3	285368
PRMT1	3276
CBX5	23468
RHBDL1	9028
TRBJ2-1	28629
GTSF1	121355
CPA5	93979
PRKCZ	5590
TRIB3	57761
ANP32E	81611
HDGFL2	84717
SMYD5	10322
ZMYM1	79830
SLC25A26	115286
REXO4	57109
ZBTB3	79842
METTL8	79828
SNURF	8926
SWT1	54823
PIGV	55650
SETD6	79918
REEP6	92840
EID3	493861
KBTBD6	89890
HCN2	610
PLPP1	8611
GNPDA2	132789
ARID4A	5926
ATP6V0E2-AS1	401431
SLC44A3	126969
ZNF512B	57473
ALOX12-AS1	100506713
SPOP	8405
RAB3GAP1	22930
MCM3AP-AS1	114044
KLHL3	26249
PRKN	5071
ZXDA	7789
POC1B-GALNT4	100528030
ZBTB6	10773
CCT2	10576
CENPC	1060
SERINC3	10955
TRMT11	60487
TARBP1	6894
PAXX	286257
TRBV10-2	28584
ANKRD31	256006
PTPDC1	138639
ASTN2	23245
ZNF257	113835
HDAC2	3066
VPS13D	55187
ALKBH4	54784
LINC00662	148189
PITPNB	23760
KCNK12	56660
TAB1	10454
IGFL2	147920
ZNF212	7988
CPOX	1371
MCOLN3	55283
TMEM143	55260
COQ4	51117
UBE2J2	118424
OGG1	4968
ZNF696	79943
AGER	177
DLK2	65989
NAP1L2	4674
RAVER1	125950
ZNF567	163081
DUS4L	11062
PEX1	5189
PRR34	55267
NNT-AS1	100652772
ITPR3	3710
ZNF599	148103
PKD2L2	27039
PRAG1	157285
FCF1	51077
ZFP64	55734
TMEM50B	757
EIF2S2	8894
USP9Y	8287
DPF2	5977
HAT1	8520
PARD6B	84612
CHRNB1	1140
NEDD1	121441
FOCAD	54914
THAP6	152815
FBF1	85302
PRPF3	9129
AHCYL2	23382
ZC4H2	55906
ZNF232	7775
BCL2L15	440603
LINC00663	284440
NYAP1	222950
DVL2	1856
BCL9	607
TRBV25-1	28562
LTB4R2	56413
PRKRIP1	79706
PAXIP1-AS2	100132707
HGH1	51236
FAM98B	283742
KRR1	11103
SCML1	6322
DDX19A	55308
CRTC1	23373
MIR4458HG	100505738
EBLN3P	100506710
APPBP2	10513
C12orf43	64897
TXNL1	9352
PTBP2	58155
RALA	5898
TIA1	7072
TRBV10-1	28585
CENPH	64946
RNF138	51444
ANKRD36	375248
ARHGEF19	128272
SLC35B3	51000
SH3BP5-AS1	100505696
BRF2	55290
HACD3	51495
TIGD7	91151
OR2A1-AS1	101928492
ZSCAN16	80345
LINC01521	54944
MIPEP	4285
TSPAN15	23555
HAVCR1	26762
ZNF665	79788
URB1	9875
CREBRF	153222
MYO16	23026
FASTKD2	22868
TRIM2	23321
TNFAIP8L1	126282
SBK1	388228
MB21D2	151963
DMRTC1	63947
PRKCI	5584
MOSMO	730094
ZIK1	284307
METTL4	64863
TBCE	6905
TTI2	80185
R3HDM2	22864
DIS3L2	129563
NUP155	9631
HPS4	89781
PARS2	25973
ZFP69	339559
ZNF724	440519
MRRF	92399
SMARCE1	6605
TNRC6B	23112
ZNF596	169270
KCTD18	130535
LIN52	91750
POMT1	10585
LINC01644	101927722
MIEF1	54471
TMEM259	91304
PROSER3	148137
ANKRD10	55608
CSKMT	751071
CDCA7	83879
IKZF2	22807
DHFR2	200895
KDM4A-AS1	100132774
CDC37L1-DT	101929351
B3GALT6	126792
ZNF211	10520
POGLUT1	56983
DDX39B	7919
TRIM65	201292
FAM66D	100132923
RRP9	9136
MMAB	326625
ZBTB9	221504
LINC00896	150197
PTER	9317
CDO1	1036
IZUMO4	113177
MALSU1	115416
MTERF2	80298
MOB2	81532
ALDH5A1	7915
MTRF1	9617
RCN2	5955
TAF1A-AS1	100506161
SPATA6L	55064
SPAG16	79582
NEURL1	9148
TRBJ2-5	28624
ZNF773	374928
GTPBP4	23560
NUP133	55746
NT5E	4907
ADAT2	134637
TRBV5-6	28609
AGK	55750
MCF2L-AS1	100289410
OLFM4	10562
LINC02482	105374366
FAM241A	132720
LINC01355	100996511
ZNF446	55663
ZNF839	55778
SELENOH	280636
OGFOD1	55239
ANKS1B	56899
WIPI2	26100
ZNF461	92283
PTCD3	55037
ANK1	286
PELI3	246330
RIC8B	55188
RABEPK	10244
ZMYND19	116225
ZNF346	23567
ZFP30	22835
KRT72	140807
METTL16	79066
UBOX5	22888
IP6K1	9807
CMSS1	84319
LMF2	91289
SEC14L2	23541
DUS3L	56931
SYNPO2	171024
ZNF830	91603
VPS28	51160
ZNF793	390927
RIMBP3	85376
INTS2	57508
MYEF2	50804
ALKBH8	91801
SLC14A1	6563
IMMP1L	196294
KRIT1	889
PARP1	142
MED9	55090
SV2A	9900
NEMF	9147
C14orf132	56967
PRPF40B	25766
RPAIN	84268
EGLN3	112399
ZKSCAN8	7745
RPP40	10799
PRG4	10216
TTF1	7270
ZNF2	7549
PTAR1	375743
AZIN2	113451
SMIM1	388588
PDP1	54704
DEDD	9191
HNRNPR	10236
ANKRD34A	284615
CARMIL1	55604
C10orf95	79946
CCDC25	55246
LZTS3	9762
FXR1	8087
RSBN1L	222194
ZNF714	148206
ZNF324B	388569
NLRP6	171389
KRT18	3875
ZNF69	7620
MED23	9439
MTHFSD	64779
PI4K2B	55300
ZNF529	57711
ABCA5	23461
ZNF486	90649
ZNF717	100131827
PITPNM2	57605
ZDHHC15	158866
KCTD21-AS1	100289388
RUNX2	860
HERC3	8916
CCDC136	64753
POLM	27434
ZNF93	81931
MTERF3	51001
CDK20	23552
DCAF11	80344
FGFR1OP2	26127
HYLS1	219844
IRS1	3667
SORCS3	22986
CARF	79800
LINC02447	730971
ZNF227	7770
MTMR1	8776
LIN9	286826
FAM239A	101930105
CREBL2	1389
FANCE	2178
ZNF354C	30832
RNF157-AS1	100507218
CDK8	1024
ACTR3B	57180
HPRT1	3251
PUS3	83480
ZNF789	285989
ASAH2B	653308
FITM2	128486
PRKAA1	5562
ZMAT3	64393
MON1A	84315
UFD1	7353
INTS12	57117
CXCR5	643
SLAMF6	114836
SEC22A	26984
HIBCH	26275
CLMP	79827
PEX10	5192
EIF3CL	728689
DAB1	1600
MSMO1	6307
C22orf15	150248
POMK	84197
ANO8	57719
HOMEZ	57594
GIN1	54826
LYSMD4	145748
TDRKH-AS1	109729141
PEX5	5830
XPO4	64328
LINC02100	107986408
SOX8	30812
NLRC5	84166
DACT1	51339
GOLPH3L	55204
C5orf34	375444
ALDH6A1	4329
GEMIN5	25929
RGPD2	729857
MRM2	29960
CASTOR2	729438
TUBB1	81027
TPO	7173
TCEAL2	140597
ZC3H14	79882
DICER1-AS1	400242
SLC20A2	6575
FAM222B	55731
ZNF79	7633
EXPH5	23086
GLRX	2745
ZNF260	339324
PRMT6	55170
ZNF443	10224
CDNF	441549
CRY1	1407
FGF14-AS2	283481
NDUFAF2	91942
HDHD5-AS1	100130717
PCNX1	22990
FAM161B	145483
NPAS2	4862
THAP3	90326
ZBTB20	26137
SSTR3	6753
FANK1	92565
ZFYVE9	9372
DCAF17	80067
SAXO2	283726
MAP9	79884
AMN	81693
WDR53	348793
NFX1	4799
AGA	175
RNF175	285533
ZNF320	162967
PSD	5662
DFFB	1677
TRBV7-7	28591
EIF2S1	1965
FLYWCH1	84256
PIGP	51227
LMBR1	64327
LYPLAL1-DT	643723
SLC5A10	125206
GLB1L3	112937
XRCC1	7515
ZNF419	79744
ZNF470	388566
HRH4	59340
FN3K	64122
EFCAB7	84455
POT1-AS1	401398
PCSK5	5125
TRAV40	28641
CYP2D6	1565
GCAT	23464
RASEF	158158
TMEM147-AS1	100506469
UTP18	51096
NUDCD1	84955
ADD2	119
ZNF616	90317
ZNF74	7625
GEMIN6	79833
CAMK2N1	55450
LINC02328	101928767
ZNF132	7691
KATNB1	10300
TRBV1	28621
PLEKHN1	84069
NOP14-AS1	317648
TSHR	7253
UTP15	84135
NUPR2	389493
OGFRP1	388906
NRTN	4902
DMGDH	29958
RBM45	129831
EIF2B5	8893
CCDC120	90060
OCM	654231
ARRDC1-AS1	85026
UFSP1	402682
DNAJC16	23341
LINC02211	105374693
TMEM14A	28978
PM20D1	148811
MADCAM1	8174
WDCP	80304
OXT	5020
ZNF813	126017
ARMC7	79637
ZNF726	730087
BAG2	9532
LRRC56	115399
ZNF492	57615
EPM2A	7957
MYCBPAP	84073
LTK	4058
C19orf73	55150
ANKRD18A	253650
SEMA6C	10500
TRMT61B	55006
IPO4	79711
ZDBF2	57683
RTCA-AS1	100506007
DDX51	317781
FAN1	22909
ZNF497	162968
TENM1	10178
LINC02332	105370400
ZNF510	22869
CPLANE2	79363
SMYD4	114826
ZNF160	90338
PTGDR2	11251
DLGAP4-AS1	101926987
USP30	84749
PLSCR2	57047
BTN3A1	11119
ADCK5	203054
ZC3HC1	51530
C17orf100	388327
ZNF610	162963
RANGRF	29098
ZNF66	7617
PRR29	92340
ZNF879	345462
SPSB1	80176
PPIAL4G	644591
BLMH	642
FAM215A	23591
CAND2	23066
HPF1	54969
MAGI3	260425
TRBJ2-3	28626
KISS1R	84634
GOLGA6L9	440295
RXRB	6257
PLS1	5357
CFH	3075
ZNF594	84622
OVCH1-AS1	101055625
HMGB1	3146
KIFC2	90990
RAD54B	25788
CDK5R1	8851
LZTS2	84445
MAPT	4137
HLA-B	3106
PXMP2	5827
MCM9	254394
ATP8A2	51761
UBE2H	7328
MMS22L	253714
EDN3	1908
ZNF546	339327
PRR29-AS1	400612
ARL17B	100506084
NRG2	9542
MCF2L	23263
LINC00342	150759
F8A2	474383
ALG8	79053
RB1-DT	100862704
VTA1	51534
EXOSC2	23404
ZNF391	346157
GART	2618
FTSJ3	117246
MT1X	4501
UMODL1	89766
LMOD3	56203
MRPL37	51253
TRAV34	28648
DHODH	1723
SETD1B	23067
RFPL2	10739
EFHC2	80258
PF4V1	5197
SPATA24	202051
GDF10	2662
CCT6A	908
NECAB3	63941
SHPK	23729
SERPINB9P1	221756
HOXB-AS1	100874362
GRAPL	400581
PRR3	80742
SCAMP2	10066
LOXL1	4016
KLHL32	114792
ZNF155	7711
RWDD2A	112611
EXOSC10	5394
LMNTD2	256329
SLC30A6	55676
HDAC11	79885
SSH3	54961
KANTR	102723508
ZNF460-AS1	105372476
B3GNT3	10331
ZSCAN26	7741
ZNF709	163051
TRBV7-4	28594
ZNHIT6	54680
TRBJ2-2	28628
ANKRD44	91526
ZNF662	389114
RAB6A	5870
ZNF234	10780
ERBB3	2065
EMC2	9694
CHCHD6	84303
TNNC1	7134
CFDP1	10428
TRIAP1	51499
ZNF525	170958
DPYSL4	10570
MDGA1	266727
LRRIQ3	127255
GLIPR1L2	144321
MTMR8	55613
GSDMB	55876
TSKS	60385
F8A3	474384
HCG27	253018
SMPD4	55627
TRBV12-5	28575
CUBN	8029
BNIP1	662
NOLC1	9221
LRIG2	9860
GNL3	26354
TCFL5	10732
CEP72	55722
FZD6	8323
RPA3	6119
RHBDD2	57414
KLF9	687
C2orf15	150590
KRT2	3849
HAP1	9001
DTD1	92675
ZCWPW1	55063
RABL3	285282
ZNF688	146542
LINC02313	105370439
KLHDC10	23008
FKRP	79147
TTC5	91875
SCML2	10389
RNFT2	84900
ECI2	10455
MTO1	25821
UQCC3	790955
GRK5	2869
SKP2	6502
OBSCN-AS1	574407
SENP3	26168
FAM218A	152756
BORCS8-MEF2B	4207
TBC1D25	4943
PRKG2	5593
PDCL	5082
TRIM27	5987
LINGO3	645191
MOSPD1	56180
DEFA4	1669
TMEM41A	90407
FBXO8	26269
NCBP1	4686
IPP	3652
ZNF835	90485
ORC3	23595
MICALL1	85377
SUMO1	7341
ACSS1	84532
SELP	6403
MSTO1	55154
TMEM117	84216
GATA3-AS1	399717
PPP1R3D	5509
TRBV23-1	28564
TUBGCP4	27229
ERP27	121506
LIPC	3990
TFR2	7036
B3GNT4	79369
GP9	2815
SMG8	55181
SIRT4	23409
ZNF396	252884
FMO4	2329
KCNH2	3757
PHLDB3	653583
RTN4RL1	146760
ZNF865	100507290
FBXO24	26261
ADAMTS10	81794
FLNB	2317
LINC01976	107546764
UPRT	139596
TTLL11	158135
MTRNR2L8	100463486
SEMA4G	57715
MACROD1	28992
WNT1	7471
LINC02531	105377896
LINC00511	400619
MORF4L2-AS1	340544
ZBTB45	84878
ACTR5	79913
ZBTB20-AS4	100874131
LINC02076	400579
MORN4	118812
DHX30	22907
PPOX	5498
TMEM115	11070
HLF	3131
CAPN7	23473
SP140	11262
C6orf163	206412
CYP2J2	1573
RNF20	56254
PAQR3	152559
EPM2AIP1	9852
FBXO2	26232
ZNF202	7753
WAPL	23063
TWNK	56652
PTCD2	79810
SMAD2	4087
PRSS53	339105
DMRTC1B	728656
TESC-AS1	101928244
U2AF2	11338
LSM11	134353
PLGRKT	55848
LINC02014	105374105
LINC01003	100128822
GPR174	84636
SMAD4	4089
SNHG4	724102
BDNF-AS	497258
LZTS1	11178
TAS2R4	50832
ZNF500	26048
MAP1A	4130
ZNF786	136051
JMJD7	100137047
ZNF544	27300
ZNF23	7571
TSPAN10	83882
ST8SIA6	338596
ZNF841	284371
PRSS21	10942
DPY19L4	286148
BPNT1	10380
PPP4R4	57718
CTRL	1506
EDDM13	100506374
GJB6	10804
TMSB15B	286527
ZNF71	58491
KLHL26	55295
YARS2	51067
LINC01144	400752
ARID2	196528
LINC00886	730091
ARRDC1	92714
ASB16	92591
FSTL4	23105
PVRIG	79037
SETD5	55209
LINC01765	105378916
MAST4-AS1	101928794
TRIM14	9830
ZFR2	23217
ARHGAP5	394
HSD11B1	3290
SAXO1	158297
NEDD8-MDP1	100528064
PIDD1	55367
C12orf42	374470
ZNF273	10793
ZNF248	57209
TMPO-AS1	100128191
EML5	161436
WBP2NL	164684
ENTPD1-AS1	728558
STX1B	112755
IFT140	9742
C17orf75	64149
ABCD3	5825
MAP3K6	9064
COQ3	51805
GPATCH1	55094
SAMD12	401474
THEM6	51337
UNC5CL	222643
GTSF1L	149699
PLEKHA7	144100
DYM	54808
GRTP1	79774
TRBJ1-1	28635
SCART1	619207
C3orf52	79669
MAFTRR	102467146
INTS4	92105
ATP13A4	84239
TMEM132E	124842
NMU	10874
SPDYE3	441272
RAB11FIP4	84440
RPS6KL1	83694
LKAAEAR1	198437
CTXN2	399697
FAM224B	401629
ZNF559	84527
NOL12	79159
IGF1R	3480
FAM86B1	85002
GNRH1	2796
RTL10	79680
EPB41L5	57669
PANK4	55229
PPP2R3B	28227
TAF1A	9015
ZNF736	728927
LY6G5C	80741
PTPN3	5774
TINF2	26277
FBXW9	84261
L3MBTL1	26013
IL7	3574
NRN1L	123904
MAP3K12	7786
ZNF233	353355
ZNF572	137209
CERS3	204219
LY6E-DT	100133669
ARHGEF4	50649
INSL3	3640
PARP12	64761
MRGBP	55257
OTOF	9381
POLRMT	5442
BNIPL	149428
FAM66A	100133172
IL18R1	8809
DHX35	60625
SCNN1A	6337
CCR8	1237
PIGB	9488
DDX19B	11269
ZMYM4-AS1	100861513
BBS9	27241
SERINC1	57515
WFIKKN1	117166
SARNP	84324
TRBJ2-7	28622
CFAP44	55779
NKPD1	284353
RBAK-RBAKDN	100533952
USP3-AS1	100130855
ABO	28
EIF4E	1977
PHF19	26147
SNTA1	6640
BCDIN3D-AS1	100286844
TTBK2	146057
PIGU	128869
AP3B2	8120
PNLDC1	154197
DNAH8	1769
SYCP2	10388
RFX8	731220
PIP5KL1	138429
MMP24	10893
TOM1L2	146691
ZFP36L2	678
ATP6V1G2	534
XPOT	11260
SLC26A4-AS1	286002
RIDA	10247
GTSE1-DT	150384
ZNF585B	92285
EXOSC7	23016
MYLK-AS1	100506826
GPR19	2842
IL2	3558
DPM3	54344
IARS2	55699
ANKS6	203286
GCNA	93953
SPX	80763
CERKL	375298
SAFB	6294
NCKIPSD	51517
DDX47	51202
TRIM31	11074
ZNF799	90576
SHPRH	257218
IQGAP2	10788
IGHV1OR15-1	388077
ZRANB2-AS1	100132618
CORO6	84940
ZNF579	163033
PTPN20	26095
RAP1GDS1	5910
CP	1356
GAREM2	150946
LCMT2	9836
RAB3A	5864
DMBT1	1755
EEF1A2	1917
CREBZF	58487
GCK	2645
VPS13A-AS1	100286938
RIMBP3B	440804
PAN2	9924
KIF5A	3798
DDX31	64794
HOXA1	3198
TP53	7157
TMEM9B-AS1	493900
LINC01291	102724515
CDKL4	344387
PARP3	10039
LINC02175	283887
RNF170	81790
PHF10	55274
ASCC2	84164
LLPH-DT	103625681
TBL3	10607
NCDN	23154
USP30-AS1	100131733
SFR1	119392
PPID	5481
TTC34	100287898
SNTG2	54221
ZNF280B	140883
IFT80	57560
TSPYL4	23270
TRBJ1-2	28634
EXD2	55218
SLC3A1	6519
ZSCAN20	7579
C20orf204	284739
TSACC	128229
CYSLTR2	57105
CRLS1	54675
MAN1B1-DT	100289341
RASSF1-AS1	102060282
MCMDC2	157777
JAKMIP3	282973
MPP2	4355
LPAR3	23566
ZNF223	7766
TRIM61	391712
S100A5	6276
MYOT	9499
ACOT6	641372
LGALS14	56891
MCF2L2	23101
CCDC38	120935
HIPK1-AS1	101928846
ENTPD4	9583
PEX26	55670
ZNF491	126069
TSSK3	81629
LINC02569	111082993
LINC00336	401253
AP4S1	11154
LINC01772	107984921
ZNF578	147660
ASB6	140459
ZNF584	201514
ACOT4	122970
LINC00469	283982
TRBJ2-6	28623
POU6F1	5463
RBM14-RBM4	100526737
ZBTB22	9278
SPDYE2B	100310812
UBAP1L	390595
NSUN3	63899
MMEL1	79258
FAM185A	222234
RTN4R	65078
TMEM272	283521
GAPDHS	26330
ALOXE3	59344
REG1A	5967
ABHD14A-ACY1	100526760
DOCK3	1795
RAB4B-EGLN2	100529264
TRIM66	9866
LINC02562	105377283
ZC3H3	23144
PRNCR1	101867536
FAM239B	729162
PRSS22	64063
KCNMB4	27345
LINC01281	286442
JPX	554203
FAM95C	100289137
ZFP69B	65243
GPLD1	2822
KCNK7	10089
RGPD3	653489
DNAJC18	202052
FTCD	10841
ABCF2	10061
SAMD10	140700
SPINT2	10653
RPRM	56475
PLPP2	8612
NIPAL1	152519
AKR1C2	1646
LYRM1	57149
TPM1-AS	111064646
CACNA1C-AS2	100874235
PRPSAP1	5635
C17orf67	339210
KANK3	256949
C19orf12	83636
NPHP3-ACAD11	100532724
WRAP73	49856
KLF5	688
PRPF31	26121
MAPK3	5595
BBOF1	80127
KLHL25	64410
PPIAL4C	653598
AQP10	89872
PKP3	11187
BISPR	105221694
TRBV15	28572
ATP10A	57194
ACBD3-AS1	107985353
OOEP	441161
UNC45B	146862
RFC5	5985
ALG1L2	644974
YJU2	55702
KCNA2	3737
OSGEPL1-AS1	101409258
MRPL2	51069
ZMIZ1-AS1	283050
USP27X	389856
WWC1	23286
TIGD4	201798
SIAH3	283514
TRAV8-5	28681
ZBTB11-AS1	100009676
PBDC1	51260
RSU1	6251
C9orf152	401546
TRAJ37	28718
IMPG2	50939
ZNF582	147948
HDAC11-AS1	100874101
LINC02018	107986100
HSD11B1L	374875
GPR135	64582
ZNF180	7733
ABCA3	21
TUBGCP5	114791
SLC9B1	150159
ZNF85	7639
TM7SF2	7108
RNF207	388591
VSIG8	391123
EFCAB6	64800
LINC01132	100506810
LINC01948	102467147
LINC01624	401289
LINC01980	105377007
TMEM40	55287
SLC22A23	63027
CLEC18B	497190
PAGE5	90737
IL21-AS1	100996941
BFSP2	8419
ABCB8	11194
GPR157	80045
BAIAP2L1	55971
ASB13	79754
PIGW	284098
PPA2	27068
ZNF18	7566
DEPDC4	120863
SLC17A3	10786
TKT	7086
AGGF1	55109
ZNF57	126295
SLC25A22	79751
MTMR4	9110
OCIAD1-AS1	100861517
C21orf91-OT1	246312
TRAPPC12-AS1	100861515
REELD1	345051
SLC5A4-AS1	110806273
TRAJ40	28715
BAAT	570
LINC01560	203414
SMARCA5-AS1	100128055
SHLD3	112441434
USH1C	10083
C12orf60	144608
SCRN2	90507
AKR1E2	83592
TFIP11	24144
CFLAR-AS1	65072
PITRM1-AS1	100507034
CPEB1	64506
LINC00910	100130581
JMJD7-PLA2G4B	8681
CUZD1	50624
LINC00235	64493
KCNQ2	3785
LINC00885	401109
TRBV16	28571
MEIOC	284071
RAD21-AS1	644660
RBM5-AS1	100775107
MBTPS1	8720
PPM1N	147699
ZFP2	80108
PNMA3	29944
CABP7	164633
TSNARE1	203062
TSC22D1-AS1	641467
CFAP70	118491
ARID3B	10620
LINGO4	339398
LHFPL5	222662
FREM3	166752
GLIPR1L1	256710
TRAJ22	28733
MASP2	10747
TRIM15	89870
LINC01833	107985879
FAM53A	152877
ITGB1BP2	26548
C9orf43	257169
HAS3	3038
ZNF337-AS1	102724826
GPX2	2877
HGD	3081
NAGPA-AS1	100507589
NEXMIF	340533
FAM85B	105379219
KRTAP16-1	100505753
NPRL3	8131
TMEM254-AS1	219347
ELP3	55140
FBXO48	554251
NDUFC2	4718
CELSR3	1951
NRL	4901
LINC01873	729348
ZNF850	342892
RAB40C	57799
GPR22	2845
NOXRED1	122945
RFPL3S	10737
DISP3	57540
ACTA2-AS1	100132116
CLC	1178
LHX1	3975
PDZK1IP1	10158
SIRT3	23410
WDR46	9277
TMEM106C	79022
AK9	221264
AGBL2	79841
CACNB3	784
ZC3H12D	340152
AP4B1-AS1	100287722
ARG1	383
TRAJ52	28703
TMPRSS11E	28983
STXBP5-AS1	729178
SMIM35	100526771
DCTN2	10540
TERC	7012
NBPF3	84224
PRKAR2A-AS1	100506637
LIX1-AS1	101926893
UBAC2-AS1	100289373
ZNF19	7567
IRGM	345611
PGBD2	267002
EPOR	2057
TAS2R30	259293
TAS2R20	259295
LINC00563	100861554
PRKCZ-AS1	100506504
TRAJ13	28742
NEK11	79858
PHF13	148479
GALNT8	26290
CYP3A5	1577
PPAN	56342
PDZD4	57595
CREG2	200407
CAMTA1-DT	110841581
LINC01123	440894
POU5F1B	5462
RNF103-CHMP3	100526767
SLC14A2	8170
LINC00853	100874253
PRRT4	401399
LINC01580	101927129
RASGRF2-AS1	102524628
ITPK1-AS1	319085
ZNF236-DT	100131655
C2orf92	728537
CFAP45	25790
ZNF32-AS1	414197
ALOX15	246
SLC35G5	83650
TRBJ1-5	28631
ZP1	22917
ACSBG1	23205
DNASE1	1773
WNT10B	7480
CHRNA10	57053
ZNF727	442319
C17orf78	284099
RSPH4A	345895
LEMD1	93273
NUCB1-AS1	100874085
TRMT10A	93587
SFN	2810
B3GAT2	135152
FRMD6-AS1	145438
RAB19	401409
ZNF90	7643
SPRED3	399473
PRR15L	79170
SLFNL1-AS1	100507178
ALAS2	212
CTAGE6	340307
SIDT1-AS1	100874030
NICN1	84276
AKAP3	10566
THOC5	8563
ZBTB26	57684
ZC3H12B	340554
ZDHHC13	54503
ZNF426-DT	101928238
VPS33A	65082
PRRT2	112476
BRICD5	283870
C2orf69	205327
CEP97	79598
STAP2	55620
GAS2	2620
WSCD2	9671
EPS8L3	79574
STKLD1	169436
SH2D4A	63898
SEMA3G	56920
EED	8726
MAP3K14	9020
FBXO15	201456
ZNF763	284390
PFKM	5213
KBTBD11	9920
HCG20	105375013
FAM178B	51252
TRAJ39	28716
LRFN2	57497
DDX11-AS1	100506660
PPT2-EGFL8	100532746
DEPDC7	91614
SPAG8	26206
VWDE	221806
SRP19	6728
CCDC138	165055
NAGS	162417
UGT1A10	54575
MIR2052HG	441355
CABP5	56344
RNF186	54546
UGT1A6	54578
TRAJ42	28713
SMIM32	389332
WNT7B	7477
CTSE	1510
DTX1	1840
SEC24B-AS1	100533182
FOXB1	27023
ZNF558	148156
PIK3R1	5295
LSM6	11157
SCAF4	57466
GP1BA	2811
RUFY2	55680
SAP25	100316904
NVL	4931
IPO9-AS1	100873949
SPDYE16	102723555
LDAH	60526
DNAJC6	9829
CAND1	55832
ATP1A3	478
LINC02320	105370676
MAP7D2	256714
CFAP73	387885
ADGRL1	22859
TRIM68	55128
LINC02090	105371562
PLGLB1	5343
FGFR2	2263
ZNF175	7728
SMARCD2	6603
GARNL3	84253
ZNF607	84775
TRAPPC3L	100128327
SLFNL1	200172
OTC	5009
TRAJ17	28738
TAS2R5	54429
FAM66E	100132103
OR52I1	390037
CA1	759
MPL	4352
MTUS2	23281
CYP4B1	1580
CFAP61	26074
KLHDC9	126823
MEIG1	644890
MAP3K5	4217
ZFP28	140612
VPS33B-DT	101926911
GUCA1B	2979
ERMN	57471
GDPGP1	390637
ARHGAP30	257106
NME1-NME2	654364
EAF1-AS1	100873956
KRTAP5-AS1	338651
PSTK	118672
DIS3L	115752
TERT	7015
MYLK4	340156
TPH1	7166
ARMH2	101928603
CLEC1B	51266
NKD1	85407
UBLCP1	134510
ZFY-AS1	107987337
CD81-AS1	101927682
TMEM232	642987
BIN3	55909
PRICKLE3	4007
RMI2	116028
MROH8	140699
PPP1R14D	54866
LINC02357	105374540
CRYGN	155051
KLK14	43847
SULT1C3	442038
CRB1	23418
C17orf50	146853
TMOD4	29765
XKR7	343702
THEM5	284486
CALB1	793
RBFADN	100506070
LY75-CD302	100526664
TAS2R46	259292
SLC5A1	6523
SPDEF	25803
HOTTIP	100316868
PCDHGA5	56110
TRAJ10	28745
ANKRD20A8P	729171
CEMP1	752014
ZSWIM8-AS1	100507331
TSSK6	83983
SPESP1	246777
STOX1	219736
LY6G5B	58496
ZNF675	171392
MMACHC	25974
NUP160	23279
ADGRF3	165082
GALNT9	50614
CPB2-AS1	100509894
GCNT3	9245
MAP6D1	79929
KCNH3	23416
CCR3	1232
F12	2161
PWAR6	100506965
CEACAM5	1048
PGAP3	93210
INTS6L	203522
INTS9	55756
GDF11	10220
BABAM2	9577
LRRC37A	9884
PIWIL2	55124
RAD52	5893
RGS11	8786
IL24	11009
SERPINB5	5268
BPI	671
CATSPERB	79820
DNAH10OS	642797
RGPD4	285190
TRBV6-8	28599
ANKRD13B	124930
LINC02453	643770
SNRPE	6635
ZRANB3	84083
C19orf81	342918
KLHL29	114818
ARHGAP5-AS1	84837
MBD5	55777
LINC00334	114042
LINC00880	339894
TMEM72-AS1	220980
HES2	54626
LINC01675	105371590
LINC02513	105374410
POPDC3	64208
ZNF157	7712
CDX2	1045
CDH20	28316
TRPM3	80036
DLX4	1748
GDF9	2661
KLHL31	401265
PPP1R36	145376
PLA2G10	8399
FSIP2	401024
USP6	9098
LINC02033	105377031
LRRC7	57554
MUC2	4583
MIR200CHG	105369635
KLHL41	10324
FGF14	2259
EYS	346007
SAPCD1-AS1	104413891
LINC01422	101929539
C2orf42	54980
FBXO9	26268
C7orf25	79020
TAB3-AS2	100873926
XKRX	402415
DRC3	83450
SPDYE2	441273
IL17RE	132014
BAIAP2L2	80115
PEX11A	8800
MTAP	4507
ABLIM2	84448
ZNF284	342909
MPZL3	196264
CA9	768
TMEM80	283232
STX16-NPEPL1	100534593
LINC01801	400685
ZNF442	79973
SERHL2	253190
CDAN1	146059
RHCE	6006
C2orf81	388963
FAM117B	150864
LINC00989	100506035
ZNF451-AS1	101927211
ABHD1	84696
RPAP1	26015
AMOT	154796
ZNF197-AS1	100874094
AOC2	314
HCG14	414760
IL20RA	53832
RIPK4	54101
TMEM139	135932
LINC01106	151009
MKRN3	7681
SLC26A7	115111
OR2A7	401427
STK31	56164
PSMD6-AS1	109729140
MUC1	4582
SNX32	254122
ULK4	54986
HSF4	3299
RAB5B	5869
COQ8B	79934
AGR3	155465
NEK5	341676
KLHL35	283212
GTF3C2-AS1	100505624
ANKRD23	200539
ZNF852	285346
ACAD8	27034
FTO	79068
NUTM2A	728118
HNRNPA1L2	144983
BAIAP3	8938
NMNAT3	349565
TBCB	1155
TTC36	143941
ENTHD1	150350
CMTM5	116173
ACSM1	116285
TVP23C-CDRT4	100533496
GHRLOS	100126793
GEMIN7-AS1	105372419
AKR1B10	57016
ABCC11	85320
PCYOX1	51449
SART1	9092
HLCS	3141
ARHGEF38	54848
RAB40AL	282808
BTBD16	118663
LIFR-AS1	100506495
FABP6	2172
LINC01151	104266958
PACRG	135138
TP53TG3D	729264
FNDC11	79025
MATN4	8785
C6orf47-AS1	106480731
GNAS-AS1	149775
TRBJ2-4	28625
AJUBA	84962
ULBP3	79465
MCPH1-AS1	100507530
SLC18B1	116843
WDR25	79446
ZC3H10	84872
TIAL1	7073
KLHL9	55958
ZNF674-AS1	401588
NKAP	79576
POLR3K	51728
LINC01473	101927217
VIL1	7429
MIEF2	125170
SAP30L-AS1	386627
PTOV1-AS2	101928378
HSD17B1	3292
LINC00239	145200
LINC02300	105370422
ACSM2B	348158
CCDC196	440184
TEKT5	146279
KRT4	3851
LINC02308	100506700
ST8SIA2	8128
LINC00517	400208
IAPP	3375
LRRIQ1	84125
FOXC2-AS1	103752587
LINC00640	283553
DDX25	29118
LINC01479	101927922
BHMT	635
HOTAIR	100124700
GPRIN2	9721
FAM222A-AS1	84983
SLC51B	123264
ACTC1	70
C1QTNF9	338872
ONECUT1	3175
TEX26-AS1	100507064
ARHGEF7-AS2	100874238
LINC00524	338002
PTH2	113091
SCGN	10590
SLC28A1	9154
LINC01583	101929690
CYP1A1	1543
KRT78	196374
FAM230A	653203
KLK2	3817
C19orf67	646457
LINC02389	400046
SLC25A34-AS1	110806303
FAM43B	163933
LINC02147	102467224
PCDHGA8	9708
GRIN2B	2904
NPSR1	387129
LINC02042	101929694
HOXA13	3209
SOWAHA	134548
PCDHB7	56129
PAPOLB	56903
LINC00242	401288
IQCJ-SCHIP1-AS1	100874433
HTR1F	3355
IGFBP1	3484
KCNA1	3736
LVRN	206338
SCN11A	11280
SNRK-AS1	100873954
BSN-DT	100132677
MESTIT1	317751
MIR202HG	101927671
GNAT1	2779
LINC00992	728342
LMO3	55885
LRRD1	401387
GRM3	2913
KIF25-AS1	100505879
PCDHB3	56132
LINC02150	101929505
PURPL	643401
LINC02198	101928885
ZNF474	133923
PCDHGA9	56107
HCG9	10255
SPINK9	643394
NMUR2	56923
ADRA2C	152
LINC02054	105374250
SLC25A48	153328
VIP	7432
LINC02365	105377586
LINC01096	285548
LINC01088	100505875
PDE6A	5145
LINC01546	100129464
DCDC2C	728597
CCDC190	339512
CATSPERZ	25858
CACNA1E	777
APOBEC4	403314
NAV2-AS3	100874013
LGI1	9211
CFHR3	10878
RD3	343035
ACSM6	142827
LDB3	11155
RGR	5995
DCST1-AS1	100505666
CYP17A1	1586
GRHL3	57822
TNNI3K	51086
SPRR3	6707
LINC00619	414260
LINC01779	107985190
VSIG10L2	338667
PAPPA-AS1	493913
C5orf58	133874
GK-AS1	100873902
HSD17B3	3293
LINC01191	440900
CYP27C1	339761
LINC01960	100128905
DIRC1	116093
CT83	203413
AGTR2	186
LINC01186	101927574
ENDOU	8909
COL2A1	1280
ELAVL2	1993
BARX1-DT	101928040
LINC01936	285043
CYP17A1-AS1	102724307
LINC01119	100134259
MEIS1-AS2	100873998
FAM9C	171484
PRDM7	11105
LINC02091	100506371
LIX1	167410
LINC02142	105374644
FRG1-DT	728339
LINC02172	105377443
PPEF2	5470
LINC01972	105374293
SH3GL2	6456
OR5H14	403273
DENND6A-AS1	106144528
SATL1	340562
MAGEB10	139422
CXorf58	254158
FAM9B	171483
LINC00102	100359394
ASB15	142685
ERVW-1	30816
TMEM229A	730130
RNF148	378925
PTPRZ1	5803
EHMT2-AS1	107986588
HCG15	414761
IZUMO2	126123
PCA3	50652
ZFX-AS1	100873922
NPY	4852
TSPEAR-AS1	54082
DNAJB7	150353
ZSCAN4	201516
MUSK	4593
LINC01571	101927364
EGFR-AS1	100507500
CYP4F8	11283
PRTN3	5657
DEFB124	245937
ISM1-AS1	100505536
GJC3	349149
PRSS38	339501
LINC01239	441389
OR10K1	391109
TAC1	6863
LINC02289	102724190
LINC00330	144817
C10orf53	282966
PRICKLE2-AS3	100874243
MAMDC2-AS1	100507244
GDF6	392255
NR0B1	190
PADI1	29943
MTRNR2L10	100463488
CD164L2	388611
ADGRG2	10149
LINC02087	101928567
AIPL1	23746
PLA2G2F	64600
GJB5	2709
TEX35	84066
LINC02257	105372950
LINC01655	101929771
SYT14	255928
TNNI1	7135
PKP1	5317
LINC01031	101929184
RXFP4	339403
SETSIP	646817
MSH4	4438
DMRTA2	63950
LINC01389	102724077
DMBX1	127343
GUCA2A	2980
VEGFD	2277
STAU2-AS1	100128126
NKAIN3	286183
RDH10-AS1	101926926
TMEM213	155006
ALKBH3-AS1	100507300
NECAB1	64168
NUTM2G	441457
CNGB3	54714
LINC02367	101930452
OR2A25	392138
FAM167A-AS1	83656
ASB11	140456
GOLGA6L7	728310
HEATR4	399671
TSSK4	283629
XG	7499
MNX1-AS2	105375606
SHH	6469
VWC2	375567
LINC02023	101928405
SCGB2A1	4246
ITIH1	3697
CDHR4	389118
LINC02585	102724368
CPEB2-DT	441009
OVOL1-AS1	101927828
CNGA3	1261
FUT9	10690
GPR78	27201
CAMK2A	815
GLYATL2	219970
PCDHB6	56130
TRPC7-AS1	100874024
CCDC192	728586
VCAN-AS1	105379054
ART3	419
GDNF-AS1	100861519
TRIML2	205860
TENM3	55714
KIAA0408	9729
MAB21L2	10586
OR2M4	26245
HHIPL2	79802
KIF6	221458
CST2	1470
CST4	1472
GALR1	2587
SCN2B	6327
MGAT5B	146664
GFAP	2670
KRT27	342574
LINC01563	101060544
GUCA1A	2978
MAB21L3	126868
LINC01786	101928895
ZNF295-AS1	150142
TCP10L	140290
PRR5-ARHGAP8	553158
CCDC188	388849
ZNF350-AS1	101669766
GSTA3	2940
TTC9B	148014
MAG	4099
ZNF676	163223
SLC14A2-AS1	101927980
CHRM5	1133
FOXN3-AS2	29018
LINC00460	728192
SUCLA2-AS1	101929410
KCNQ1-AS1	338653
INHBE	83729
GSG1	83445
FAM53B-AS1	101927944
ANKRD2	26287
MYPN	84665
LINC01902	105372079
RNF183	138065
POU6F2-AS1	100861520
LCMT1-AS2	100506655
LRRC18	474354
ZFHX4-AS1	100192378
FAM87A	157693
SMIM10L2B-AS1	100287728
FGF10-AS1	101927075
TMEM74	157753
LINC02489	101928919
CLEC2L	154790
LMOD2	442721
ABCB5	340273
SLC22A2	6582
MAL2-AS1	105375726
ABCC8	6833
IDI2	91734
LDHC	3948
CD44-AS1	109729172
C11orf91	100131378
LINC02547	105376554
MORN5	254956
TPD52L3	89882
GDAP1L1	78997
FER1L5	90342
TEKT4	150483
LINC01118	388948
ABCG8	64241
CHST8	64377
POTEJ	653781
MYT1L	23040
OR2L2	26246
LINC01641	107985463
LMX1A	4009
IGFN1	91156
POTEI	653269
LINC00862	554279
DAND5	199699
UGT2A3	79799
UGT2B17	7367
ELAVL3	1995
LINC01840	100874079
LINC02067	101243545
SLC26A9	115019
AMIGO3	386724
BRINP3	339479
NWD1	284434
PAPPA2	60676
ASCL5	647219
GRID2	2895
CHIA	27159
FAM131C	348487
ISX	91464
PCDH11Y	83259
LINC02560	110806301
C19orf18	147685
ZNRF3-AS1	100874123
C22orf31	25770
CEACAM18	729767
KLK12	43849
KLK3	354
CRX	1406
KLC3	147700
B3GALT5-AS1	114041
CYP4A22-AS1	105378701
NR1I3	9970
RIIAD1	284485
CELF3	11189
SLC6A17	388662
FNDC7	163479
SELENOV	348303
TRPM2-AS	101928607
CLDN19	149461
CTRC	11330
SLC17A7	57030
AFM	173
LINC02267	105377338
DLGAP1-AS5	284215
TSGA13	114960
GLOD5	392465
INE2	8551
PRKX-AS1	100873944
ARSD-AS1	100506356
PAK5	57144
OVOL2	58495
KIZ-AS1	101929591
NKX2-2	4821
CPA1	1357
XDH	7498
EFCAB10	100130771
CALN1	83698
OPRM1	4988
IGFBPL1	347252
FAM221B	392307
FOCAD-AS1	101929548
SLC30A8	169026
CSMD3	114788
LINC01030	101937451
KCNB2	9312
PCDH11X	27328
CNNM3-DT	100506036
XKR4	114786
SNTG1	54212
LGI3	203190
AQP4	361
ARHGAP40	343578
KCNK2	3776
PCDHB1	29930
MIR7-3HG	284424
ITPKB-AS1	100873994
LINC01331	104310351
ATCAY	85300
LINC02242	105379006
LINC02109	101929660
ADAM29	11086
TRIM60	166655
ESRRG	2104
ADH7	131
CELF5	60680
RFX6	222546
RHAG	6005
CLPS	1208
CLPSL1	340204
ARMC12	221481
MTRNR2L3	100462983
APCDD1L	164284
STMND1	401236
CPLX2	10814
NSG2	51617
FBLL1	345630
LINC01354	100506795
IFNL2	282616
HOXC11	3227
HOXC12	3228
KRT6A	3853
ATOH1	474
ADH6	130
LINC02266	105377466
SMCO2	341346
PRB3	5544
CLRN3	119467
PCSK1	5122
CFAP58	159686
TLX1	3195
FAM25A	643161
DRD1	1812
FAM25G	100133093
BTNL3	10917
TRIM10	10107
ZBTB8B	728116
NEBL-AS1	100128511
ADGRG7	84873
STXBP5L	9515
LINC02004	105374119
ZIC5	85416
SCEL	8796
LINC00355	144766
ALX1	8092
PDX1	3651
HTR3E	285242
LHX5	64211
HGFAC	3083
SVOP	55530
LINC02475	100506827
LINC02404	105369900
PTF1A	256297
IFNL3	282617
KCNK9	51305
GNGT1	2792
MTRNR2L6	100463482
IFNE	338376
IFNB1	3456
INSL4	3641
RHPN1-AS1	78998
LY6D	8581
CASC11	100270680
SLC6A14	11254
DCAF12L1	139170
LINC01607	101927067
IGSF1	3547
VGLL1	51442
C8orf34	116328
ALKAL1	389658
CLPSL2	389383
TSPO2	222642
TP53AIP1	63970
TINAG	27283
TREH	11181
C11orf52	91894
B3GNT6	192134
LINC02535	101928820
AGMO	392636
SLC5A12	159963
RAET1L	154064
IYD	389434
MAS1	4142
DGKB	1607
KLHL30	377007
CSTL1	128817
LINC01752	101929395
TRIM63	84676
LINC01433	728228
GJB4	127534
GJB3	2707
BPIFA2	140683
LINC01979	101928766
LINC01993	100996291
OTOP3	347741
CELA3A	10136
HOXB13	10481
LINC01767	105378744
KRT16	3868
IL22RA1	58985
ACER1	125981
ANGPTL3	27329
TMEM61	199964
TTC39A-AS1	102724097
BACH1-AS1	106478962
GRIK1	2897
ZNF341-AS1	101929746
IGSF5	150084
GUCA2B	2981
WFDC10B	280664
CELA3B	23436
FOXD3-AS1	100996301
KCNJ3	3760
REG3G	130120
REG1B	5968
PDILT	204474
CFC1	55997
LINC00930	100144604
LINC02478	100505984
NEUROD1	4760
STRC	161497
PLA2G4F	255189
FSIP2-AS1	107985781
ABCG5	64240
KCNG3	170850
CRCT1	54544
LCE1E	353135
SPRR1B	6699
TDRD5	163589
GPR37L1	9283
SLC22A31	146429
BLACAT1	101669762
TAT-AS1	100132529
CHST4	10164
LINC01913	388942
GABBR2	9568
LINC02533	105374895
ELMO1-AS1	100861514
LINC01277	100507489
ECT2L	345930
GABRR2	2570
DDX39B-AS1	106478957
HCG17	414778
LRRC31	79782
LINC01411	101928176
LINC02059	100505878
SPSB4	92369
A4GNT	51146
JADRR	101669763
AADACL2	344752
PTTG2	10744
C14orf180	400258
C8orf89	100130301
LINC01299	286186
LINC00887	100131551
KBTBD11-OT1	104266957
THPO	7066
KCNMB2	10242
NYX	60506
TRBVB	28555
LINC01209	101928684
OPN1SW	611
CWH43	80157
CCKAR	886
C9orf153	389766
MTRNR2L11	100463489
RGSL1	353299
INSRR	3645
ARHGDIG	398
TMPRSS7	344805
SYT6	148281
GBP7	388646
GUCA1C	9626
CELA2A	63036
LINC01672	100505887
KCNJ6	3763
EPHA6	285220
SEC14L5	9717
GRIN2A	2903
NR2E3	10002
PPP2R2C	5522
OPA1-AS1	100873941
SST	6750
SLC7A14	57709
LNCSRLR	109729161
LINC00971	440970
CTXND1	100996492
UGT1A7	54577
FSD2	123722
PLCD4	84812
SCHLAP1	101669767
MAP3K20-AS1	339751
TUBA3D	113457
ZBTB20-AS2	100506673
IGHV3OR16-9	28307
PIWIL1	9271
P2RX2	22953
SGCG	6445
CDH16	1014
LINC02433	340017
MTUS2-AS1	100874107
DCHS2	54798
FREM2	341640
UBOX5-AS1	100134015
LINC02452	105369924
LINC01926	105372147
C6	729
LINC01977	105371919
TTLL6	284076
KRT12	3859
RANBP3L	202151
CDH10	1008
CCDC60	160777
RNF222	643904
SLC13A5	284111
IRX2	153572
HTR2A	3356
PLPPR1	54886
LRFN5	145581
ODAM	54959
UGT2B15	7366
ST8SIA6-AS1	100128098
ESRRB	2103
NKX3-2	579
ELMOD1	55531
SHANK2-AS1	100874198
SLC22A9	114571
PRR33	102724536
LHX3	8022
RPEL1	729020
LINC02359	101927464
LINC02511	105377441
LMO7DN	729420
LINC01068	103724388
SLITRK5	26050
SOX21	11166
FARP1-AS1	100874080
LINC00443	100874173
LINC00571	100874188
FGF23	8074
NDST3	9348
OR6C75	390323
ETNPPL	64850
LINC00592	283404
SLC38A4	55089
LINC02449	101927905
SHISA8	440829
LINC01290	106144584
SERPINA10	51156
KIAA2012	100652824
SYT16	83851
KRT24	192666
KLHL10	317719
LINC01551	387978
GOLGA6L6	727832
OR10G3	26533
OR11G2	390439
LINC01297	115694671
MED4-AS1	100873965
AMER2	219287
LINC00327	100506697
C1QL1	10882
CLIP1-AS1	100507066
ACADL	33
LHX5-AS1	104355219
ERVE-1	85314
LINC02177	101927009
MTRNR2L4	100463285
CFAP65	255101
CRYBA2	1412
FEV	54738
CPEB1-AS1	283692
CDK5R2	8941
SRRM4	84530
LINC02551	100507431
TEX12	56158
VSTM5	387804
LINC01971	105371927
PPP1R27	116729
OR4D9	390199
LYG2	254773
MIR670HG	100507261
SAA4	6291
NLRP14	338323
OR2AG1	144125
OR2AG2	338755
OR52N5	390075
OR51M1	390059
TRPM5	29850
LINC01502	100130954
DPP10	57628
OLAH	55301
ASCL1	429
MYBPC1	4604
LINC02410	105369920
LINC02408	100507175
B4GALNT2	124872
ERICH2	285141
ART4	420
SPRN	503542
GALNT13	114805
C10orf67	256815
LINC01435	103695365
LINC01028	101928141
SFTPD-AS1	105419997
LINC01553	283025
PCAT5	102578074
RBPJL	11317
OR1I1	126370
OR7A17	26333
OR7C1	26664
CSPG5	10675
TGM4	7047
OR10H1	26539
ACVR2B-AS1	100128640
ITCH-AS1	106480737
SLC22A14	9389
LINC00311	197196
PCSK2	5126
GNRH2	2797
TGM3	7053
SCNN1G	6340
LINC00895	150185
SLC5A4	6527
SEC14L4	284904
IGLL1	3543
LRRC74B	400891
LINC01858	101929144
TMEM190	147744
KCNA7	3743
LHB	3972
PSG2	5670
LSMEM2	132228
SEMA3B-AS1	101928931
CASC16	643714
LINC-ROR	100885779
TCF4-AS2	106480339
CTRB2	440387
OR3A3	8392
OR3A2	4995
OR1A1	8383
JPH3	57338
KCNJ13	3769
MYH13	8735
MYLK3	91807
MPRIP-AS1	100874529
SLC47A2	146802
MIR133A1HG	102723167
LDLRAD4-AS1	100288122
PPP4R1-AS1	101927323
LRRC3B	116135
LINC01978	101928738
LINC02078	100652929
BTBD17	388419
LINC00691	152024
SKAP1-AS1	110806289
LINC01996	400568
STAC2	342667
RYR3	6263
OTUD6A	139562
TMEM114	283953
LINC00942	100292680
HOXC13-AS	100874366
FOXG1	2290
SFTA3	253970
TLX1NB	100038246
ERVK9-11	111188141
PAX2	5076
C19orf85	111064650
XACT	105463123
LINC01855	105372292
LINC00326	285735
VCX3B	425054
ITIH6	347365
OR10H5	284433
FARSA-AS1	106144598
SMTNL1	219537
ZNF878	729747
LIPJ	142910
ANGPTL8	55908
C6orf15	29113
GACAT3	104797537
LINC01249	727982
LINC00687	728450
CCDC185	164127
LINC00658	100507629
PROKR1	10887
LINC01889	105373597
GBX2	2637
PRAMEF18	391003
PRAMEF14	729528
WFDC12	128488
LINC01632	101929826
LINC01740	101929565
S100A7A	338324
LY6G6F-LY6G6D	110599563
PCDHB8	56128
CST8	10047
CCIN	881
KCNA4	3739
LIPM	340654
CYP26C1	340665
HORMAD2	150280
GGTLC2	91227
PNMA6F	105373377
TSPEAR	54084
OLIG2	10215
C1QL2	165257
CNTN6	27255
GRIK1-AS1	642976
LINC02268	101928509
SAMSN1-AS1	100874190
LINC00427	100507040
HPN-AS1	100128675
LINC00879	255025
CEACAM16	388551
PSG4	5672
HIPK4	147746
GPR62	118442
LINC01320	104355288
SEC62-AS1	106478967
UPK1A	11045
TKTL2	84076
FIGLA	344018
PGLYRP1	8993
OR4N2	390429
CERS3-AS1	102723320
GGTLC3	728226
SERPINA11	256394
GOLGA6L1	283767
MAGEL2	54551
EPB42	2038
LINC00922	283867
LINC00163	727699
ASB18	401036
SPINK8	646424
LINC02343	105370158
MYH4	4622
ENOX1-AS1	100874129
NALCN-AS1	100885778
DCUN1D2-AS	100874229
PERM1	84808
INSM2	84684
GABRG3	2567
SLC6A15	55117
CT62	196993
LYZL2	119180
ANKRD30A	91074
VAX1	11023
HMX3	340784
DCD	117159
NKX1-2	390010
CCL15-CCL14	348249
LRTM2	654429
MUC19	283463
FBXW12	285231
CPSF4L	642843
CPHXL	105371346
KRT35	3886
DYNAP	284254
LINC01899	102724913
CA7	766
KRT37	8688
ANKRD34C	390616
ITFG1-AS1	101927102
NTN3	4917
UMOD	7369
LINC01567	400511
LINC02169	100996338
CES5A	221223
ODF4	146852
SLC38A8	146167
NECAB2	54550
ADARB2-AS1	642394
KRTAP9-3	83900
LINC02492	100506272
DSG4	147409
LINC02241	105374676
CDH12	1010
LINC02228	105374694
HCN1	348980
ANKRD30B	374860
PCDHGA4	56111
TFAP2B	7021
LINC02518	105377957
LINC00974	147093
HMX1	3166
LINC02077	105377172
LINC01998	107986046
IQCJ	654502
CPN2	1370
ZNF732	654254
SMR3A	26952
ST8SIA5	29906
SMR3B	10879
MEPE	56955
STPG2-AS1	101410545
LINC01254	101927350
CACNG1	786
GNA14-AS1	101927422
PRRT1B	642515
PRAC1	84366
KCNK4	50801
CCDC83	220047
ABCG4	64137
EPO	2056
PIP	5304
FRMPD4	9758
FADS6	283985
IGBP1-AS1	100873991
LINC00705	338588
LINC01381	106144568
APOA5	116519
ATP6V1B1-AS1	101927750
SMYD1	150572
EN1	2019
UPP2	151531
GAD2	2572
KCNQ1DN	55539
MIR137HG	400765
LINC02386	105369717
LINC01776	729987
ALX3	257
WARS2-IT1	104472716
TGFB2-AS1	728463
LRRC71	149499
LRRC52	440699
ZNF648	127665
LINC01633	101929069
PCDHA7	56141
LINC02219	102467655
OTP	23440
LINC01950	102467213
LINC02240	101927460
RALYL	138046
PCDHA11	56138
STK32A-AS1	105378217
TLX3	30012
C5orf47	133491
LINC02212	101929412
DBET	100419743
CFAP100	348807
SRGAP3-AS2	101927416
LRRC2-AS1	83598
RNF224	643596
IQCF3	401067
GPR156	165829
LINC01179	101928151
SPATA16	83893
FAM90A26	100287045
MAFA-AS1	104326051
LINC02261	101929199
AQP6	363
MAGEB5	347541
GH1	2688
IRS4	8471
PPM1E	22843
LINC01289	286184
TCF24	100129654
PHF24	23349
CYLC2	1539
OR5M11	219487
KRTAP5-7	440050
TBC1D3I	102724862
GRM5-AS1	100873989
OCM2	4951
FAM217A	222826
LINC01527	101927988
CRP	1401
LINC01370	100505663
GHRH	2691
SERPINB11	89778
UGT1A3	54659
ST8SIA3	51046
UBE2E1-AS1	100874092
UROC1	131669
GRM5	2915
PIRT	644139
HOXB1	3211
LINC01999	388406
PCDH20	64881
LINC00652	29075
SMUG1-AS1	105369776
GPR12	2835
LINC01695	101927973
TAS1R1	80835
GPC5-AS1	100873969
C1QTNF8	390664
LINC00412	102723332
CNTNAP4	85445
GSG1L	146395
TMCO5A	145942
LINC02302	101927351
LINC00348	100885781
EDDM3A	10876
NKX2-1	7080
SACS-AS1	100506680
LIPC-AS1	101928694
RLBP1	6017
TBATA	219793
DYDC1	143241
CLCNKB	1188
SH2D4B	387694
ARMS2	387715
HMX2	3167
TEX36	387718
LINC01166	101927590
ADGRA1	84435
ADGRA1-AS1	100128127
TAS2R43	259289
LINC00518	221718
LINC01522	101927457
TMC2	117532
CASC20	101929244
ADCYAP1R1	117
LINC01523	101060004
OR7G2	390882
CGB2	114336
TMEM78	677790
LINC02128	102724940
HBZ	3050
PYDC1	260434
KRT39	390792
KRTAP2-3	730755
WFIKKN2	124857
MMP27	64066
NKAIN1	79570
LINC01518	101929397
KCNK16	83795
LINC02526	105377926
GRM4	2914
FAM237B	107986818
SIM1	6492
HYAL4	23553
LINC01574	102577424
GRIA1	2890
LINC01933	101927115
SNAP91	9892
MCHR2-AS1	728012
LINC00972	105375380
LINC01108	102216342
ACTL6B	51412
PRDM13	59336
TMEM196	256130
UFL1-AS1	100861530
TAAR1	134864
HS3ST5	222537
NR2E1	7101
SPIN4-AS1	100874033
PHKA1-AS1	101928259
LINC02584	100009613
LINC01829	644838
DCST1	149095
IFITM5	387733
FLG2	388698
RTL9	57529
NHLH2	4808
CLDN25	644672
CALML3-AS1	100132159
CRYGC	1420
DMRT1	1761
C4orf51	646603
STMN4	81551
ATP13A5	344905
MUSTN1	389125
FANCD2OS	115795
OPRK1	4986
CRYGB	1419
CYP11B2	1585
OTOR	56914
LINC02168	105371252
ROR1-AS1	101927034
RNASE10	338879
LINC01623	401242
KAAG1	353219
LINC02333	103191607
LINC01942	105377736
LINC02322	101927729
LINC02570	105375014
DEFB126	81623
LAMP5-AS1	101929329
ADAMTS20	80070
PCDHAC1	56135
FGF13-AS1	100129662
CRISP3	10321
LINC01276	103106903
RBMXL2	27288
MRGPRX3	117195
C2-AS1	102060414
ACRV1	56
FABP7	2173
SMAD1-AS1	104326058
LINC01262	101928971
POU4F2	5458
NEUROG2	63973
ASB17	127247
LENEP	55891
CXXC4-AS1	101929468
OR6N1	128372
DSCR4	10281
LINC01511	100506791
LINC02434	105377606
TAS2R1	50834
HSPB3	8988
BLACE	338436
HTR2C	3358
CDH18	1016
OR56A3	390083
BPIFB2	80341
LINC00052	145978
PDZD9	255762
NLRP2B	286430
SENP3-EIF4A1	100533955
AKAP4	8852
LINC01204	101927528
LRRC9	341883
KRTAP1-5	83895
KRTAP2-2	728279
KRTAP2-4	85294
LINC01887	102724470
NKX2-1-AS1	100506237
C7orf33	202865
SPANXN3	139067
LINC02417	101930162
GYS2	2998
FMR1NB	158521
TMEM132D-AS1	283352
NCBP2L	392517
RIPPLY1	92129
EVX1	2128
LINC01807	101928765
ZNF716	441234
HTR3D	200909
TTLL2	83887
GFY	100507003
TRPV5	56302
AKR1D1	6718
SAGE1	55511
PAX3	5077
CT45A10	102723631
MROH9	80133
SPZ1	84654
LINC01822	645949
RRH	10692
GRXCR2	643226
IL20	50604
KRTAP8-1	337879
STON1-GTF2A1L	286749
WFDC9	259240
GPRC6A	222545
LINC02583	101805491
LINC00570	100874055
MKNK1-AS1	100507423
OVAAL	148756
LINC01799	101060019
ACSBG2	81616
LINC01709	105378872
SEMG2	6407
FAM163A	148753
LINC02155	111082988
PKLR	5313
OR5AS1	219447
PGLYRP4	57115
TEX52	101929469
LCE3D	84648
ROCR	102723505
IGF2BP2-AS1	646600
LINC02525	100507194
LINC02069	101928992
LINC00581	100874531
TMEM174	134288
LINC01214	101928022
FGF12-AS3	100873988
GPR17	2840
LINC02082	100507661
ATP13A5-AS1	100874218
YIPF7	285525
LNX1-AS1	100873939
GABRB1	2560
GABRA4	2557
ZAR1	326340
SLC45A2	51151
CHRNA9	55584
LINC02108	101928600
CASR	846
LINC02027	728290
WEE2	494551
AQP12A	375318
UGT1A4	54657
ADAM21	8747
CPO	130749
REC114	283677
DLX2-DT	104326193
DLX1	1745
B3GALT1	8708
SRGAP3-AS4	101927440
LINC02443	101929584
ARSH	347527
LINC02050	105377175
SYNPR-AS1	100874016
IQCF1	132141
LINC01608	101927459
TMEM89	440955
USP17L7	392197
LINC00601	101101772
LBX1	10660
LINC00545	440132
NHS-AS1	100873920
TRPC5OS	100329135
C9orf57	138240
ZAR1L	646799
TAB2-AS1	105378049
INS	3630
SMCO1	255798
COX7B2	170712
WWC2-AS1	101928734
FAM216B	144809
TDRG1	732253
IMPG1	3617
LINC01198	101929344
OVCH2	341277
MIR4500HG	642345
LINC00397	101930749
MYH7	4625
IGHEP1	3498
TPH2	121278
LINC02421	101927901
RXYLT1-AS1	104169670
APOF	319
OR5P2	120065
LINC02441	105370070
NOS1	4842
TBX5-AS1	255480
LINC02373	105369822
LRRC10	376132
LINC00615	439916
LINC01968	100507391
LINC01322	103695433
NOX5	79400
LINC02554	100507657
IDH2-DT	105370966
LINC00898	400932
DSCAM-AS1	100506492
LINC01793	101927285
MIMT1	100073347
PCGEM1	64002
ABHD16B	140701
BPIFA3	128861
BPIFA1	51297
SHISA9	729993
HRH3	11255
CHRNA4	1137
SLC1A6	6511
LMF1-AS1	101929387
NCAN	1463
SCGB2B2	284402
PSG9	5678
ERVV-1	147664
ERVV-2	100271846
OSTN	344901
ZPBP2	124626
C1orf141	400757
VRTN	55237
CCDC175	729665
OR5AU1	390445
COL4A2-AS1	100874203
IGHV3-62	28416
PITPNM2-AS1	100507091
HCG21	102723346
TFAP2D	83741
LINC01625	645434
ZPBP	11055
PLA2G4E	123745
EXD1	161829
GOLGA6L2	283685
LINC00221	338005
OBP2A	29991
ZNF30-AS1	102723513
IGF2-AS	51214
LINC01219	104355220
LCN15	389812
C9orf50	375759
LINC00973	105374003
LINC02269	101928478
HELT	391723
LINC00994	100287879
OR9Q2	219957
OR5T2	219464
ALK	238
POU3F2	5454
LINC01419	103352670
OR51B5	282763
FBXO3-DT	101928440
LINC01606	100507651
BTG4	54766
BLID	414899
GAGE1	2543
LRRC19	64922
LINC01447	101929086
XAGE2	9502
ARL13A	392509
LINC00629	100506757
RSPO2	340419
CT55	54967
HCRTR1	3061
CATSPER4	378807
RNF17	56163
KCNH5	27133
C16orf90	646174
LCE1D	353134
PITX3	5309
LRRTM4	80059
ATOH7	220202
LINC01815	100507201
C3orf20	84077
LINC01983	101929697
CGB3	1082
KRT3	3850
FGF21	26291
ATP6V1G3	127124
STATH	6779
C10orf90	118611
PAPPA-AS2	103611155
PNLIPRP1	5407
MRLN	100507027
C11orf97	643037
PRKCA-AS1	101928001
P4HA3-AS1	101928580
CHRM1	1128
SCGB1D2	10647
LINC02331	105370503
LINC00871	100506412
NXPE2	120406
LINC02522	101928106
RFPL4B	442247
PINCR	101927501
SLURP2	432355
TUBAL3	79861
CYP4A22	284541
CYP4Z1	199974
WFDC13	164237
GRM1	2911
LINC01326	106144540
FSTL5	56884
SNHG27	101927305
PRL	5617
PBOV1	59351
PRSS55	203074
CCDC158	339965
HEPN1	641654
GPR158-AS1	100128811
GPR26	2849
LINC02420	102724433
LINC00290	728081
LINC01305	285084
AVP	551
OR2C3	81472
KCNS2	3788
PCDHA6	56142
VWC2L	402117
C2orf80	389073
LINC02237	105375706
DPP10-AS1	389023
SLC5A7	60482
LINC01668	101928311
ZBBX	79740
LINC02250	105370737
GMNC	647309
KNG1	3827
TRPM1	4308
WDR87	83889
ACSM2A	123876
SLC35G3	146861
TH2LCRR	101927761
KLF14	136259
LINC02490	105370822
ZP2	7783
KRTAP17-1	83902
PAX4	5078
LINC01456	105373144
CYP3A7	1551
CYP4A11	1579
F13B	2165
CFAP206	154313
CIB3	117286
CYP2A7	1549
MAP3K19	80122
SPAM1	6677
ERAS	3266
DCAF12L2	340578
MUC15	143662
TBX22	50945
TSPAN19	144448
LINC01445	102723605
SLC4A9	83697
BBOX1	8424
MCHR2	84539
TMEM215	401498
MEI4	101928601
OR9Q1	219956
TMEM31	203562
NRSN1	140767
RASGEF1C	255426
LINC02159	285629
CYP7A1	1581
SPANXN5	494197
LAMB4	22798
ACOT12	134526
GPR6	2830
KRTAP3-3	85293
NOTO	344022
C22orf42	150297
KLF17	128209
FOXE3	2301
SPATA42	642864
HSD3B1	3283
LINC01352	101929730
TRIM67	440730
NPPB	4879
LINC00313	114038
LINC00160	54064
C20orf203	284805
LINC01714	102724539
PKDREJ	10343
LINC01666	105372730
LINC01820	105374582
ATP6V1B1	525
LINC02015	102724550
CTCFL	140690
HTR3C	170572
WFDC10A	140832
LINC02473	107986266
BPIFB4	149954
PDCL2	132954
DEFB132	400830
CSN1S1	1446
LINC01927	101927651
SLC25A41	284427
PAQR9	344838
LINC01956	124905956
STEAP3-AS1	100874111
POTEE	445582
ZPLD1	131368
LSAMP-AS1	101926903
LRRC3-DT	100861510
GABRA5	2558
GOLGA8G	283768
LINC00868	283994
IBA57-DT	574432
C1orf105	92346
RPTN	126638
SIX3-AS1	100506108
FOXI3	344167
LRRC74A	145497
CYP2A6	1548
CACNG7	59284
LINC01812	101927701
LINC01828	102800447
LINC00184	100302691
PRC1-AS1	100507118
RTP3	83597
G2E3-AS1	105370431
OR4P4	81300
RFX4	5992
ZBTB20-AS3	104413890
GRIK3	2899
UNC13C	440279
SZT2-AS1	100873952
PAQR9-AS1	101927832
OLFM3	118427
LINC01361	101927498
LINC00951	401260
UBE2U	148581
LUADT1	106182249
FOXD3	27022
BSND	7809
CATSPERD	257062
PMP2	5375
KRTAP3-2	83897
EXTL1	2134
MRAP	56246
ASIC2	40
PHF21B	112885
ANKRD62	342850
SOX10	6663
GAS2L2	246176
CDH7	1005
MT1B	4490
TUBA3E	112714
RAB6C	84084
TRIM43	129868
DSG1	1828
GALR3	8484
IL36RN	26525
UGT1A9	54600
BANF2	140836
LINC00488	677779
C4orf54	285556
GIMD1	100507096
F11	2160
SLC2A7	155184
ELFN2	114794
KLK15	55554
PRODH2	58510
IGFL1	374918
PRORY	100533178
CCDC116	164592
LIF-AS1	110806283
SPACA4	171169
PKP4-AS1	100129029
MSTN	2660
TUBA4B	80086
GLIS3-AS1	84850
ARL14EPL	644100
LINC01337	103689917
TMEM252	169693
SLC6A3	6531
SLC6A18	348932
LINC00616	641365
EWSAT1	283673
MLN	4295
RSPH10B2	728194
MLIP	90523
CNPY1	285888
PCDHA9	9752
PRR27	401137
OBP2B	29989
FAM3D-AS1	105377108
BEST3	144453
LINC01811	101928114
SLC17A8	246213
UGT1A8	54576
LINC02340	105370125
OXGR1	27199
RPL10L	140801
INHA	3623
CHURC1-FNTB	100529261
MIR4713HG	109729174
RETNLB	84666
KY	339855
KRT83	3889
GJD4	219770
DEFB131A	644414
TMEM72	643236
LINC02026	647323
LINC00858	170425
LINC01213	101927992
AGXT2	64902
PLCE1-AS1	100128054
FDCSP	260436
C6orf118	168090
UGT2B11	10720
LINC01545	724087
WASIR1	100128260
ARHGAP19-SLIT1	100533184
PRLHR	2834
LINC02579	339807
OR2M3	127062
C12orf56	115749
C12orf54	121273
LINC01210	100507274
FOXD4L1	200350
SYT10	341359
ABCB11	8647
ROPN1	54763
WDR38	401551
SPATA22	84690
DRC7	84229
CACNA1B	774
TMEM210	100505993
LINC02247	105376310
TEKT1	83659
ANO3	63982
TBC1D3C	414060
LINC02071	101927274
LMO1	4004
THRSP	7069
SLC5A8	160728
SCGB2A2	4250
SCGB1D1	10648
LINC00621	100996930
FER1L6-AS1	439941
HPR	3250
MS4A12	54860
KRTAP4-5	85289
LINC01645	102724661
UGT3A1	133688
LINC01900	102724208
TCP10L2	401285
CENPVL3	347549
PLAC1	10761
CARD18	59082
VSX1	30813
ZDHHC22	283576
GIP	2695
DCT	1638
USH1G	124590
HNF4A-AS1	101927219
LINC01345	105376672
INSL5	10022
ATXN8OS	6315
KLHL1	57626
LINC01731	105371226
DHRS7C	201140
GJD2	57369
FAM25C	644054
LINC02418	100190940
SLC10A2	6555
AGBL1	123624
TBPL2	387332
PGPEP1L	145814
PRR35	146325
LINC02382	100506107
LINC01897	124904311
C1orf232	110806296
LINC02208	101927280
TEX46	729059
KCNJ9	3765
PDC	5132
LINC00538	100861504
LINC02197	102724392
KIF26B-AS1	111216275
DNAJC5G	285126
PCDHA5	56143
SPINK14	408187
FNDC8	54752
LINC02565	105372138
PCDHA1	56147
COL20A1	57642
ACTBL2	345651
LINC02538	401286
MIR548A1HG	105374956
EZR-AS1	101409257
NDST4	64579
ANKRD61	100310846
TACR3	6870
CFAP299	255119
GHRHR	2692
CAPSL	133690
SP9	100131390
MROH2A	339766
UGT2B10	7365
UGT2B4	7363
LINC02119	101929745
LINC02512	107986241
TTC29	83894
ASIC5	51802
FOXI1	2299
NKX2-5	1482
PRR18	285800
RAET1E-AS1	100652739
RAB40A	142684
SYT9	143425
NXPH1	30010
LINC01863	107986480
LINC02516	101927087
LINC02036	100505920
LRIT3	345193
RBM46	166863
LINC02515	102723920
LINC01187	100507267
ASB4	51666
NCOA7-AS1	104355145
KHDC1L	100129128
RNASE13	440163
LINC02568	102723344
SLC39A2	29986
PLUT	100861550
LINC01167	103695432
LGSN	51557
CRISP2	7180
TMEM151B	441151
GLP1R	2740
LINC01153	101927889
STH	246744
DSG2-AS1	100652770
PARAL1	101929371
CST9L	128821
CST9	128822
DEPDC1-AS1	101927220
PSG8-AS1	100289650
TEX101	83639
LINC01778	105378622
C8A	731
SLC9C2	284525
LINC01582	101927332
TERB1	283847
CHRNB2	1141
FLG	2312
MYH1	4619
GPR61	83873
MYBPHL	343263
CYP3A43	64816
PSMB11	122706
DAZ3	57054
OR3A1	4994
DAZ2	57055
SRY	6736
ASPDH	554235
KRTDAP	388533
STARD6	147323
CDH22	64405
MIS18A-AS1	100874202
CALML6	163688
MYOZ2	51778
DAZ4	57135
RUNX2-AS1	105375077
TNFRSF10A-AS1	110806274
INTS9-AS1	109729178
RESP18	389075
CYP4F26P	106478958
TNP1	7141
USP26	83844
FCAMR	83953
OR9A4	130075
LINC01565	23434
DAW1	164781
LRTM1	57408
SSX1	6756
SYP-AS1	100873921
PFKFB1	5207
PAGE2B	389860
IL1RAPL2	26280
LINC01304	100505964
CHRM3-AS1	100873984
USH2A	7399
KCNH1	3756
CCDC70	83446
LINC00392	100874155
CCDC177	56936
LINC01831	101927331
OR6A2	8590
LINC00678	101410541
KRTAP5-9	3846
C1GALT1C1L	728819
SIAH2-AS1	105374155
ROPN1B	152015
CLDN22	53842
FSCB	84075
MRGPRF-AS1	101928200
SHANK2-AS3	220070
ARAP1-AS1	100874075
OR8D4	338662
SLC22A11	55867
MRPL23-AS1	100133545
TMEM179	388021
STPG3-AS1	100129722
OR8H1	219469
CSRP3	8048
LINC02324	100128233
LINC02448	105369792
CASC18	101929110
LINC02388	101927653
MANSC4	100287284
LINC02450	105369739
C1QL4	338761
KRT6C	286887
PROSER2-AS1	219731
MTRNR2L7	100288485
SOHLH2	54937
ANKRD1	27063
HOGA1	112817
TECTB	6975
LINC00867	100506126
GJA3	2700
ADGRD1-AS1	105755954
HCN4	10021
LINC01508	101927873
LINC01611	105377880
PFN3	345456
KRTAP1-1	81851
LINC01016	100507584
KRT40	125115
LIN28B	389421
VGLL2	245806
MYH2	4620
SLC25A2	83884
ZFP42	132625
IRX4	50805
LINC02121	105374631
LINC01905	102724698
LINC02145	401172
MAPK4	5596
KRT32	3882
MC5R	4161
MYL10	93408
XKR5	389610
PRSS51	346702
LINC00534	100874052
LINC01287	103724390
SCRT1	83482
CPLX3	594855
CTAG2	30848
MAGEA1	4100
MAGEA6	4105
MAGEA12	4111
CLDN34	100288814
ASB12	142689
LINC02243	340581
SPANXB1	728695
SPANXC	64663
MAGEA9B	728269
GABRQ	55879
DPPA2	151871
UNC5D	137970
EPPIN	57119
WFDC8	90199
WFDC11	259239
PLPPR3	79948
PPP1R42	286187
DEFB4B	100289462
CACTIN-AS1	404665
ZNF560	147741
BEST2	54831
WFDC6	140870
UPK1A-AS1	100862728
KRTAP5-5	439915
RSPO4	343637
C20orf141	128653
SEL1L2	80343
KCNS1	3787
GRPR	2925
SPTA1	6708
SLC6A11	6538
CACNG6	59285
XAGE3	170626
NTF4	4909
LINC00165	727701
NLRP8	126205
GSTT4	25774
APOBEC3B-AS1	100874530
LINC01549	100505929
LINC00314	246705
LINC01671	101928233
LINC00434	100874169
NKX2-8	26257
FRMD6-AS2	100874185
ISM2	145501
FXYD6-FXYD2	100533181
HIGD2B	123346
PRKG1-AS1	100506939
VWA8-AS1	100507240
C11orf16	56673
PTPRQ	374462
LINC02458	728084
LINC02456	105369942
NRAP	4892
LINC00572	100861573
DNTT	1791
LINC00507	100862680
DYDC2	84332
C11orf87	399947
CHRNA3	1136
SH3GL3	6457
LINC02141	101927580
LINC02188	102724344
PTH	5741
SMCR2	105371564
KRT33B	3884
KRT34	3885
ABCA9-AS1	104355297
GPR83	10888
LINC02092	400620
CTAGE1	64693
GLYATL1	92292
KRTAP5-8	57830
MEIOB	254528
GPHA2	170589
TEX54	111216277
RNF151	146310
PRSS41	360226
LINC02167	400533
SYCN	342898
FYB2	199920
ALPP	250
SCYGR4	112441430
TBR1	10716
MGC16275	85001
LINC01594	102724774
LINC00636	285205
SLC10A4	201780
AGBL5-AS1	100874031
MT1HL1	645745
VCX	26609
NAT16	375607
MIR3150BHG	105375650
POLH-AS1	111216283
CCL3L3	414062
PADI3	51702
CYP4F35P	284233
ZNF790-AS1	284408
SBSN	374897
IGFL3	388555
LGALS7	3963
TPTEP1	387590
NKAIN4	128414
LAMA5-AS1	101928158
TMPRSS15	5651
LINC00113	54088
RALY-AS1	101926888
LINC01342	254099
LINC00114	400866
DAZ1	1617
FUT5	2527
PLA2G3	50487
LDLRAD1	388633
CLCNKA	1187
EFNA2	1943
CYP24A1	1591
DSCAS	101927698
ZNF536	9745
CLCA1	1179
HTR4	3360
MCIDAS	345643
SLC22A7	10864
LINC00964	157381
DKK4	27121
ADGRG4	139378
LINC01022	105375616
F11-AS1	285441
DLEU1	10301
ALPI	248
RPPH1	85495
CIB4	130106
LINC00276	100499171
PRLH	51052
SLC2A2	6514
SYNPR	132204
TPT1-AS1	100190939
POTEC	388468
ZNF32-AS2	414208
LINC00845	100507058
TBX10	347853
FAM186B	84070
TCERG1L-AS1	101927489
GRIN1	2902
SLC34A3	142680
OR52N4	390072
MIP	4284
LINC02394	105369841
SPATA8	145946
PLIN1	5346
FBXW10	10517
CCDC33	80125
LINC02399	105369891
LINC01050	103689845
BCL2L2-PABPN1	100529063
LINC01711	79160
SPO11	23626
PLCZ1	89869
C10orf120	399814
ATP5MF-PTCD1	100526740
TMEM270	135886
OVCH1	341350
GRTP1-AS1	100874068
FLRT1	23769
AKR1B15	441282
AKAP14	158798
TAF7L	54457
CFAP47	286464
IFNK	56832
IGKV1OR9-2	106480274
EN2	2020
OR2A42	402317
ELDR	102725541
ABCA13	154664
TBC1D3G	101060321
LINC02544	101929504
CORO7-PAM16	100529144
GAS8-AS1	750
TBC1D3H	729877
MIR2117HG	106660605
FAM187A	100528020
OR4D2	124538
CYP2W1	54905
NANOGP8	388112
KLHL7-DT	100775104
PRR25	388199
P4HA2-AS1	100861518
BRINP1	1620
PRSS48	345062
CLDN24	100132463
SLC24A2	25769
BANCR	100885775
FOXD4L5	653427
EQTN	54586
THOC7-AS1	100874039
LINC01988	100506319
GJA9	81025
RMDN2-AS1	101410544
KRTAP5-2	440021
C2orf66	401027
STPG3	441476
PRDM12	59335
LURAP1L-AS1	101929467
TCEAL3-AS1	100874119
PKIA-AS1	101927003
LINC00967	100505659
LINC01602	100505477
HSFX1	100506164
NAT2	10
FGF20	26281
RP1L1	94137
PGAM4	441531
CASK-AS1	100873928
TYRP1	7306
RSPH10B	222967
SLURP1	57152
LINC01300	731779
LUARIS	100506895
RNF133	168433
TAS2R3	50831
TGIF2-RAB5IF	100527943
RNF225	646862
CPB2	1361
LINC00381	100874151
NGB	58157
CGB8	94115
NPY4R2	100996758
NUTM1	256646
GLYAT	10249
SAA2-SAA4	100528017
LINC02000	100507210
MAGEB17	645864
COL6A5	256076
CT45A3	441519
CSAG2	102723547
MAGEA2B	266740
LINC01471	101927149
MAGI1-AS1	100873983
FLNB-AS1	105377105
AGXT	189
EMX1	2016
LINC02284	102723699
SLFN14	342618
NAT8	9027
HS3ST4	9951
FBXO40	51725
TRBV7-5	28593
SRD5A2	6716
IFIT1B	439996
CHRNA2	1135
SPANXN4	441525
RAD21L1	642636
NBPF4	148545
NBPF6	653149
POM121L2	94026
LINC02587	101927524
DYTN	391475
LINC01194	404663
CBY3	646019
LINC01205	401082
ARHGAP26-AS1	100874239
PSD2	84249
LINC01446	401337
LINC01967	107986041
MIR5689HG	106660610
SLC17A4	10050
MYOG	4656
OR2T4	127074
LINC01248	102723818
FSHR	2492
LINC02476	105375475
CLEC18C	283971
FGF5	2250
LINC01901	105372080
SOWAHB	345079
SBK2	646643
UGT2B7	7364
HAO2	51179
TLR8-AS1	349408
CER1	9350
SLC22A8	9376
SHISAL2B	100132916
CPN1	1369
LINC01154	106144575
C13orf42	647166
LINC02335	124903234
LINC01429	101927678
FOXN1	8456
KRT9	3857
NEUROD2	4761
KRT14	3861
TMEM92-AS1	103752589
CFAP97D1	284067
DNAH9	1770
TBX4	9496
PGBD3	267004
CNGB1	1258
LINC00540	100506622
LINC01228	104266962
SPDYC	387778
LINC01910	101060542
CDH19	28513
SERPINB7	8710
RNU12	267010
SERPINB3	6317
GRP	2922
MIR122HG	112441433
TUG1	55000
GDF5	8200
NARF-AS1	111082991
MYADML2	255275
ENPP7	339221
LINC02080	101928514
LINC01443	400644
UGT1A5	54579
TRIM39-RPP21	202658
KCNIP2-AS1	100289509
TRBV29OR9-2	6958
IGKV1OR-3	644731
FOXD4L3	286380
OMP	4975
SLCO1B7	338821
GPC6-AS1	100873972
CAPZA3	93661
PGLYRP3	114771
CHRM4	1132
ANO1-AS1	100873981
KRT79	338785
IGLJCOR18	204777
LINC01749	63930
BACE2-IT1	282569
SLCO1B1	10599
CALHM3	119395
LINC02411	101927637
LINC00393	100874156
CT45A5	441521
MMP13	4322
MAGEA9	4108
LINC00408	100652856
EHD4-AS1	101928363
SSTR5	6755
KRTAP5-10	387273
GPR179	440435
SYT3	84258
CDH9	1007
NPIPA7	101059938
TBC1D3	729873
SFTPA2	729238
IGLV5-52	28779
ADCY8	114
VCX3A	51481
SLC25A47	283600
LINC02280	101929634
LINC01756	101928460
LINC00566	100861547
LINC00939	400084
GOLGA6A	342096
TBC1D3F	84218
TBC1D3K	101060351
R3HDML	140902
UBE2Q1-AS1	100874097
MAGEA2	4101
TEX26	122046
HOXD10	3236
LINC02303	105370479
CPNE6	9362
PRDM9	56979
LINC00396	104355146
STK24-AS1	100874069
DDC-AS1	100129427
LINC00462	100129597
LINC00319	284836
LHX1-DT	102723471
LINC02135	146513
RPL3L	6123
HS3ST6	64711
LBP	3929
TXNDC2	84203
GACAT2	100287082
TEX19	400629
EFCAB3	146779
PCSK6-AS1	105371027
SPINK6	404203
LINC01048	103695431
ECE2	9718
GRK1	6011
ATP11A-AS1	100874205
PSPC1-AS2	109729130
HIF1A-AS1	100750246
OCA2	4948
TMPRSS9	360200
SPRR2E	6704
SPRR2A	6700
SPRR2D	6703
LYPD8	646627
CTNNA2	1496
IL37	27178
SNTN	132203
LYZL4	131375
LINC01124	440925
RAB6D	150786
IL36G	56300
IVL	3713
MCHR1	2847
GPX1	2876
HAPLN2	60484
CLCA4	22802
CLCA2	9635
ACTL8	81569
AQP4-AS1	147429
TBC1D3D	101060389
LINC02005	105377165
FEZF1	389549
MID1IP1-AS1	100874211
AMELX	265
SNCB	6620
IL12B	3593
LINC01556	729583
SLN	6588
MMP8	4317
LINC01561	404216
HOXC13	3229
PDE6H	5149
GDPD4	220032
HHLA1	10086
CCL27	10850
DMRT3	58524
SOX14	8403
P3H2-AS1	101929152
SCARNA2	677766
EPHA5-AS1	100144602
EYA1	2138
CRH	1392
RIPPLY2	134701
GABRA1	2554
CARTPT	9607
ZZZ3	26009
SERPINB4	6318
LINC01138	388685
SERPINB13	5275
ZNF750	79755
LINC00869	57234
KRTAP3-1	83896
LINC01713	105372516
CEACAM20	125931
OVOL3	728361
CASP14	23581
SEMG1	6406
CCDC27	148870
LINC01647	101929181
LINC01346	728716
KRTAP13-2	337959
LINC00339	29092
PAX7	5081
SH2D5	400745
FAM151A	338094
TMCO2	127391
LINC01648	101929406
EPHA8	2046
TMEM132D	121256
LINC00940	100271702
INA	9118
MAT1A	4143
RNU11	26824
DEUP1	159989
HBG2	3048
SERPINA6	866
NOL4	8715
TMIGD1	388364
LINC01586	101929743
GLRA4	441509
RPL36A-HNRNPH2	100529097
S100G	795
SHOX	6473
TAAR2	9287
NKAIN2	154215
LINC01564	101927171
PLS3-AS1	101927352
DEFA6	1671
LINC01111	101926978
DEFA5	1670
GCM1	8521
BCYRN1	618
TMPRSS11F	389208
TMPRSS11A	339967
TMPRSS11D	9407
EXOC1L	644145
NWD2	57495
LINC02041	105374261
LINC00501	100820709
GPR87	53836
TCP11	6954
PSORS1C2	170680
MUC21	394263
RNF182	221687
LINC02428	101929448
NKX6-1	4825
TMPRSS11B	132724
FOXE1	2304
SOHLH1	402381
ANKRD33	341405
A2ML1	144568
LINC01516	101929025
ATP12A	479
MT4	84560
LINC02178	105371248
RNASE7	84659
STOML3	161003
LINC00707	100507127
CALML3	810
ALDH3B2	222
CALCA	796
OR52N1	79473
OR52A1	23538
CALML5	51806
UCN3	114131
HEPHL1	341208
FGF3	2248
FGF19	9965
GAGE10	102724473
ALG13-AS1	106478971
KCNT1	57582
ADGRD2	347088
LINC01451	401561
FAM157B	100132403
SCGB1C1	147199
LINC02224	102723839
LINC02271	105377249
LY6G6F	259215
DDR1-DT	414771
MOG	4340
LINC02288	283575
CASC21	103021164
GOLGA6L22	440243
ANKK1	255239
LDHAL6A	160287
OR56B1	387748
PRMT8	56341
CALHM1	255022
SH2D7	646892
C1QTNF1-AS1	100507410
GNG13	51764
CHST5	23563
SLC15A1	6564
TUSC8	400128
DNAJB13	374407
MS4A10	341116
URAD	646625
FLJ13224	79857
PLA2G12B	84647
MEP1B	4225
WDR64	128025
GRM7-AS1	100873937
CHRNG	1146
RNU6ATAC35P	106481171
SULT4A1	25830
IGSF23	147710
FAM187B	148109
SVIL-AS1	102724316
SSBP3-AS1	619518
TEX38	374973
TMEM269	100129924
OPRD1	4985
BMPR1B-DT	100507012
IBSP	3381
LINC01424	101928689
GNAT2	2780
LINC-PINT	378805
LRRIQ4	344657
RHO	6010
WNT3A	89780
SPATA3-AS1	348761
LINC01120	389043
SPRR1A	6698
LINC00870	201617
C3orf49	132200
DAZL	1618
SPATA45	149643
ALPG	251
TRARG1	286753
SMIM36	101927367
LINC02122	105379036
SCGB1C2	653486
PINX1	54984
LINC01060	401164
LINC00680	106660612
C8orf44-SGK3	100533105
SIRPG-AS1	101929010
VPS9D1-AS1	100128881
MDC1-AS1	106478956
BCL2L14	79370
PARG	8505
MPZ	4359
KL	9365
IQUB	154865
PLCG1-AS1	101927117
RAB2B	84932
POF1B	79983
PPP1R13B	23368
VPS26B	112936
TMEM68	137695
TCTN2	79867
SPRY3	10251
IQSEC3	440073
LYSMD1	388695
LRRTM2	26045
CNTNAP3	79937
SERPINE3	647174
TMEM238L	100289255
MIF-AS1	284889
CHAD	1101
LINC02506	102723828
UNC79	57578
NUTM2E	283008
TRIM74	378108
DUOXA2	405753
DDC	1644
LINC02055	107986980
CA3	761
RAET1E	135250
CPB1	1360
LHX4	89884
BEND2	139105
NALT1	101928483
TMEM64	169200
PINK1-AS	100861548
DYNLRB2	83657
COPS4	51138
ZNF793-AS1	101927720
LINC00836	101929052
INTS6L-AS1	100874118
MAEL	84944
NPIPA2	642799
RTL1	388015
LINC02192	100507534
ADH4	127
KRT13	3860
GJB1	2705
CCDC63	160762
USP50	373509
PPAN-P2RY11	692312
ONECUT3	390874
MYCNOS	10408
ITIH2	3698
LINC01285	101928287
VSNL1	7447
LINC01830	105374322
NTS	4922
GJD3	125111
ZNF385B	151126
STX19	415117
LINC02106	100287592
PNMA8C	110806277
LINC00322	100126693
SLC4A1	6521
TTC6	319089
LINC02204	101929151
GP2	2813
SMIM10L2B	644596
KRTAP12-3	386683
TPTE	7179
APCS	325
KCNK15-AS1	106144538
KRTAP4-1	85285
CYP2C8	1558
HAO1	54363
ADRA1B	147
PCDHA13	56136
SLC35D3	340146
SSTR1	6751
LIVAR	102724895
FOXA2	3170
HOXD13	3239
SLC9A4	389015
RIMS2	9699
RORB-AS1	103752585
CLUL1	27098
CT45A1	541466
LINC01087	101927994
LINC02137	105371295
DMRTA1	63951
LINC02279	107984637
SPATA4	132851
CPA2	1358
PRICKLE4	29964
LPA	4018
CFAP77	389799
SOX11	6664
CCDC87	55231
EVX1-AS	101410536
LANCL1-AS1	102724820
FAM180A	389558
RGS8	85397
RTBDN	83546
KISS1	3814
CTAGE15	441294
PLCH1	23007
HOXA6	3203
LINC02249	26082
AADAC	13
NRG3	10718
LINC00970	101978719
FAM41C	284593
HECW1	23072
ESX1	80712
CCAT2	101805488
CKMT1B	1159
FBN3	84467
RASAL2-AS1	100302401
KRTAP5-1	387264
FAM47E-STBD1	100631383
SCGB1B2P	643719
URGCP-MRPS24	100534592
OSBPL10-AS1	100874206
FBP2	8789
LINC00365	100874146
LRAT	9227
ZNF177	7730
LINC00698	285401
MAGEA11	4110
TRBV5-7	28608
DSG1-AS1	101927718
MYO3A	53904
EPCAM	4072
PROZ	8858
VWA2	340706
LINC00958	100506305
ACTA1	58
ESPNL	339768
TMEFF1	8577
TRPC5	7224
MSMB	4477
KCTD8	386617
IGFALS	3483
GYPB	2994
PANCR	110231149
POU6F2-AS2	100689074
ZIC1	7545
LINC00491	285708
CFAP52	146845
PENK	5179
SOX21-AS1	100507533
SLC35G6	643664
IGSF11	152404
ANGPT4	51378
LINC02327	102724917
LINC02253	107984764
CSAG3	389903
CALCR	799
FOLR1	2348
FRMD1	79981
KCNJ16	3773
SERPINA4	5267
SULT2A1	6822
DACT2	168002
NLRP9	338321
AS3MT	57412
TTC23L	153657
C1QL3	389941
HRG	3273
SHBG	6462
NANOG	79923
FAM184B	27146
CYP4F2	8529
LINC01460	100129995
DMRT2	10655
IFT74-AS1	101929602
LINC01990	101929607
OTOGL	283310
LINC01630	100287225
DPYSL5	56896
NXPE1	120400
PCDHGA1	56114
DRGX	644168
DCST2	127579
KIF25	3834
SERPINC1	462
ABCA12	26154
SMPX	23676
LGALS7B	653499
CCNA1	8900
PON1	5444
CCDC198	55195
GJB7	375519
C4orf36	132989
PATE2	399967
C5orf52	100190949
GABRG2	2566
TUBB8	347688
WNT9B	7484
UNC93A	54346
LINC02487	441178
LINC00479	150135
SULT1E1	6783
NOX1	27035
ZBTB20-AS5	101929754
FUT6	2528
SLCO4A1-AS1	100127888
HM13-AS1	100874042
KRT6B	3854
GCGR	2642
SPEF1	25876
GCKR	2646
SLCO1B3	28234
DSG3	1830
GPR142	350383
PRAC2	360205
PYY	5697
CCL15	6359
SNAP25-AS1	100131208
FGF8	2253
NEXN-AS1	374987
TMEM95	339168
LMX1B	4010
LINC00628	127841
CASKIN1	57524
LINC01589	100506737
LINC00605	100131366
MEG9	100507257
HTR1E	3354
LINC00519	161342
LINC01269	103695436
PLA2G4D	283748
CLDN10-AS1	100874194
HBM	3042
CEACAM7	1087
SLC5A11	115584
CHRNB4	1143
CAMKV	79012
GUCY2D	3000
EVPLL	645027
LINC02012	100129516
GREB1L	80000
TDRD12	91646
TMEM82	388595
NT5C1B	93034
KCNH6	81033
IL17REL	400935
S100A7	6278
UBE2L5	171222
DPP6	1804
PCP4	5121
SPINK7	84651
SPINK13	153218
TSNAX-DISC1	100303453
NFE4	58160
GPR37	2861
ACE2	59272
LINC01170	103724389
TAGLN3	29114
PLAC8L1	153770
AMER3	205147
FGFBP1	9982
TRIM29	23650
RNF223	401934
OGDHL	55753
DNAJC9-AS1	414245
LINC01348	731656
CA14	23632
SLC30A2	7780
CHST6	4166
VAC14-AS1	100130894
ADAMTS19	171019
LINC01234	100506465
IGFL4	444882
SYNGR4	23546
TULP1	7287
PCSK9	255738
LINC00574	80069
FMN2	56776
LINC02435	107986311
CYP2C19	1557
C8B	732
NPAS4	266743
ABCC12	94160
ART5	116969
DIRAS2	54769
ARMC3	219681
LINC00840	100506835
EXTL3-AS1	101929402
ADRA1A	148
GABRR1	2569
AQP12B	653437
ABCA4	24
TMEM132B	114795
P2RX3	5024
VTCN1	79679
CADM3-AS1	100131825
NPIPA3	642778
PLG	5340
RAD51AP2	729475
TTPA	7274
LINC02009	105377068
MAJIN	283129
PCDHGA7	56108
GRM2	2912
TBX5	6910
DLX3	1747
RIMBP2	23504
YBX2	51087
CFAP126	257177
GRK7	131890
CCK	885
TRIM31-AS1	104533120
SI	6476
BCAR4	400500
KPNA7	402569
ZNF488	118738
AKNAD1	254268
CFAP99	402160
MAPK15	225689
GRIK5	2901
ZIC2	7546
AMTN	401138
MAFA	389692
CTAGE8	100142659
TEKT2	27285
KCNMB2-AS1	104797538
LINC00907	284260
SLC6A19	340024
DCDC1	341019
APOBEC1	339
OR7D2	162998
OR2B6	26212
PCDHA4	56144
LINC01169	102723165
CIDEC	63924
C3orf85	401081
CNTF	1270
FAM135B	51059
ANKRD18B	441459
BAALC-AS2	157556
HTR1D	3352
PDE11A	50940
APC2	10297
LINC00240	100133205
SRPK3	26576
SLC30A10	55532
CHP2	63928
LRRC66	339977
TH	7054
SPRY4-AS1	101926941
ADH1A	124
SLC26A3	1811
SP8	221833
PGM5P4-AS1	103344932
C1QTNF9B	387911
ERVMER34-1	100288413
MKRN2OS	100129480
LRRTM1	347730
STPG4	285051
FEZF1-AS1	154860
DNAH5	1767
ASPG	374569
LINC01555	439927
LINP1	108570035
LBHD2	107984640
AKR1C4	1109
SYT8	90019
TRIM40	135644
ELF5	2001
MOGAT3	346606
CORT	1325
BCO1	53630
ZG16	653808
VWA5B2	90113
SLC34A2	10568
RHBG	57127
SLC18A1	6570
SLC45A1	50651
MORC2-AS1	150291
VPS72	6944
PLA2G6	8398
PSMD5	5711
CLTRN	57393
SMIM10L2A	399668
RAPSN	5913
ATXN2-AS	102723619
FAM209A	200232
UPK2	7379
DISP2	85455
IL4	3565
HPN	3249
TIMM8A	1678
GIPC3	126326
CFAP43	80217
FOXP4-AS1	101060264
SPATA9	83890
BARX2	8538
ONECUT2	9480
LINC01535	101927667
GOLGA8K	653125
NR1I2	8856
PTH2R	5746
CCDC144NL	339184
LAMC2	3918
PEX5L	51555
TM4SF20	79853
IQANK1	642574
C15orf62	643338
HUS1B	135458
ITGB1-DT	101929475
DOCK9-DT	100861541
LINC02323	105370681
ERVH48-1	90625
RGS9BP	388531
RFPL1S	10740
DOK6	220164
SLC50A1	55974
MCM6	4175
PDP2	57546
CNNM3	26505
CHADL	150356
ZDHHC11	79844
ACACA	31
RAI2	10742
SLC25A51	92014
TPBG	7162
MIR4422HG	109729135
ZNF526	116115
ELMO3	79767
EDRF1-AS1	101927983
PABPC3	5042
RBBP8NL	140893
GRIK4	2900
SCTR	6344
HHLA2	11148
SLC9A2	6549
CLDN2	9075
MNX1	3110
ZDHHC11B	653082
MSI1	4440
PLA2G1B	5319
CTNND2	1501
SLC12A5-AS1	109729184
LCN1	3933
GDNF	2668
DLX6	1750
DLX6-AS1	285987
TRHDE	29953
CGB5	93659
LINC00261	140828
TRPM8	79054
LINC01612	101928223
KCNF1	3754
LINC02474	110806276
LINC02259	102723640
PRSS1	5644
INSM1	3642
MGAM2	93432
FAM81B	153643
TDRD1	56165
CYP3A4	1576
HOXA11-AS	221883
PCAT18	728606
CCDC169	728591
APELA	100506013
FNDC5	252995
LINC01483	101928122
LRRC73	221424
OPN4	94233
HTR1B	3351
LINC00664	400680
LINC00881	100498859
ANGPTL7	10218
MB	4151
LINC02232	401134
ATP6V0A4	50617
SRARP	149563
IHH	3549
PCDH8	5100
PTPRN	5798
ACR	49
ALDH3A1	218
TRIM71	131405
DNAAF3	352909
TMEM253	643382
B3GALT5	10317
CYP26A1	1592
MPP4	58538
DNAI1	27019
KBTBD12	166348
POU4F3	5459
LINC01750	643355
TSPEAR-AS2	114043
CYP21A2	1589
UTS2R	2837
MYL7	58498
PICSAR	378825
RIMBP3C	150221
DNER	92737
IRX5	10265
CNDP1	84735
LINC00668	400643
NMRK2	27231
SIX3	6496
CLDN6	9074
ANKS4B	257629
DSCAM	1826
SLC6A4	6532
TINCR	257000
CBLN4	140689
PCDHGB3	56102
SORCS1	114815
DRC1	92749
C2CD4C	126567
MFSD6L	162387
MAGEA3	4102
SLC7A9	11136
LINC01139	339535
ERICH4	100170765
ADAM20	8748
CPNE4	131034
IGDCC3	9543
RAPGEF4-AS1	91149
SCN2A	6326
SHISA3	152573
TNNT2	7139
ACP7	390928
GABRA2	2555
CA5A	763
PCDHA12	56137
PALM3	342979
BDKRB1	623
HAND1	9421
CYP4F11	57834
SPRR2B	6701
SYT12	91683
RNF212B	100507650
SYNPO2L	79933
CELF2-AS1	414196
FSCN3	29999
MBOAT4	619373
FRMPD1	22844
LINC00648	100506433
FGFR3	2261
TM4SF1-AS1	100874091
UGT1A1	54658
KRT15	3866
VWA3B	200403
CATSPER3	347732
LUZP2	338645
LINC01559	283422
POTEF	728378
LINC00941	100287314
DUOXA1	90527
CYP2C9	1559
NR0B2	8431
MPPED1	758
OR4C6	219432
A1CF	29974
CAMK2N2	94032
POU2F3	25833
LINC02503	105377349
GRIA2	2891
MOGAT2	80168
SYN2	6854
ZNF280A	129025
ORM2	5005
LRRC14B	389257
GNG12-AS1	100289178
ETV3L	440695
IGHV1-69-2	28458
ENTPD8	377841
LINC02205	105370880
TAT	6898
KRT7-AS	109729127
PCDH15	65217
EGF	1950
IGHV1-45	28466
IGHV3-42	28427
WASHC5-AS1	106479020
SLC44A5	204962
AQP2	359
DNAH3	55567
LCT	3938
SOST	50964
MIOX	55586
C17orf99	100141515
CACNA1G	8913
DNAH2	146754
AHSP	51327
FZD10	11211
EPYC	1833
RELN	5649
GRIA4	2893
TPPP2	122664
TMPRSS5	80975
C20orf202	400831
CRYBB3	1417
LINC01224	104472717
LINC01929	101927229
RASSF10	644943
KCNC1	3746
LMNB1-DT	102723557
RPL17-C18orf32	100526842
CYP2B6	1555
SLC2A12	154091
EYA4	2070
TCN1	6947
C6orf58	352999
TRAJ20	28735
TMEM221	100130519
LINC02038	105374285
LINC00315	246704
CCDC160	347475
DLG1-AS1	100507086
LINC02360	105374484
ALOX12B	242
LINC00642	400238
RPS4Y2	140032
UCN2	90226
GHSR	2693
GFOD1-AS1	100874025
TRGV1	6973
XIRP1	165904
DACH2	117154
IGHJ1	28483
SATB2-AS1	150538
ADORA2A-AS1	646023
LINC02201	101927379
MEGF10	84466
ASB14	142686
JPH1	56704
SLC10A5	347051
NAV2-AS2	100874014
OR2W3	343171
CELF6	60677
COLEC10	10584
GADL1	339896
GAL3ST1	9514
XIRP2	129446
TRAJ44	28711
TRBJ1-4	28632
TRPV6	55503
SCARNA9	619383
SMLR1	100507203
CITED1	4435
C11orf86	254439
PKN2-AS1	101927891
CLDN9	9080
SHISAL1	85352
ARTN	9048
SLC7A3	84889
APOA4	337
PCP4L1	654790
DLGAP2	9228
FRMPD2	143162
PRODH	5625
ZNF534	147658
PCDHGA2	56113
RBM24	221662
LINC01992	105371708
BRINP2	57795
PTGES3L	100885848
SOD2-OT1	100129518
LINC01393	102724386
RGMB-AS1	503569
BBOX1-AS1	103695435
WDR93	56964
ARHGAP31-AS1	100874246
TMEM145	284339
CPA6	57094
SNX31	169166
KCND2	3751
NR2C2	7182
PCF11-AS1	106736475
ZC2HC1C	79696
LINC01260	79015
KAT14	57325
SLC26A11	284129
CAMSAP3	57662
TF	7018
HAR1B	768097
CCDC62	84660
ALOX12	239
WWC2-AS2	152641
FGF22	27006
MYOM1	8736
ZNF527	84503
ZNF417	147687
ZNF502	91392
POLR3F	10621
CNNM2	54805
PROX2	283571
ASIC1	41
GRID2IP	392862
LAMP3	27074
MAP10	54627
SCYL1	57410
KATNAL2	83473
TNR	7143
DNAJC22	79962
ESRP2	80004
DNAH11	8701
GDA	9615
CAPN14	440854
TMEM178B	100507421
CCDC42	146849
CFAP161	161502
ZFAT-AS1	594840
PRR4	11272
BNC1	646
MS4A3	932
TREML2	79865
PPIL6	285755
BEST4	266675
UBXN10	127733
MATR3	9782
ARL6	84100
NOD1	10392
LINC00598	646982
GVQW3	100506127
LINC01366	257358
ADPRHL1	113622
TANGO6	79613
WASIR2	100132169
CD274	29126
NINL	22981
UQCC1	55245
HABP2	3026
TMEFF2	23671
FOXH1	8928
NKX6-2	84504
FOXD4	2298
ANKRD34B	340120
SLCO1C1	53919
SLC13A4	26266
LINC00857	439990
HCFC1-AS1	100873990
HNF1A	6927
NPIPB6	728741
PPEF1	5475
SUN3	256979
NCBP2-AS1	100874001
LINC01372	101929736
TGM5	9333
GOLGA8F	100132565
CERNA3	105375847
TEKT3	64518
PCDHGB4	8641
OR2T8	343172
ELSPBP1	64100
SHISA6	388336
IL17D	53342
STAB2	55576
LINC01736	101927532
LINC01478	101927921
ADGB	79747
AANAT	15
IGF2BP1	10642
RFPL4AL1	729974
HOXC10	3226
LINC01257	116437
GRB14	2888
MYRFL	196446
CFTR	1080
DCTN1-AS1	100189589
LPO	4025
NACA2	342538
LRRC10B	390205
DSCR8	84677
GABRP	2568
PABPC5	140886
IGHV1-67	28463
TLX2	3196
VSTM2B	342865
LINC00683	400660
TCEAL5	340543
LRRC4C	57689
SLC38A3	10991
CDSN	1041
LINC01962	102577426
CEL	1056
REG3A	5068
ADGRF1	266977
DNAH12	201625
SLC35F1	222553
MAGED4	728239
PCDHB9	56127
FBXO47	494188
IP6K3	117283
DRD2	1813
FABP2	2169
AQP5	362
UBQLNL	143630
TMED7-TICAM2	100302736
NT5DC4	284958
ZNF99	7652
DPP9-AS1	100131094
CHST9	83539
PI15	51050
DEFB4A	1673
CHD5	26038
GML	2765
BHLHE22	27319
LINC00602	441177
C5orf67	101928448
LINC01391	103344930
MMP21	118856
POU3F3	5455
SLC2A14	144195
SMAD5-AS1	9597
IGLC5	3541
SLC25A18	83733
PTCHD4	442213
ALX4	60529
DUSP9	1852
RBP2	5948
PROM2	150696
NETO1	81832
TRPM6	140803
SHANK1	50944
NXNL2	158046
GC	2638
DDN	23109
GDPD2	54857
DLG3-AS1	100873930
FSCN2	25794
SLC5A9	200010
PGM5P3-AS1	101929127
LINC01629	105370578
PRPH2	5961
SLC22A1	6580
TRAM1L1	133022
LINC00470	56651
LRRC15	131578
C9	735
TDRD15	100129278
SLC10A6	345274
FAM228A	653140
LINC02315	644919
LINC01780	105378934
LINC00449	106478991
CLDN10	9071
HPX	3263
MORC1	27136
KCNIP4	80333
ATP4B	496
ALDH1L1	10840
LINC02154	109729169
ERFE	151176
NECTIN3-AS1	100506555
HS6ST3	266722
RHCG	51458
APOB	338
KCNJ1	3758
DCX	1641
VWA3A	146177
ANO4	121601
C12orf50	160419
BRSK2	9024
LINC01271	101927586
FOXO6	100132074
FAM133A	286499
SLC13A2	9058
KCNH7	90134
FXYD4	53828
REN	5972
PCDHA10	56139
FAM171A2	284069
PPP1R2B	153743
CCL16	6360
RCVRN	5957
KLK13	26085
RHBDL3	162494
AK7	122481
CGA	1081
PLPPR5	163404
SOAT2	8435
GABRA3	2556
SCUBE3	222663
PITX2	5308
NPHP3-AS1	348808
NRXN3	9369
AFP	174
AIRN	100271873
MYMX	101929726
ARSI	340075
FAXC	84553
SLC28A2	9153
ANKRD45	339416
UNC80	285175
SLC26A4	5172
MMP20	9313
SERTM2	401613
LINC02577	111216280
KLHL6-AS1	100874019
LINC02532	100422737
GREM1	26585
ABRA	137735
RBAKDN	389458
RNF39	80352
TOMM20L	387990
LINC00908	284276
LINC01985	101928015
SLC2A4	6517
TMEM225B	100289187
CILP2	148113
HPSE2	60495
FAM239C	107987330
PAX9	5083
ENO4	387712
IGLV2-34	28810
COX6B2	125965
PLK5	126520
TMED6	146456
CNNM1	26507
CACNG4	27092
TRAJ4	28751
OR2D2	120776
CBLN2	147381
PCAT7	101928099
EDN2	1907
FOXL1	2300
ZCWPW2	152098
GDF3	9573
MAGEA8	4107
SKOR1	390598
TPSG1	25823
LINC01402	104797536
LHFPL4	375323
ARMCX3-AS1	100128574
LINC01792	100507140
IGKV1D-42	28892
CECR3	27442
LINC01659	101929374
FGF18	8817
PCDHGA3	56112
GOLGA8M	653720
HOXA2	3199
LCTL	197021
CNTN3	5067
NBAT1	729177
LINC01340	102546227
GLRA3	8001
SLC8A2	6543
SRL	6345
ZSWIM2	151112
SLC19A3	80704
ATP2C2-AS1	105371374
LRRC8E	80131
TOX3	27324
CTAGE4	100128553
LY6G6C	80740
LINC02126	101927650
LINC01719	101928979
TRIM72	493829
ANGPTL5	253935
KIF12	113220
PI3	5266
SALL4	57167
TNN	63923
TFAP2C	7022
PHACTR3	116154
POU6F2	11281
LINC01836	107985343
CDH4	1002
GSX2	170825
STT3A-AS1	105369550
PCK1	5105
CERS1	10715
COMP	1311
CAPN9	10753
LINC01562	105378716
C1orf210	149466
ATP4A	495
LMNTD1	160492
NYAP2	57624
PLIN4	729359
PAH	5053
CADM3	57863
C22orf23	84645
SLITRK2	84631
IL5	3567
SIM2	6493
TNNI3	7137
KANK4	163782
KCNE2	9992
MYOM3	127294
ACMSD	130013
LINC02574	111216282
BRDT	676
LINC01489	101928340
OR51E2	81285
TMEM81	388730
LIX1L-AS1	105371260
FBXL13	222235
NOP58	51602
ZNF784	147808
CLDN4	1364
NUDT4B	440672
ENKUR	219670
SH3PXD2A-AS1	100505839
ZBTB20-AS1	100131117
NPM2	10361
AKAP11	11215
TRIM45	80263
GCOM1	145781
STXBP1	6812
PAXBP1	94104
TRBV12-2	28578
ANKRD13A	88455
SMCR5	140771
AARD	441376
GOLT1A	127845
FUT2	2524
VLDLR-AS1	401491
FAM209B	388799
SPDYE1	285955
AEBP2	121536
MUC20	200958
SLC16A11	162515
FOXD2-AS1	84793
ZNF816-ZNF321P	100529240
ACBD7	414149
TBX20	57057
HRNR	388697
VWA5B1	127731
TAS2R19	259294
TFAP2A-AS1	100130275
LINC01018	255167
PIK3C2G	5288
PRR9	574414
DACT3-AS1	100506068
PDE4C	5143
LINC02274	100506498
FGL1	2267
KRTAP5-11	440051
GRAMD2A	196996
LINC01775	101928602
DRP2	1821
SLC39A12	221074
MYL3	4634
CYP11A1	1583
DCDC2B	149069
NCAM1-AS1	100288346
PDIA2	64714
ADGRV1	84059
LINC02217	101929544
LINC01093	100506229
FAT2	2196
LEFTY1	10637
HPCA	3208
ADGRF4	221393
CSMD2	114784
GPR31	2853
HEPACAM2	253012
NLRP11	204801
LINC02321	105370623
EPGN	255324
KLF15	28999
GATA5	140628
RIPPLY3	53820
GALNT17	64409
SLC26A5	375611
ESYT3	83850
HPD	3242
SRGAP2-AS1	100873165
RFPL1	5988
SPATA25	128497
F2	2147
FAT3	120114
JAZF1-AS1	100128081
PRSS27	83886
MYOSLID	105373853
SLITRK6	84189
CBLC	23624
MMP3	4314
APOBEC2	10930
NODAL	4838
PHYHIPL	84457
OPCML	4978
ENTPD3	956
ARAP1-AS2	100506020
HSPB9	94086
RPRML	388394
HOXC-AS1	100874363
PURG	29942
RAP1GAP	5909
RCOR2	283248
TBL1XR1-AS1	100874217
GGT6	124975
PPP1R1C	151242
CLDN16	10686
CCKBR	887
SAG	6295
SRMS	6725
KCNIP3	30818
AGBL4	84871
TMEM184A	202915
CROCC2	728763
LINC00924	145820
C2orf72	257407
DKKL1	27120
P2RX6	9127
TMPRSS6	164656
KIF1A	547
COX8C	341947
MESP2	145873
EPB41L4B	54566
IL13RA2	3598
TBC1D3B	414059
EP300-AS1	101927279
SLC6A13	6540
CYP4F3	4051
LINC00379	100874150
KCNN1	3780
ANKFN1	162282
UGT3A2	167127
NPIPA8	101059953
SAMMSON	101927152
CCER2	643669
CADM2	253559
APOH	350
SPART-AS1	100507135
GRPEL2-AS1	106144529
MANCR	100216001
NLRP4	147945
KCTD19	146212
FUT3	2525
PAX6	5080
LINC01264	104266963
SYT4	6860
SMIM15-AS1	101928630
SYN3	8224
MYLK2	85366
ASAH2	56624
JPH2	57158
MOBP	4336
PCAT14	101978785
SHC3	53358
LYPD6	130574
LINC00670	284034
GPC5	2262
LINC02057	105378992
TEX48	100505478
TACR1	6869
ZNF503-AS1	253264
MDGA2	161357
FOXI2	399823
IGHJ2	28481
IGHV3-65	28413
BMS1P14	101929959
LINC01526	101928770
SH3TC2-DT	255187
TRAJ45	28710
FGF17	8822
SPIC	121599
CKMT1A	548596
LRCOL1	100507055
CCDC181	57821
LINC01273	101927541
LEMD1-AS1	284576
RIBC1	158787
STK32A	202374
LINC01762	101929023
LINC01704	646268
SLCO1A2	6579
PPARGC1A	10891
RDH12	145226
PTPRT	11122
CAPN13	92291
GNG3	2785
RHD	6007
LATS2-AS1	100874066
LINC01748	105378763
AQP8	343
F7	2155
ADAMTS16	170690
RIMS4	140730
ARPP21	10777
LINC02405	101927592
LINC01770	102724312
LRRTM3	347731
CASQ2	845
LINC01843	101927934
CFAP74	85452
SLC6A7	6534
MFRP	83552
DLGAP1-AS4	101410534
SLC16A12	387700
LINC02156	111082992
MROH7	374977
SUSD5	26032
GABRB3	2562
MYT1	4661
CSNK2A3	283106
ADCY10	55811
SCG3	29106
C20orf144	128864
PCDH10	57575
AHSG	197
VEPH1	79674
LINC02227	101927697
KCNJ10	3766
PCDHB12	56124
PRR7-AS1	340037
TRDN	10345
NPC1L1	29881
NKX6-3	157848
CRYBA4	1413
DNMT3L	29947
LINC00923	91948
LINC01638	105372978
SERPINB10	5273
TEX11	56159
PCDHGB1	56104
SLC25A21	89874
EPHA10	284656
CRYGD	1421
IGHGP	3505
MELTF-AS1	100507057
MINDY4	84182
LGALS8-AS1	100287902
SUPV3L1	6832
ZYG11B	79699
MBLAC1	255374
MAPK8	5599
HIP1R	9026
SERF1B	728492
BEGAIN	57596
LINC01703	105373113
SDR16C5	195814
NPR2	4882
ZNF285	26974
PYCR3	65263
BFSP1	631
SLC25A30-AS1	100874259
ACAD11	84129
CAPN11	11131
NPTX1	4884
INSC	387755
TMEM92	162461
IGHEP2	3499
NTN1	9423
TSNAXIP1	55815
PRR36	80164
TG	7038
ABCC2	1244
SMIM18	100507341
PPP1R37	284352
MYH3	4621
WDR48	57599
NTNG2	84628
ZNF785	146540
NAALADL1	10004
DPPA4	55211
ELANE	1991
GPT	2875
LINC01841	105372288
CA6	765
PCP2	126006
IL17RB	55540
MBNL1-AS1	401093
STPG2	285555
CSAG1	158511
DCAF4L1	285429
TBXT	6862
LINC01122	400955
KRT80	144501
LINC02427	105377585
HMGCLL1	54511
LINC00578	100505566
ADRA1D	146
GABRB2	2561
TRAJ34	28721
CCDC183-AS1	100131193
GPR158	57512
ARL5C	390790
IGKV2D-24	28885
ALDOB	229
NME5	8382
BPIFB1	92747
EIF2S3B	255308
LINC01474	101927258
KLK5	25818
LINC01705	107985307
PSAPL1	768239
GP6	51206
PRSS33	260429
MYH7B	57644
RUNDC3A	10900
LINC01915	729950
ALLC	55821
COL25A1	84570
RGS20	8601
GLUD2	2747
MIR4432HG	106660609
OTX2	5015
SYT13	57586
IGHV1-14	28470
PTGER1	5731
KCNK3	3777
LINC01317	104355287
OGFR-AS1	101409261
PNMT	5409
AMBP	259
FFAR1	2864
SPATA41	388182
GSTA2	2939
PTPRD-AS1	101929407
LINC02298	102723354
BNC2-AS1	111216284
SPATA32	124783
PRAME	23532
LINC01554	202299
ITGB6	3694
LINC02166	105371416
HFM1	164045
TTLL9	164395
HOXA11	3207
PRRT3-AS1	100874032
CNTD1	124817
GOLGA8H	728498
LRRC55	219527
SOX2	6657
ST6GALNAC5	81849
GRHL2	79977
LINC00639	283547
HSD17B13	345275
ASPA	443
FPGT-TNNI3K	100526835
MUC5B	727897
GAL	51083
GAD1	2571
CDH8	1006
SPATA13-AS1	100874231
RBPMS-AS1	100128750
TP53TG5	27296
COL28A1	340267
CYSRT1	375791
EMILIN3	90187
ADGRB3	577
NPAS3	64067
QRFPR	84109
RAET1G	353091
PLEKHS1	79949
LIN28A	79727
IL19	29949
MEP1A	4224
PLD5	200150
CRYBB2	1415
GRM6	2916
HES7	84667
MAB21L1	4081
ELN-AS1	107986809
FRRS1L	23732
LRP1-AS	105751187
TAL2	6887
YEATS2-AS1	100874113
LINC00304	283860
CNTN2	6900
BMPR1B	658
NRXN1	9378
PTCHD1	139411
LINC02341	105370177
IGFL2-AS1	645553
SLC26A8	116369
KERA	11081
C5orf46	389336
DHH	50846
KCNB1	3745
LINC01095	100505545
CYP26B1	56603
NNAT	4826
LINC00332	100874127
TMPRSS2	7113
ZSCAN1	284312
HES5	388585
SLC34A1	6569
CCL1	6346
MYOCOS	110806290
DOCK4-AS1	100506413
TTYH1	57348
SCAANT1	100861563
NFIA-AS2	100996570
FCN2	2220
FER1L6	654463
LINC01143	104355141
MS4A6E	245802
LINC01888	107985893
IGHV3-64	28414
TMEM130	222865
RHOXF1	158800
FAM3B	54097
NUP205	23165
EGFL8	80864
WEE2-AS1	285962
CBLN3	643866
PAGR1	79447
BBS12	166379
PRR15	222171
C8G	733
TREX2	11219
CEBPB-AS1	101927559
CREB3L3	84699
LXN	56925
ARL9	132946
ETNK2	55224
GBP3	2635
ZNF217	7764
BET1	10282
SKIDA1	387640
ST7-AS1	93653
EPN3	55040
SAMD12-AS1	552860
IRX3	79191
DQX1	165545
NOXO1	124056
CACNA1F	778
C1QTNF3	114899
TBC1D3L	101060376
CALCB	797
ZHX1-C8orf76	100533106
SDK1	221935
PRAP1	118471
SYNE4	163183
NME9	347736
PLEKHG3	26030
ZNF777	27153
KLHL20	27252
PHKA2-AS1	100132163
WDR72	256764
LINC02376	105370065
RSPO1	284654
PCDHB11	56125
KCNQ4	9132
MS4A15	219995
RIMS1	22999
DPPA3	359787
LINC02454	105369807
LINC00671	388387
CRTAC1	55118
ARHGAP8	23779
WNK4	65266
SPOCD1	90853
GPR143	4935
UBE2F-SCLY	100533179
PLA2G4B	100137049
NOS2	4843
RERGL	79785
TEX15	56154
PXDNL	137902
CALHM4	221301
NOTUM	147111
ANKRD7	56311
TPTE2	93492
LINC02387	101929027
ATP2C2	9914
LONRF2	164832
BEAN1-AS1	101927726
FAM86B2	653333
RPS6KB2-AS1	111216279
PCYT1B	9468
PCDHGA11	56105
NUP210L	91181
VXN	254778
ID2-AS1	100506299
KRT222	125113
DPF1	8193
ERBB4	2066
DAO	1610
TM4SF4	7104
CCBE1	147372
CRB2	286204
CPA4	51200
DIO1	1733
NELL1	4745
HOXD11	3237
ANKRD66	100287718
PCDHGB2	56103
C6orf141	135398
MDH1B	130752
KCNJ11	3767
RSPH14	27156
SSUH2	51066
LINC01686	284648
SCN4A	6329
HS6ST2	90161
FGB	2244
CASQ1	844
CORIN	10699
STMN2	11075
LINC01415	100132501
FBXO39	162517
FRGCA	106481742
FAM182B	728882
PLEKHG7	440107
LRRN2	10446
ANKUB1	389161
SCGB3A2	117156
ADAMTS15	170689
IGKV2-40	28916
TEX29	121793
PCDHB10	56126
LINC01115	339822
IGKV6D-21	28870
CYP2C18	1562
HOXB9	3219
GLIS1	148979
LINC01412	101928455
TAS2R31	259290
CFAP46	54777
LOXL4	84171
CLVS1	157807
IGKV1-35	28932
POU5F1	5460
HOXA-AS3	100133311
IGLV11-55	28770
KLB	152831
NDST1-AS1	102546298
COL22A1	169044
LINC01724	105371673
MYOC	4653
RNF112	7732
DANT2	642776
CCL21	6366
SV2C	22987
SYPL2	284612
KCNRG	283518
SEMA3E	9723
HID1-AS1	102723641
SH3RF3-AS1	100287216
PCDHAC2	56134
ZIC3	7547
FRMD5	84978
LINC00111	54090
CCDC39	339829
IGKV2D-40	28878
CCL26	10344
TRBV5-3	28612
ADAM11	4185
MUCL1	118430
BOK-AS1	100379249
CFAP221	200373
DCLK3	85443
UBE2R2-AS1	101929688
PRIMA1	145270
OR2B11	127623
PTGES3L-AARSD1	100885850
GRIA3	2892
CHGA	1113
C3orf36	80111
MATN3	4148
CAVIN4	347273
SCRG1	11341
LEFTY2	7044
DOLPP1	57171
PITRM1	10531
JAKMIP2-AS1	153469
SMIM20	389203
LINC01569	100507501
RBM44	375316
MEGF11	84465
LINC01229	101928248
TADA2A	6871
SHMT1	6470
SNX15	29907
DUSP19	142679
PPAT	5471
NAA30	122830
KCTD13	253980
TNIP2	79155
PIK3CD-AS1	644997
ABHD13	84945
COL11A2	1302
HUNK	30811
KIAA1614	57710
DBH	1621
MISP	126353
CCDC194	110806280
C13orf46	100507747
GAS5-AS1	100506046
FRY-AS1	100507099
CASC8	727677
LINC00237	105372556
SPIN2A	54466
SPDYE5	442590
DPH6-DT	100507466
C1orf56	54964
STON1	11037
SLC9A9	285195
MSANTD1	345222
TOP1MT	116447
S100A14	57402
CDC37L1	55664
ZNF229	7772
TARID	100507308
LINC02344	105370154
SLC30A3	7781
MTRNR2L1	100462977
HCAR1	27198
FGF10	2255
NXPE4	54827
GAP43	2596
SALRNA2	104548973
LINC01991	105374266
MAPK8IP2	23542
SLC51A	200931
C4BPA	722
PNPLA1	285848
LINC00677	105370683
PCDHB2	56133
PCDHB4	56131
KLK8	11202
KIRREL2	84063
VIPR1-AS1	100874007
OTX1	5013
AXDND1	126859
WIF1	11197
GCG	2641
VN1R1	57191
RXRG	6258
C1orf116	79098
ZNF311	282890
BSN	8927
SPAG17	200162
LINC02541	101927686
HRC	3270
SLC32A1	140679
NALCN	259232
CHRDL2	25884
ISLR2	57611
STRA6	64220
CGB7	94027
DSCAML1	57453
RHOV	171177
TM6SF2	53345
CCDC73	493860
KLK7	5650
GLP2R	9340
RUNDC3A-AS1	101926996
B4GALNT4	338707
LINC01842	101928845
PLA2G4E-AS1	101928388
AJAP1	55966
GPR3	2827
DENND6A-DT	101929159
FNDC9	408263
TRABD2B	388630
IL31RA	133396
LINC01909	101927481
LINC00504	201853
COL4A2-AS2	100129836
CCDC26	137196
C8orf48	157773
IGHV3-35	28432
TRIM50	135892
TMEM35A	59353
PDYN-AS1	727993
SERPIND1	3053
LINC01558	26238
CCDC187	399693
DKK1	22943
PCDHGA6	56109
PGM5-AS1	572558
ZDHHC19	131540
PPP1R26-AS1	100506599
SH3TC2	79628
LINC01507	101927477
TNMD	64102
WNT2	7472
IGKJ4	28947
LINC02575	111216286
CFAP157	286207
WNT5A-AS1	100874008
KCTD16	57528
ORM1	5004
FGG	2266
HOXB8	3218
ITLN2	142683
LRRN4	164312
ERICD	104355217
HNF4G	3174
IGKV2-18	28926
GPR52	9293
SIX2	10736
ARHGEF33	100271715
CELF4	56853
COL6A6	131873
IZUMO1	284359
SP5	389058
LINC01501	340515
IGHV3-22	28443
NKD2	85409
DLK1	8788
FAM225B	100128385
SUGCT	79783
MAL2	114569
ZNF585A	199704
THRIL	102659353
LINC01252	338817
VPS37D	155382
LINC01730	101929125
HACL1	26061
ARMCX4	100131755
ZNF436-AS1	148898
EDA2R	60401
HSD17B6	8630
GOLGA6L10	647042
RAB33B	83452
SPRYD4	283377
USP54	159195
ZNF695	57116
ZYG11A	440590
FOXQ1	94234
LINC01954	101929733
MAGED4B	81557
SPATA17	128153
OMG	4974
CMTM1	113540
TUBA8	51807
ZNF630	57232
LINC02470	100506159
SLC16A10	117247
WNK3	65267
AFAP1-AS1	84740
ERCC4	2072
XXYLT1-AS2	101410543
YY2	404281
ECI1	1632
UCA1	652995
SFTA1P	207107
KEL	3792
NGEF	25791
SLC7A10	56301
PLPP4	196051
ADAMTS8	11095
FOXC2	2303
AADAT	51166
BACH1-IT2	100874322
PNMA8A	55228
LINC00458	100507428
CACNA1D	776
PFN4	375189
WNT9A	7483
SOSTDC1	25928
RNF128	79589
TREML4	285852
ADCY2	108
USP2-AS1	100499227
DENND5B-AS1	100874249
TMEM59L	25789
GYPE	2996
SLC22A13	9390
MYOZ1	58529
ADAD2	161931
SV2B	9899
SRSF12	135295
ELOVL2	54898
EBF3	253738
TMEM151A	256472
DM1-AS	109729182
NEUROG3	50674
TMEM26-AS1	101928781
LINC00595	414243
KCTD14	65987
VPREB1	7441
ELOVL3	83401
IGLV5-37	28783
RBFOX3	146713
PADI6	353238
TRGV11	6985
PKHD1	5314
GYG2	8908
EPHA7	2045
ANXA13	312
CDH3	1001
TMIE	259236
PRSS8	5652
KRT36	8689
WWTR1-AS1	100128025
SLC23A1	9963
TCL1B	9623
DNASE2B	58511
PCLO	27445
GPR173	54328
CR1L	1379
TENT5B	115572
AGTR1	185
TMEM132C	92293
RASL10B	91608
ERVFRD-1	405754
TUB	7275
GLRB	2743
CDHR5	53841
BMX	660
BTC	685
UNC5A	90249
SIX4	51804
LGR5	8549
MYBPH	4608
TAS2R10	50839
LINC01152	102606463
SRCIN1	80725
NHLH1	4807
CYS1	192668
STUM	375057
FAM156B	727866
MAP3K15	389840
SERPINA3	12
SCN5A	6331
KLRG2	346689
PIH1D2	120379
SPINK5	11005
GALNTL6	442117
AMH	268
LINC01827	105373818
MS4A8	83661
TENM2	57451
PCOLCE-AS1	100129845
ASPRV1	151516
VAT1L	57687
CLEC19A	728276
MALRD1	340895
LINC00310	114036
ZNF283	284349
RUNDC3B	154661
ACE	1636
ESS2	8220
TMEM200A	114801
RNF227	284023
ARL17A	51326
CPS1	1373
SNORC	389084
ATP7B	540
KNDC1	85442
PCDHGB6	56100
C9orf163	158055
SCNN1D	6339
ESRP1	54845
SLC10A1	6554
JMJD1C-AS1	84989
PYROXD2	84795
PROSER2	254427
NIT1	4817
ERICH5	203111
MUC17	140453
FOXA3	3171
ZNF843	283933
FMO1	2326
KCND3	3752
FAM47E	100129583
KCNJ12	3768
HNF4A	3172
RNF43	54894
SYCP3	50511
PLXNA4	91584
ZNF549	256051
CRY2	1408
MEST	4232
MYH14	79784
FAM161A	84140
CENPV	201161
LINC02104	101926940
KRT1	3848
RFPL4A	342931
SNAP25	6616
IGKV5-2	28907
NIM1K	167359
KLHDC7A	127707
HMGCS2	3158
SH2D6	284948
LINC00543	100132234
FAM181B	220382
IL11	3589
IL12A-AS1	101928376
LHX9	56956
IGKV2D-26	28884
LINC01436	100996609
SLC16A9	220963
GALNT5	11227
ALDH8A1	64577
FZD9	8326
SMTNL2	342527
RPS6KA6	27330
TRBV12-1	28579
CKMT2	1160
CCNB3	85417
LINC01505	100996590
QRFP	347148
WNK2	65268
HCG22	285834
HNF1B	6928
GPD1	2819
CDRT4	284040
EPB41L4A-DT	54508
COL11A1	1301
LINC01356	100996702
NRG4	145957
HOXD4	3233
PCDH19	57526
SP6	80320
SLC13A3	64849
TMEM200C	645369
ECEL1	9427
SLC9C1	285335
ZNF214	7761
ZNF98	148198
IGLV4-3	28786
LINC00298	339788
PPFIA2	8499
RXFP1	59350
SAA2	6289
PTGFR	5737
CACNG8	59283
TCF15	6939
GPR42	2866
GBP6	163351
SMIM31	100505989
ADAMTS18	170692
LINC02029	105374177
RND2	8153
SHANK2	22941
PLXNB3	5365
LINC02161	105379076
CHMP1B-AS1	109729129
KIR3DL3	115653
MOGAT1	116255
AZGP1	563
NPPC	4880
PAEP	5047
LPAR4	2846
GRIN3B	116444
MKX	283078
IGFBP7-AS1	255130
VSTM2L	128434
WNT3	7473
SERPINI2	5276
MYO18B	84700
CFAP57	149465
NPY1R	4886
MST1R	4486
ZNF670	93474
LINC01126	100129726
CDON	50937
C11orf65	160140
C16orf86	388284
DDIT4L	115265
DLG2	1740
DIAPH2-AS1	10824
LINC00471	151477
MIA	8190
KLLN	100144748
MCF2	4168
GHET1	102723099
RAP2C-AS1	101928578
NT5DC3	51559
PNMA8B	57469
ZSWIM3	140831
P2RX5	5026
MYH15	22989
ANKRD20A1	84210
CDX1	1044
PRDM16	63976
NPIPB9	100507607
SLC6A20	54716
MSMP	692094
PHACTR2-AS1	285740
LINC00562	100861549
HBQ1	3049
CHKB-CPT1B	386593
ZDHHC6	64429
FAM174B	400451
METTL24	728464
TNS4	84951
TCAP	8557
SULT1A4	445329
VAV3-AS1	100873946
MARVELD2	153562
SPINK4	27290
ZNF425	155054
ABCF3	55324
TTC27	55622
CXorf65	158830
PKD1L3	342372
LINC00589	619351
GRIN2C	2905
PNPLA3	80339
DCDC2	51473
PRSS2	5645
NUTM2B	729262
PART1	25859
KCNG2	26251
PPY	5539
PCDHB5	26167
LINC01238	102723927
SERTM1	400120
RGS22	26166
GLIS2-AS1	101926896
NLGN1	22871
LCN12	286256
ASXL3	80816
TCEAL6	158931
ERN2	10595
NTRK3	4916
LINC00659	100652730
HAPLN1	1404
KIAA1614-AS1	103344928
REP15	387849
FAM87B	400728
C3orf80	401097
DRICH1	51233
ABHD12B	145447
NXF3	56000
UNC13A	23025
CECR2	27443
DCAF8L2	347442
SFTPB	6439
ST6GAL2	84620
PANX2	56666
WFDC3	140686
CABCOCO1	219621
IDO2	169355
MTTP	4547
UPK1B	7348
BEAN1	146227
TMEM178A	130733
CAPNS2	84290
FGA	2243
SLC39A5	283375
COL17A1	1308
AFDN-DT	653483
TACR2	6865
PRPH	5630
ATRNL1	26033
ATP5MGL	267020
SYCE2	256126
ANGPTL1	9068
SPACA3	124912
SCN3B	55800
LRP4-AS1	100507401
IGHV2-70D	102723168
ZNF454	285676
TMPRSS4	56649
TMEM266	123591
CAMK2B	816
LINC00632	286411
BTN1A1	696
HHIPL1	84439
NTN5	126147
SLC8A3	6547
CSMD1	64478
TMC1	117531
CLEC4M	10332
SGK2	10110
DGKI	9162
TNNT3	7140
TBX15	6913
KLHL33	123103
ANKRD26	22852
ESR1	2099
ZNF771	51333
NAT9	26151
BFSP2-AS1	85003
IRAK1BP1	134728
TMEM202-AS1	105370888
PLEKHH2	130271
ZKSCAN2	342357
NPAS1	4861
TMC5	79838
ABHD17C	58489
BTBD8	284697
DIRC3	729582
COBL	23242
ZNF625-ZNF20	100529855
CLIC6	54102
ADGRB1	575
ULBP1	80329
MAST1	22983
LINC00624	100289211
CYP2F1	1572
LINC01597	400841
CACHD1	57685
DNM1P35	100128285
CLDN18	51208
ITIH4	3700
TMEM11	8834
IGHV1-58	28464
CCDC89	220388
SEC14L6	730005
GPR75	10936
RBMS3-AS3	100873979
GRM8	2918
KIAA0319	9856
ACTN3	89
SOX30	11063
SLC25A21-AS1	100129794
PDZK1	5174
C16orf89	146556
FOXL2NB	401089
DIO3	1735
PLEKHG6	55200
DSC3	1825
SLC1A2	6506
SHOX2	6474
ADAM32	203102
GRM7	2917
CLEC12A-AS1	400002
POU4F1	5457
SHC4	399694
SRRM5	100170229
C1orf226	400793
HSD3B2	3284
IGLJ2	28832
ELF3-AS1	102723465
SULT2B1	6820
WNT11	7481
BMP5	653
NTNG1	22854
SIX1	6495
HLA-DQB1-AS1	106480429
KIRREL3	84623
HAPLN4	404037
ACOD1	730249
LRGUK	136332
LINC00473	90632
STEAP1B	256227
ASIC4	55515
ZNF385C	201181
SLC4A11	83959
OSTN-AS1	106480738
SLC22A3	6581
IL1RAPL1	11141
DAPL1	92196
ZIM2-AS1	101929059
BARX1	56033
FGF1	2246
PLP1	5354
SCUBE2	57758
SPTBN2	6712
DND1	373863
S100P	6286
SH3BGR	6450
TBC1D22B	55633
FBXO36	130888
ZNRF3	84133
PLEKHA6	22874
SMC1B	27127
INCA1	388324
SLC44A4	80736
CLCN2	1181
SERF1A	8293
CLN5	1203
ZNF883	169834
FXYD3	5349
VGF	7425
TRIM17	51127
IGLV3-9	28804
LINC00200	399706
INPP5J	27124
LINC02334	101929077
LYG1	129530
LINC00158	54072
LRRC39	127495
MUC3A	4584
VASH2	79805
LINC01579	283682
GDF7	151449
CDHR2	54825
SPRR2F	6705
LYPLAL1	127018
TEX14	56155
ZNF334	55713
CSTF3-DT	338739
BACE1-AS	100379571
VSIG2	23584
C1orf74	148304
DIP2C	22982
IGKV2-26	28922
NCAM2	4685
HOXC9	3225
NCCRP1	342897
PCDHB13	56123
CYP39A1	51302
FIGN	55137
DUOX2	50506
PRRG3	79057
FLRT3	23767
MTMR7	9108
KIAA1549L	25758
IL22RA2	116379
LINC01605	100507420
KLK6	5653
PPL	5493
NANOS1	340719
KLK4	9622
TMEM240	339453
CSF3	1440
CYP4F12	66002
PTPN5	84867
LRP2	4036
ACTN2	88
KCNN2	3781
MOV10L1	54456
TECTA	7007
PPP1R1A	5502
PZP	5858
LHX2	9355
CABYR	26256
LINC01819	102723854
PLEKHG4B	153478
LINC01485	101928154
NPHS1	4868
ITIH3	3699
PPP1R14C	81706
FKBP1C	642489
ANXA9	8416
HOXD1	3231
TM4SF5	9032
PNCK	139728
AOC1	26
TCF23	150921
IGHV1OR15-3	646370
FKBP6	8468
NEFM	4741
SYT7	9066
HR	55806
IGKV1D-37	28894
SALL1	6299
BMPER	168667
MUC4	4585
BRWD1-AS2	103091865
ANKS3	124401
ADNP-AS1	101927631
TPPP	11076
ALKBH3	221120
HACE1	57531
PEX13	5194
ZNF341	84905
CCNT2-AS1	100129961
PEX14	5195
RAD51	5888
ZBTB12	221527
ZNF221	7638
DNAJC27-AS1	729723
APLF	200558
NEBL	10529
AMER1	139285
PANO1	101927423
SPINT1-AS1	102724362
SLMAP	7871
ARV1	64801
TTC39A	22996
RN7SL832P	106479524
HS3ST3A1	9955
SEC23A-AS1	105370458
ARHGAP39	80728
CUX2	23316
FGF2	2247
PLEKHD1	400224
TMSB15B-AS1	100128594
CCDC17	149483
FIGNL2	401720
SDHAF4	135154
GDPD1	284161
MAP3K9	4293
TBC1D32	221322
CDR1	1038
LINC02519	105378147
EMX2OS	196047
CCDC85A	114800
GALNT14	79623
GATA6-AS1	100128893
LINC02390	105369652
LINC01664	100996342
DUOX1	53905
LINC01270	284751
MUC13	56667
LINC01013	100507254
LEP	3952
LINC01685	105378656
CXCL17	284340
RADIL	55698
LIPG	9388
PTPRR	5801
TMLHE-AS1	100507404
RAG1	5896
MYO15A	51168
USP43	124739
MAP1LC3C	440738
PRRX2	51450
CCDC148	130940
SYT15	83849
XKR9	389668
TRIM9	114088
LRCH2	57631
FBXO43	286151
CNTFR	1271
TTR	7276
CCNO	10309
COX6A2	1339
ZNF114	163071
NAALAD2	10003
ATP1B3-AS1	100874077
LINC02182	101928880
TBX18	9096
MNX1-AS1	645249
ZNF556	80032
KREMEN2	79412
SNAPC3	6619
TOMM22	56993
PANK1	53354
MIR646HG	284757
LINC00106	751580
AP1M2	10053
AKR7A3	22977
ZNF667	63934
MAP2K6	5608
LGALS4	3960
ASMTL	8623
ADAMTSL2	9719
DLL3	10683
MAP1LC3B2	643246
PHYHIP	9796
CHRNA6	8973
RAB17	64284
LINC01376	400945
SLC9A5	6553
CEACAM6	4680
PEBP4	157310
SPTBN4	57731
ZNF541	84215
GPR137C	283554
ACACB	32
LIN7B	64130
CNKSR1	10256
SLC1A1	6505
SMARCD1	6602
MAK	4117
NTSR1	4923
SH3D19	152503
MYO5C	55930
GPR39	2863
ERICH3	127254
SPTB	6710
ASTN1	460
CCDC40	55036
TMEM105	284186
GNMT	27232
REEP1	65055
CA3-AS1	100996348
PPP1R3C	5507
EFCAB12	90288
GOLGA8O	728047
LINC01814	101929567
SPATA18	132671
TRMT9B	57604
HOXC8	3224
PKD1L1	168507
HAS2-AS1	594842
ADAMTS3	9508
IL17C	27189
MSX2	4488
PCDHB14	56122
GPR33	2856
LINC00323	284835
BCL2L10	10017
ZCCHC12	170261
PLAC4	191585
FATE1	89885
CASC9	101805492
PAMR1	25891
ZSCAN23	222696
SPAG6	9576
TRPC3	7222
CMA1	1215
LINC01914	101929723
IGSF3	3321
GJA5	2702
GSTA1	2938
PMEL	6490
C1orf167	284498
PCDHB15	56121
RFLNA	144347
PLN	5350
DNAJB5-DT	101926900
SAMD15	161394
AMPH	273
CRLF1	9244
KIAA1549	57670
PDZRN4	29951
PRKAA2	5563
TTBK1	84630
TFAP2A	7020
IDI2-AS1	55853
C17orf113	110806298
SCN8A	6334
WDR31	114987
LINC02195	105371152
GRHL1	29841
GPRASP2	114928
OCEL1	79629
LMCD1-AS1	100288428
BCHE	590
C10orf105	414152
TCERG1L	256536
RSPH1	89765
LINC01973	400624
SHROOM3	57619
YPEL2	388403
ACER2	340485
KIAA1586	57691
ZNF765	91661
WNT6	7475
ADH1C	126
HEXA-AS1	80072
CYP4V2	285440
TMEM108	66000
SPOCK3	50859
ACKR4	51554
RSPH9	221421
AVPR1A	552
CRABP1	1381
CCL25	6370
EXOC3L4	91828
HMHB1	57824
HOXB-AS3	404266
CFHR1	3078
GNA14	9630
LINC01634	100192420
FAM72C	554282
PRKCG	5582
GPR20	2843
KLRF2	100431172
GRIP2	80852
CHGB	1114
MYL4	4635
TP63	8626
MFSD2B	388931
WNT4	54361
EBF2	64641
VSTM2A	222008
FILNC1	100132735
PCDHGB7	56099
IGLV4-60	28785
COL10A1	1300
DLEU7-AS1	100874074
OVGP1	5016
LINC00882	100302640
FHL5	9457
EMX2	2018
KLK10	5655
MYZAP	100820829
GRID1	2894
HYDIN	54768
ODAPH	152816
MRAP2	112609
RASD2	23551
RAMP2-AS1	100190938
MATN1	4146
ARIH2OS	646450
CDC42BPG	55561
RNF24	11237
PLA2G2C	391013
PPP1R1B	84152
CHKB-DT	100144603
BEND3	57673
MRPS9	64965
AVIL	10677
OSBP2	23762
SCX	642658
EFCAB5	374786
PSORS1C1	170679
LINC00997	401321
FHDC1	85462
ILDR1	286676
TTLL10	254173
RPF1	80135
DCAF1	9730
RGPD6	729540
ZNF80	7634
PPM1B	5495
MBIP	51562
ERCC6L	54821
KCNK1	3775
DNMT3A	1788
PCSK4	54760
CYP51A1-AS1	613126
PPCS	79717
JPT2	90861
ANXA8L1	728113
CXCL6	6372
PRSS40A	150527
PKNOX2	63876
TSLP	85480
SFRP2	6423
TLL1	7092
NPTX2	4885
FMO3	2328
NXPH3	11248
HOXA10-AS	100874323
SERINC4	619189
UTS2B	257313
SLC52A3	113278
PYGO1	26108
PRTG	283659
NTM	50863
AQP7	364
COL9A1	1297
PABPC4L	132430
ANKRD24	170961
CCL17	6361
EPN2-AS1	100874018
NECTIN4	81607
SAPCD1	401251
ITPKA	3706
LGI2	55203
IGSF9	57549
OMD	4958
KCNE5	23630
LINC01907	151475
CTNNA3	29119
CLDN3	1365
FIBCD1	84929
SLC38A11	151258
CLGN	1047
CLSTN2	64084
HOXC5	3222
S100A1	6271
IGKV1D-43	28891
VANGL2	57216
B4GALNT1	2583
BMP3	651
PCDHB16	57717
IGHV2-26	28455
GSDMC	56169
MMP10	4319
RAB3C	115827
AHCTF1	25909
NT5M	56953
CNTNAP1	8506
NHLRC1	378884
PRR19	284338
IQCH	64799
ZNF615	284370
FAM13A-AS1	285512
HDDC3	374659
CCDC13	152206
SLC23A3	151295
HPDL	84842
LMO7-AS1	101927155
ZNF252P-AS1	286103
GNG4	2786
ETV7	51513
ZCCHC18	644353
LNX2	222484
NACAD	23148
GFI1B	8328
PCDHGB5	56101
KLKB1	3818
MMAA	166785
L1CAM	3897
VPS33B	26276
MKRN2	23609
JARID2-AS1	100506681
CEP83-DT	144486
ASIC3	9311
PYGM	5837
ROM1	6094
RP9	6100
GTF2H2C	728340
ITGB3	3690
MMP7	4316
PON3	5446
MYBPC2	4606
GPM6A	2823
MYOCD	93649
HORMAD1	84072
TSGA10IP	254187
WNT16	51384
HAND2-AS1	79804
C10orf55	414236
LINC02542	102724168
SPATC1	375686
LOXHD1	125336
OVOL1	5017
CST1	1469
RDH16	8608
CGREF1	10669
FAM78B	149297
LINC02068	105374219
IGLV2-33	28811
SRRM3	222183
ERC2	26059
SEZ6	124925
OR51E1	143503
FOLH1	2346
THSD4	79875
NMNAT2	23057
FAM180B	399888
FITM1	161247
IGLV2-5	28818
CIRBP-AS1	148046
LINC02073	105371828
ATP2A1	487
FGF12	2257
HSPB7	27129
LINC01082	100506542
ARL14	80117
P2RX5-TAX1BP3	100533970
FAM227A	646851
CSDC2	27254
SYCE3	644186
PTPRD	5789
OSBPL6	114880
HMCN2	256158
FMO2	2327
IGHV7-81	28378
CHRDL1	91851
UPB1	51733
LINC01635	101928043
COL4A6	1288
C6orf132	647024
AKR1C1	1645
SEMA3F-AS1	100129060
KSR2	283455
LINC01431	100505683
TRNP1	388610
POLI	11201
WDR20	91833
TJP2	9414
YJEFN3	374887
DHX58	79132
INMT	11185
GPSM1	26086
C8orf58	541565
LRCH3	84859
TMEM125	128218
SLC52A1	55065
SEC61A2	55176
SGCB	6443
RAD9A	5883
PRR22	163154
ANKDD1B	728780
SMIM22	440335
LIAS	11019
STBD1	8987
LINC00842	643650
TIMP4	7079
MYOZ3	91977
CAPN6	827
LY6K	54742
ANXA8	653145
DCLK1	9201
COLCA1	399948
PDE8B	8622
LINC01091	285419
MYCN	4613
IGLV10-54	28772
GOLGA8Q	727909
GRIK2	2898
CASC2	255082
PNMA6A	84968
VAX2	25806
ADAM33	80332
LYPD6B	130576
BAALC-AS1	100499183
NIPAL4	348938
IL21R-AS1	283888
LINC02245	400958
LINC01918	105373984
ASCL4	121549
SCG2	7857
RBM20	282996
OXTR	5021
RET	5979
GAS6-DT	100506394
DDX20	11218
ATP1B2	482
CHDH	55349
EFNA3	1944
PPT2	9374
NDUFB2-AS1	100134713
NPTXR	23467
GPR63	81491
GPRC5D-AS1	100506314
KATNA1	11104
METTL27	155368
ZNF235	9310
TERF2IP	54386
TMEM220-AS1	101101775
ZNF571-AS1	100507433
ATP6V1C2	245973
FOXD2	2306
GPRIN1	114787
CYB5B	80777
LINC01547	84536
RHPN2	85415
FUT1	2523
SFRP5	6425
HOXA3	3200
GSC	145258
CACNB2	783
LRRC46	90506
BMPR1A	657
PPFIA4	8497
RAD9B	144715
LINC01572	101927957
GEMIN2	8487
ZEB1-AS1	220930
TPBGL	100507050
SMIM2-AS1	101929212
SLIT1	6585
TRPC4	7223
LINC01852	107984773
PNMA2	10687
RGN	9104
ATP1A2	477
KCNA5	3741
GAS1RR	100506834
BHMT2	23743
IGDCC4	57722
MYO3B	140469
C1orf220	400798
FOXA1	3169
SLC16A8	23539
HRCT1	646962
NOVA1	4857
TDO2	6999
KIAA1755	85449
HSF2BP	11077
SEMA3D	223117
LINC01127	100506328
DNAH7	56171
CCDC183	84960
HADHB	3032
LINC01301	100505532
TNK2-AS1	100128262
DUSP18	150290
KCNAB3	9196
FIGNL1	63979
THAP2	83591
VHL	7428
ZBTB7C	201501
ZFP92	139735
TRIM21	6737
C11orf71	54494
CDKN2B-AS1	100048912
CERS2	29956
SETMAR	6419
PHKA1	5255
FXN	2395
NCMAP	400746
STAR	6770
HMSD	284293
KCNQ3	3786
FAM3D	131177
RIPOR3	140876
TLDC2	140711
ZNF281	23528
TSTD3	100130890
CEP85L	387119
ZCCHC14	23174
NUP62CL	54830
ZNF613	79898
KCNJ14	3770
NUTF2	10204
AKAP6	9472
KDM4D	55693
LYPD5	284348
LINC00852	84657
MT3	4504
C14orf93	60686
KCNK15	60598
PTPRU	10076
DLX5	1749
DGCR6	8214
TULP2	7288
IGKV6-21	28906
LINC00702	100652988
ITGBL1	9358
CD5L	922
FOXP2	93986
GALNT15	117248
CEP295NL	100653515
HMGA2	8091
EFNB3	1949
OR52K1	390036
LINC00384	102157400
KRT5	3852
PLPPR4	9890
ALKAL2	285016
SLC6A1	6529
SPATA12	353324
SYT2	127833
LINC01134	100133612
FGFR4	2264
ABCB6	10058
FAM220A	84792
CCT6B	10693
SVOPL	136306
ZNF548	147694
DHRS11	79154
ANAPC15	25906
CDH26	60437
PLGLB2	5342
ELOVL7	79993
SLC16A13	201232
ZDHHC23	254887
PAK3	5063
METTL13	51603
TMEM161B	153396
HTR2B	3357
MTCP1	4515
C16orf46	123775
BOLA2	552900
ZACN	353174
FIRRE	286467
PSMC6	5706
BTNL8	79908
GJC2	57165
RHBDL2	54933
PTPRH	5794
TMEM229B	161145
MMRN1	22915
LINC00092	100188953
BBS5	129880
ZFP41	286128
GLB1L2	89944
AGAP9	642517
NAA60	79903
ADARB2	105
MAMLD1	10046
TNNC2	7125
FBXL19-AS1	283932
STPG1	90529
CCDC121	79635
ERCC8	1161
CYP4X1	260293
EFR3B	22979
ATP10B	23120
TLL2	7093
LRP1B	53353
CAMK1G	57172
MUC6	4588
FOXL2	668
NPR3	4883
HAND2	9464
CFAP300	85016
IGHV3-71	28411
EVPL	2125
CDH15	1013
ACKR2	1238
SAA1	6288
MAP6	4135
BEND7	222389
WSCD1	23302
MARVELD3	91862
FAM90A1	55138
LINC00839	84856
COL26A1	136227
FAM229A	100128071
TEX22	647310
TMPRSS3	64699
ZNF571	51276
CA11	770
ZNF589	51385
UGCG	7357
NXT2	55916
LINC01063	101929769
ZNF404	342908
CIART	148523
UCKL1-AS1	100113386
CATSPERE	257044
LAMA3	3909
FGF9	2254
ENTPD2	954
ZNF605	100289635
KIF9-AS1	285352
SYNC	81493
TRPV1	7442
PRX	57716
CPLX1	10815
ARHGEF10	9639
SLC26A1	10861
ARHGEF35	445328
AMIGO2	347902
LRWD1	222229
ADM2	79924
CDS1	1040
NUP35	129401
TAPT1	202018
ZNF26	7574
MIA-RAB4B	100529262
TM4SF19-AS1	100874214
TBXA2R	6915
ENPP3	5169
UPK3B	105375355
TMEM39B	55116
USP45	85015
ZNF559-ZNF177	100529215
NLGN3	54413
FAM124A	220108
SLC7A4	6545
AICDA	57379
ISL1	3670
UBE2QL1	134111
MIR3681HG	100506457
NAV3	89795
BCAN	63827
CLEC12B	387837
AVPR2	554
KCNK10	54207
LY6H	4062
CCDC81	60494
PLEKHH1	57475
TDRD6	221400
LRRC36	55282
C4orf50	389197
ADGRL3	23284
ST3GAL6-AS1	100874207
CES3	23491
ADCYAP1	116
LY86-AS1	285780
SERTAD4	56256
TMCC2	9911
SH3RF2	153769
KCNAB1	7881
DBH-AS1	138948
AFF2	2334
C1QTNF12	388581
MFAP3L	9848
REG4	83998
SAP30L	79685
C2CD2L	9854
DPEP3	64180
SCARF2	91179
UCN	7349
TRBV5-5	28610
ALAD	210
FAM149A	25854
KAZALD1	81621
ACOXL	55289
BEX1	55859
NUDT10	170685
CGN	57530
MYORG	57462
NOMO3	408050
IFT57	55081
NAA35	60560
ANKHD1-EIF4EBP3	404734
CEP170B	283638
FAIM2	23017
ASMT	438
AGT	183
FAM222A	84915
LINC01515	101928913
LINGO1	84894
IGLJ3	28831
NDNF	79625
CFAP69	79846
TSPAN11	441631
BDNF	627
SERPINA5	5104
CNGA1	1259
CCL13	6357
LIPH	200879
NPFFR1	64106
LINGO2	158038
RP1	6101
LINC00520	645687
CTSV	1515
BMP7	655
NTF3	4908
SYCP2L	221711
CHIT1	1118
GXYLT2	727936
KCNT2	343450
IGHV3-73	28409
GATA2-AS1	101927167
APOC3	345
NOS1AP	9722
LINC01694	105372840
DPYS	1807
ZNF418	147686
CPSF7	79869
SDK2	54549
CAPRIN1	4076
C1orf115	79762
DOK4	55715
RINT1	60561
DHCR7	1717
TRIM54	57159
CEND1	51286
ITGA2B	3674
OTUD7B	56957
POLR2J3	548644
DDX11	1663
CACNA1C	775
ILDR2	387597
TSPAN1	10103
MANEAL	149175
CMYA5	202333
RGS6	9628
FLJ45513	729220
CAPN8	388743
FERMT1	55612
TRGV5P	6979
AGR2	10551
CTBP1-AS	285463
MC1R	4157
NANOS3	342977
EFCAB13	124989
B9D2	80776
MPIG6B	80739
DDTL	100037417
PGM1	5236
TMTC4	84899
DES	1674
ICAM5	7087
ANO2	57101
FREM1	158326
GUCY2C	2984
CNTNAP3B	728577
TAC3	6866
DIO2	1734
HAGLROS	102800310
NEURL3	93082
LURAP1	541468
TWIST1	7291
SHROOM2	357
CBARP	255057
EIF5AL1	143244
IL13	3596
ADRB3	155
PLA2G5	5322
TNFRSF11B	4982
PTH1R	5745
MEF2C-AS2	109729137
RGS7BP	401190
PCDHGA10	56106
FBXL2	25827
CCL11	6356
DOC2A	8448
SELE	6401
PGR	5241
IL17B	27190
SRRM2-AS1	100128788
EFS	10278
WDR97	340390
MARF1	9665
MTR	4548
CBX1	10951
MAPK8IP1	9479
LINC02416	107984528
HLX-AS1	100873924
C2CD4A	145741
NECTIN3	25945
ZNF664	144348
WDR73	84942
TCEANC2	127428
CCNE1	898
AP5S1	55317
TSPAN8	7103
TMPRSS13	84000
PXT1	222659
PGBD4	161779
AARSD1	80755
NAPB	63908
TRIM6	117854
LINC01160	100129269
MEOX2	4223
CC2D2B	387707
CA8	767
LINC01426	100506385
AURKC	6795
CFAP53	220136
ZNF275	10838
FST	10468
UHMK1	127933
BRIP1	83990
SPART	23111
LINC00484	100129347
MUC16	94025
CHRNA7	1139
LINC01374	105378425
NR1H4	9971
LINC01615	101929484
NR5A1	2516
DKK2	27123
WFDC2	10406
ZNF730	100129543
STEAP2	261729
TUBA3C	7278
PRND	23627
ARHGEF16	27237
RNF150	57484
C1QTNF7	114905
AOX1	316
SYNDIG1	79953
STARD4-AS1	100505678
PGBD5	79605
SCARA3	51435
DNAH10	196385
MEX3A	92312
GSN-AS1	57000
NDRG4	65009
HIF3A	64344
ADAMTS9-AS1	101929335
CLEC18A	348174
DCSTAMP	81501
FRAS1	80144
PHOSPHO1	162466
PLIN5	440503
VWA7	80737
RAB9B	51209
KCND1	3750
FDXR	2232
SAMM50	25813
RCC1L	81554
DNAJC28	54943
TCEA1	6917
SLC25A25-AS1	100289019
TNFSF11	8600
GSPT1	2935
FRG1	2483
TMEM236	653567
SUSD2	56241
TLE6	79816
IL20RB	53833
ZNF782	158431
SNRK	54861
TUBG2	27175
NUTM2D	728130
UXT-AS1	100133957
CARD8	22900
UNC5C	8633
LINC01235	401492
NGF	4803
HAS1	3036
SERPINB2	5055
LRP4	4038
CHSY3	337876
INHBA-AS1	285954
MEDAG	84935
HOXC6	3223
LINC01800	101927438
PGA4	643847
VEGFC	7424
GALNT16	57452
SAMD5	389432
FZD8	8325
CDC20B	166979
FOXF2	2295
TMEM200B	399474
HOXA-AS2	285943
LRRN1	57633
ADAMTS14	140766
CBLN1	869
CHRM3	1131
PROM1	8842
LCA5L	150082
CXXC5-AS1	111082989
RARB	5915
NUDT13	25961
SNW1	22938
MAML1	9794
NLGN4Y	22829
EHMT2	10919
INVS	27130
FAHD2A	51011
SENP8	123228
HSD11B2	3291
DCHS1	8642
ZNF225	7768
CAGE1	285782
PSMA8	143471
TRIM16L	147166
HCRT	3060
ZNF774	342132
XK	7504
HYAL1	3373
C7orf57	136288
KLC2	64837
SMYD3	64754
ANKRD27	84079
WDR12	55759
NAXD	55739
ZNF710-AS1	109729181
ITGA2	3673
TEF	7008
LINC01133	100505633
FAM110C	642273
CCR9	10803
SOX12	6666
BMS1	9790
MGAT4C	25834
IGHE	3497
CMTM2	146225
ACAN	176
SFTPD	6441
CRYM	1428
CCDC178	374864
NAT8L	339983
CD207	50489
LINC02413	105369906
KLHL4	56062
HORMAD2-AS1	101929664
DYNC1I1	1780
KLK11	11012
STOX2	56977
AUNIP	79000
ERICH6	131831
ASB3	51130
WDR4	10785
USP14	9097
NKILA	105416157
ALG10	84920
GRIP1	23426
CD177	57126
C2CD5	9847
MYBBP1A	10514
DDX60	55601
CCDC174	51244
STRIP1	85369
EXOSC3	51010
LRP2BP	55805
PJVK	494513
MTBP	27085
RNF208	727800
TAS2R14	50840
UPK3BL1	100134938
GNAZ	2781
MMP1	4312
MESD	23184
IQCC	55721
TMEM63C	57156
LINC01816	100133985
AASDH	132949
SLC16A4	9122
PRG2	5553
ADAMTS13	11093
LINC00525	84847
FAM225A	286333
HEATR9	256957
SLC29A4	222962
STC2	8614
EPHX3	79852
MT1A	4489
ACSS3	79611
GHR	2690
MAMDC2	256691
IL17RD	54756
LINC01010	154092
MYRIP	25924
RHOXF1-AS1	101928969
MEG8	79104
NRIP2	83714
SORCS2	57537
HOXD3	3232
ACKR1	2532
MIPOL1	145282
CORO2B	10391
IGHJ3	28479
AUH	549
LMF1	64788
FAR2	55711
CKLF-CMTM1	100529251
ZNF624	57547
C4BPB	725
MEIS3	56917
HCG25	414765
DTWD2	285605
FDXACB1	91893
POLN	353497
LRRC63	220416
ROR2	4920
MYRF	745
LINC02265	101060498
PACRGL	133015
PRIMPOL	201973
CCDC74B	91409
RFK	55312
IRF2	3660
FUNDC1	139341
THAP12	5612
AAR2	25980
KCNMB3	27094
ADGRB2	576
LINC01963	150967
CADM4	199731
ZNF829	374899
SDCBP2	27111
ACTRT3	84517
IGLV2-18	28814
LCN6	158062
MARK1	4139
UQCRHL	440567
PCDHGA12	26025
IGKV3-7	28915
DHRS2	10202
IGKV3D-7	28877
PLA2G2A	5320
GAL3ST2	64090
RNF217-AS1	7955
MFAP5	8076
IGHV4-55	28393
FGD1	2245
IRF6	3664
ATP6AP1L	92270
HSD17B2	3294
PLBD1-AS1	101928290
SPAAR	158376
SATB2	23314
IGLC6	3542
TMC7	79905
PRDM6	93166
BDKRB2	624
RNASEH2B-AS1	100874255
GTF2H2	2966
NTRK2	4915
RGMA	56963
MET	4233
WDR27	253769
ZNF711	7552
TLCD2	727910
NDUFV1	4723
LENG9	94059
CPT1B	1375
POLR2J2	246721
EVA1A	84141
AK8	158067
RAB36	9609
ARRDC3-AS1	100129716
WDR18	57418
GRB7	2886
SFTA2	389376
DPT	1805
GREB1	9687
CD300LG	146894
TRPA1	8989
PGAM2	5224
ADORA1	134
GABRD	2563
CLDN11	5010
CDK15	65061
CLEC20A	400797
GKN2	200504
FENDRR	400550
LRRN4CL	221091
BICDL2	146439
CA12	771
CNTN4	152330
GFRA1	2674
HAGLR	401022
NRIR	104326052
FAM72D	728833
LINC00960	401074
SPATA21	374955
LRRC4B	94030
LINC02193	105371423
OGFOD2	79676
LNP1	348801
B3GLCT	145173
KAT2B	8850
CRTC3-AS1	101926895
GPRC5A	9052
TMEM217	221468
GMEB2	26205
KIF3A	11127
GPM6B	2824
PXN-AS1	100506649
CEP76	79959
KCNC4	3749
GCC2-AS1	644903
STARD10	10809
TYW1B	441250
SH3BP1	23616
GPATCH4	54865
TIGD2	166815
SLC8A1-AS1	100128590
GLIS2	84662
NUDT11	55190
TMPPE	643853
RNASEK-C17orf49	100529209
CYP46A1	10858
LRRC69	100130742
ARF4-AS1	106144532
ANXA10	11199
MSS51	118490
SLC12A3	6559
DUSP15	128853
GLTPD2	388323
CABP1	9478
ETV4	2118
LINC00494	284749
LGI4	163175
DIO3OS	64150
ADAMTSL1	92949
FHOD3	80206
INAVA	55765
ABCC6	368
TMEM198	130612
ABCA9	10350
ELFN1	392617
PTHLH	5744
CEACAM19	56971
RAB3B	5865
LYPD1	116372
TDRD10	126668
RASL11B	65997
FLNC	2318
LAMC3	10319
LRRC70	100130733
SEMA6A-AS1	101927233
EFCC1	79825
SOX6	55553
WARS2	10352
CRLF2	64109
FBXO46	23403
CACYBP	27101
KLF8	11279
AQP11	282679
MST1	4485
SPIRE2	84501
PHKG1	5260
HHAT	55733
CTXN1	404217
ARHGEF37	389337
TMEM52	339456
TREX1	11277
ACOT1	641371
JRK	8629
CAPS2	84698
TTC9C	283237
BICRA	29998
STXBP4	252983
ZNF713	349075
EGFL6	25975
LRRC37A3	374819
STRN	6801
PSMG1	8624
BLOC1S3	388552
STC1	6781
MPV17L	255027
RIMKLA	284716
GFRA3	2676
PROC	5624
SERPINA9	327657
SLC22A16	85413
RAB26	25837
RGS7	6000
CLCN1	1180
NKX2-3	159296
DIRAS3	9077
IL1RL2	8808
GGN	199720
MORN1	79906
RAC3	5881
LRRC20	55222
PDZD7	79955
ARFGEF3	57221
RDH5	5959
RNF215	200312
OCLN	100506658
GATA4	2626
COQ10A	93058
ASB9	140462
GTF3C2	2976
TBX6	6911
WDR7	23335
ZNF674	641339
RNF149	284996
C8orf88	100127983
GATB	5188
NPIPB13	613037
SLC25A27	9481
CDH1	999
ANKRD53	79998
MTCL1	23255
ADRA2A	150
UTP23	84294
CEBPE	1053
CHRNA5	1138
LAD1	3898
LINC00865	643529
TRIM62	55223
LINC01484	101928136
CILP	8483
SNCAIP	9627
DLX2	1746
FA2H	79152
CA4	762
SIRPD	128646
LPIN3	64900
CNTN1	1272
CXXC4	80319
NRK	203447
CHRD	8646
AMHR2	269
PROX1	5629
GABRE	2564
ARHGAP28	79822
GATA1	2623
ARHGEF26	26084
CHTF18	63922
CCDC150	284992
TICRR	90381
PDRG1	81572
C1QTNF6	114904
MRPL32	64983
NOC3L	64318
CTF1	1489
ZNF254	9534
ARRDC5	645432
LCN10	414332
POT1	25913
CLIP3	25999
DET1	55070
IDUA	3425
SEMA3A	10371
CRMP1	1400
CRYGS	1427
CYP2E1	1571
CEMIP	57214
ZSCAN12	9753
GPR27	2850
LMTK2	22853
MYCBP2	23077
SSC4D	136853
FAM95B1	100133036
NKAPD1	55216
LRIG3	121227
KRT20	54474
TMEM74B	55321
SYTL5	94122
FOXD1	2297
LNX1	84708
PLCXD3	345557
ENPP6	133121
TMEM100	55273
NPNT	255743
NDP	4693
GALR2	8811
ASPHD1	253982
PAPPA	5069
IGLV5-48	28780
HOXD-AS2	100506783
PEX12	5193
IGIP	492311
EFHD1	80303
LRP6	4040
MANSC1	54682
DHFR	1719
CELSR2	1952
CCDC122	160857
ZNF441	126068
HOXA4	3201
LINC02580	100506047
ZNF20	7568
AARS2	57505
MAP3K21	84451
LINC02099	101929450
CARNS1	57571
TUFT1	7286
SLC6A16	28968
ZBTB42	100128927
FNTB	2342
SMPD2	6610
DHX37	57647
AASS	10157
TMEM51-AS1	200197
APLP1	333
TBC1D8-AS1	100506286
POLR3C	10623
LINC01303	101927780
NKX3-1	4824
CCDC144NL-AS1	440416
GOLGA8R	101059918
APOM	55937
GATAD2B	57459
PROB1	389333
DNM3	26052
CYP27B1	1594
TSR3	115939
PRKAB2	5565
KAT2A	2648
XPNPEP2	7512
POLR3G	10622
ARNT2	9915
KCNH4	23415
CLEC6A	93978
KLF1	10661
LINC00607	646324
DNAH17	8632
SOX9	6662
TMEM17	200728
DIRAS1	148252
LINC02019	107986085
MYO1A	4640
TEX41	401014
CBS	875
EFCAB8	388795
CCDC78	124093
PLCD3	113026
DNMT3B	1789
EIF3B	8662
URB2	9816
TMEM231	79583
LSMEM1	286006
ANXA3	306
C2CD4B	388125
RHEBL1	121268
NFYB	4801
PADI4	23569
GPRC5B	51704
LRP11	84918
PAN3-AS1	100288730
DEGS2	123099
ZNF343	79175
FUBP3	8939
PIK3R2	5296
C5orf22	55322
ARX	170302
NPB	256933
GPIHBP1	338328
FRMPD3	84443
IL17F	112744
ROBO2	6092
ADAMTSL3	57188
ZFHX4	79776
CDH6	1004
VTN	7448
PDE10A	10846
PCDH7	5099
IGSF21	84966
HTR3A	3359
DRG2	1819
ZNF280C	55609
ABCA10	10349
SPINK1	6690
TMEM244	253582
FGFRL1	53834
ZNF670-ZNF695	100533111
NEO1	4756
CENPI	2491
HCN3	57657
RAPGEFL1	51195
METTL2B	55798
GASAL1	401472
MIR194-2HG	105369343
ZNF423	23090
MRPS30-DT	100506674
MSH5-SAPCD1	100532732
HSPA4L	22824
COL7A1	1294
ZMYND10	51364
PTGER3	5733
TTLL1	25809
ZBED6	100381270
CEP85	64793
PTK6	5753
EML2	24139
ZC3HAV1L	92092
KCTD21	283219
CCL19	6363
SYBU	55638
LHX6	26468
STEAP1	26872
KCNH8	131096
IGKV1OR2-108	28862
RASSF9	9182
ADH1B	125
DZIP1	22873
RSPO3	84870
LINC01117	102724224
KCNIP1	30820
ROR1	4919
HRK	8739
GLI1	2735
LAMA1	284217
ADCY5	111
LYNX1-SLURP2	111188157
AMY2B	280
FYCO1	79443
PCSK6	5046
APOA2	336
PLCH2	9651
INO80D	54891
POLR3B	55703
TRAFD1	10906
SEMA6A	57556
C19orf47	126526
SETDB1	9869
CPNE9	151835
CCDC142	84865
ITPR1-DT	100996539
BCAS1	8537
SYNM	23336
VSIG10	54621
USP35	57558
GPR132	29933
TRAF3IP2-AS1	643749
CCDC110	256309
INO80B	83444
CA10	56934
TTC33	23548
DDX43	55510
ZNF501	115560
E2F2	1870
MSANTD2	79684
COMMD7	149951
SIGLEC8	27181
LSAMP	4045
RNF180	285671
EPHA3	2042
SEC16B	89866
THSD7B	80731
IGLV5-45	28781
GLI2	2736
GPR85	54329
DMC1	11144
IGKV1-37	28931
SULT1C4	27233
CAMP	820
SULT1A2	6799
NLGN4X	57502
IGLV1-50	28821
MUCL3	135656
SPATC1L	84221
ZC3H11B	643136
NRCAM	4897
AZU1	566
ARHGAP44	9912
RUSC1-AS1	284618
SLC41A1	254428
RBM15-AS1	440600
CDK7	1022
WDR74	54663
DNAH14	127602
EBF4	57593
ATP2A1-AS1	100289092
ZNF222	7673
TMOD2	29767
DTX3	196403
CDKL3	51265
ZNF304	57343
GAST	2520
GPC3	2719
ST20-AS1	283687
TIGD3	220359
SCOC-AS1	100129858
CRIP3	401262
FRK	2444
C19orf84	147646
EME1	146956
EGFLAM	133584
NOX4	50507
DGKK	139189
LINC00582	100287814
ZIM2	23619
ZKSCAN7	55888
RBMX2	51634
LINC02352	102725022
PITX1	5307
LINC01670	105379487
AMN1	196394
CNOT10	25904
GPN1	11321
C21orf58	54058
UCP3	7352
KCNIP2	30819
CEP131	22994
ADGRA3	166647
NRF1	4899
IAH1	285148
DSCR9	257203
BCORL1	63035
NOC4L	79050
ZNF112	7771
FZD7	8324
GRIN3A	116443
ENPP1	5167
ANKLE1	126549
PLCB4	5332
KIF26B	55083
LINC02043	102724699
MAFIP	727764
ARMH4	145407
EIF2B4	8890
FRAT1	10023
CCDC171	203238
MTFMT	123263
SCAP	22937
SCARA5	286133
NOVA2	4858
IGLV3-16	28799
SAMD13	148418
UNC5B-AS1	728978
CADPS	8618
NEK10	152110
M1AP	130951
TUBB2B	347733
SGCA	6442
CPZ	8532
OXER1	165140
IGHV3-69-1	28402
CXCL11	6373
CRISPLD1	83690
RYR2	6262
LINC00472	79940
WT1	7490
FCRL4	83417
IGKV1D-17	28900
GIPC2	54810
KIF26A	26153
FAM162B	221303
SCN7A	6332
RASAL1	8437
RAVER2	55225
SBF2-AS1	283104
TOM1L1	10040
DNMBP-AS1	100188954
MYO7B	4648
SEC23A	10484
EGOT	100126791
SSR1	6745
ZFHX2	85446
CBX2	84733
PTOV1-AS1	100506033
ARSJ	79642
CFAP97D2	101929355
NCR2	9436
RNF32	140545
ZNF16	7564
RHOD	29984
PYCARD-AS1	100652740
SMURF1	57154
RAB6B	51560
PSMD6-AS2	100507062
PLCE1	51196
CDH24	64403
RIOK2	55781
DDX5	1655
BMP8A	353500
SGIP1	84251
DCC	1630
FGF13	2258
C1QTNF2	114898
PODNL1	79883
GNB3	2784
SEMA6D	80031
FGF7	2252
MGAM	8972
SOBP	55084
MIR3142HG	107075116
ARC	23237
TRRAP	8295
TIGD6	81789
ADAMTS17	170691
TBCCD1	55171
SEMA4C	54910
PLEKHA4	57664
FAM156A	29057
CNIH2	254263
PRSS12	8492
CRABP2	1382
CDC42EP3	10602
FKTN	2218
LEPR	3953
MGARP	84709
ADCY1	107
TWIST2	117581
CHL1	10752
SMO	6608
BIRC7	79444
SYTL4	94121
CLDN14	23562
LRRC49	54839
OIT3	170392
PTPN21	11099
LINC01055	103752581
TGM1	7051
DNASE1L2	1775
KRT23	25984
WRAP53	55135
ELFN1-AS1	101927125
SAMD14	201191
ITGA10	8515
GLIS3	169792
INO80E	283899
CPT1C	126129
SEMA3B	7869
DNALI1	7802
NPPA-AS1	100379251
REEP2	51308
VWCE	220001
FSIP1	161835
IL21	59067
RIMS3	9783
CLBA1	122616
OSCP1	127700
MME	4311
PRDM5	11107
RAB29	8934
GSTO2	119391
ZNF805	390980
NAPA-AS1	100505681
SHF	90525
GLRX5	51218
IFNL1	282618
LRRC24	441381
AGRP	181
PRR16	51334
CCL7	6354
SHISA2	387914
HAS2	3037
FAM81A	145773
MSX1	4487
PRKD1	5587
SCHIP1	29970
DUSP26	78986
TRIM55	84675
TFAP2E	339488
ZNF530	348327
GATC	283459
LCNL1	401562
MICB	4277
L2HGDH	79944
ZNF625	90589
LINC02422	105369723
NPIPB12	440353
FBXL12	54850
CEP112	201134
RAB15	376267
SH3BGRL2	83699
COG6	57511
POU3F1	5453
ATP8B3	148229
NKAPL	222698
F2RL2	2151
VLDLR	7436
PMF1-BGLAP	100527963
MMP25	64386
TRMT44	152992
PRSS3	5646
ZNF611	81856
MIGA2	84895
UBR3	130507
ICA1	3382
C19orf33	64073
SLC16A14	151473
ATP6V0D2	245972
TNFRSF19	55504
COL21A1	81578
ZFPM2	23414
TRH	7200
DACT3	147906
WDR49	151790
SHD	56961
CSRNP3	80034
USP2	9099
PITPNM3	83394
DRD4	1815
SVEP1	79987
IGSF10	285313
GLT8D1	55830
N4BP2L1	90634
PABPC4	8761
STAC	6769
LINC02021	105374104
ZNF449	203523
C16orf95	100506581
NOL6	65083
EHBP1	23301
ZNF440	126070
RGPD8	727851
ABHD14A	25864
TRUB1	142940
CARD14	79092
KCNS3	3790
ZNF471	57573
SCGB3A1	92304
MFAP3	4238
ZNF143	7702
HIBADH	11112
HYAL3	8372
RPGRIP1L	23322
CYP1B1-AS1	285154
LINC02539	100507406
SCN4B	6330
PDZRN3	23024
SLC7A2	6542
SSTR2	6752
F10	2159
PDE3A	5139
AHNAK2	113146
NGFR	4804
PHF20	51230
DCUN1D4	23142
ZFP57	346171
ZNF517	340385
POM121	9883
PARD3B	117583
INTS11	54973
LTF	4057
FLAD1	80308
WDR5	11091
PIP4K2C	79837
METTL2A	339175
TFF3	7033
C6orf52	347744
BBS10	79738
POLR3D	661
CEP104	9731
ALPK3	57538
SAMD11	148398
THAP10	56906
LGALS9B	284194
SYCE1	93426
ZSCAN25	221785
EHHADH	1962
APOBEC3D	140564
ELOA-AS1	100506963
FAM131B	9715
FLVCR1-DT	642946
LRRC75A	388341
GDPD3	79153
ZNF384	171017
PTGES	9536
ACHE	43
RAB44	401258
IGKV1D-27	28898
LINC00968	100507632
IGKV2-24	28923
MMP16	4325
TFPI2	7980
LURAP1L	286343
ITGAD	3681
PHYKPL	85007
ERV3-1	2086
CENPS	378708
CACNB4	785
RDM1	201299
UNC119B	84747
ZNF775	285971
PKP2	5318
SERPINI1	5274
POLR1B	84172
ARHGAP32	9743
WASF3	10810
CHMP4C	92421
MSLN	10232
GLDN	342035
HMCN1	83872
HDDC2	51020
CDK4	1019
PLPP7	84814
LRTOMT	220074
VGLL3	389136
C4B	721
MEIS1	4211
EFHB	151651
HSPB2	3316
IGLV1-41	28824
TBX1	6899
IGKV2-29	28920
HIGD1B	51751
FAM110D	79927
AOC3	8639
SLC16A2	6567
FBXL7	23194
EDC3	80153
C8orf82	414919
TAS1R3	83756
MRE11	4361
PHEX	5251
EXOC8	149371
ZSCAN22	342945
LARS2	23395
RCCD1	91433
RBMXL1	494115
CCDC51	79714
RDH13	112724
MLLT11	10962
B4GALT1-AS1	101929639
NUTM2B-AS1	101060691
EIPR1	7260
TNFAIP8L3	388121
CHRNA1	1134
THSD7A	221981
PACERR	103752588
LINC02139	400548
ASAP3	55616
CCDC8	83987
CXCL5	6374
IGHV3-13	28449
DSEL	92126
DPY19L2	283417
DNAJC3-DT	100289274
SLC6A9	6536
LINC01176	100506516
LRRC75B	388886
PRDM15	63977
EEF1AKMT1	221143
ZNF772	400720
PDE5A	8654
KLHL7	55975
IQGAP3	128239
TACC2	10579
TAL1	6886
CLDN15	24146
PSMD10	5716
SCRN3	79634
CCDC15	80071
CHODL	140578
PLEK2	26499
USP51	158880
IGLV1-36	28826
IGHJ5	28476
PDGFRL	5157
MRGPRF	116535
P4HA3	283208
LINC02207	101927153
CNR1	1268
ALPL	249
THADA	63892
EFNA4	1945
NDC80	10403
AEBP1	165
ALKBH1	8846
EXOC3-AS1	116349
TNFSF18	8995
FAM215B	644297
COG7	91949
NPIPA5	100288332
PIWIL4	143689
CCDC144A	9720
TMOD1	7111
CACNB1	782
NOL10	79954
ANGPT1	284
LEO1	123169
SYT5	6861
RAD17	5884
PIGR	5284
TBCEL	219899
SGSM1	129049
WNT10A	80326
ZNF135	7694
SLC4A3	6508
AIF1L	83543
DENND2A	27147
CAP2	10486
KCNJ8	3764
CCL22	6367
CX3CL1	6376
PLA2R1	22925
CTSG	1511
ADRA2B	151
PDE1C	5137
FCN3	8547
MYBPC3	4607
NAALADL2	254827
RAPGEF4	11069
IL22	50616
ATP1A4	480
CPAMD8	27151
REXO5	81691
FANCC	2176
EDN1	1906
ATXN7	6314
HAUS7	55559
ZNF783	100289678
NDUFAF1	51103
ISOC1	51015
PACSIN3	29763
EHF	26298
HMGN3-AS1	100288198
ST3GAL5-AS1	101928113
TMSB15A	11013
ZNF250	58500
ENO3	2027
NUDT21	11051
ATAT1	79969
ZNF619	285267
DZANK1	55184
GOLGA6L4	643707
MASP1	5648
ENOX1	55068
MPP3	4356
NEU4	129807
VIT	5212
RGS4	5999
GRIN2D	2906
SEMA5B	54437
IGLV8-61	28774
CLEC4G	339390
SHC2	25759
TNC	3371
GPC4	2239
TCHH	7062
SPOCK1	6695
TYRO3	7301
PALM	5064
PPIG	9360
SORBS1	10580
CACNA1H	8912
PCMTD1	115294
TMEM79	84283
KCNQ5	56479
PMPCA	23203
FARSA	2193
HECTD3	79654
ZNF350	59348
IL27	246778
CARD10	29775
KCNK17	89822
C19orf44	84167
PRDX1	5052
GTF2IRD2	84163
NPW	283869
GALNT4	8693
CFAP298	56683
PTPN13	5783
ZFP82	284406
CDH17	1015
ANO5	203859
PAQR5	54852
HTRA3	94031
GLI3	2737
WTIP	126374
CALHM5	254228
COX4I2	84701
C4A	720
IGLV9-49	28773
RBPMS2	348093
PRRG1	5638
ZNF557	79230
MYEOV	26579
FGF11	2256
TP73	7161
TMEM38A	79041
QRICH2	84074
ESM1	11082
CDADC1	81602
MPPED2	744
HRAS	3265
PORCN	64840
RNF6	6049
TMEM260	54916
PTGR2	145482
ST6GALNAC2	10610
OSR1	130497
UCK1	83549
BGLAP	632
NLGN2	57555
NFASC	23114
FAM107A	11170
IGHV3-20	28445
GPER1	2852
IGHV2-70	28454
LRRC4	64101
IGKV1D-16	28901
NRXN2	9379
MYL2	4633
TRIL	9865
NSUN7	79730
TMSB4Y	9087
TDRD9	122402
RRP1	8568
ZNF689	115509
TRUB2	26995
DLGAP3	58512
MAPK10	5602
TEAD3	7005
NPIPB2	729978
ZMYND12	84217
ARMC6	93436
ZNF653	115950
CNKSR3	154043
CDR2L	30850
ABI3BP	25890
A2M-AS1	144571
SLC7A1	6541
PSPN	5623
ZNF165	7718
TTC31	64427
CD79B	974
THNSL2	55258
ZBTB41	360023
ABHD10	55347
KLHL13	90293
COL4A5	1287
PRELP	5549
KIF24	347240
SOX15	6665
GJB2	2706
LINC00654	149837
TBX3	6926
IGHV3-64D	102723170
SLC2A10	81031
FJX1	24147
LNPK	80856
HBD	3045
MAOA	4128
FAM221A	340277
SLC24A1	9187
NDUFAB1	4706
FOXJ1	2302
GBP4	115361
PIK3C2B	5287
LINC02035	100129550
LINC00944	387895
BIRC3	330
ZW10	9183
NAT14	57106
DUS1L	64118
EPHB1	2047
HEPH	9843
PPP1R13L	10848
ITGA7	3679
DNAJC24	120526
ADPGK-AS1	100287559
CPNE1	8904
AR	367
TMEM201	199953
IL1RAP	3556
KCNG1	3755
LINC02363	728175
COL24A1	255631
IL34	146433
SLC28A3	64078
EGR4	1961
CNN1	1264
PPP1R17	10842
IGLV3-27	28791
DAAM2	23500
MAGI2	9863
FAP	2191
HSPB8	26353
SNTB1	6641
HSPA12A	259217
ZNF462	58499
FBXO27	126433
PIPOX	51268
GSDMA	284110
NUDT17	200035
RTEL1	51750
HMGA1P4	100506080
CSAD	51380
S100A2	6273
CARMIL3	90668
RIBC2	26150
PRDM11	56981
TRDV3	28516
POLE2	5427
ICA1L	130026
ZC3H7A	29066
SLC25A35	399512
TBC1D8B	54885
LEAP2	116842
DNAJC30	84277
NNT	23530
KIF7	374654
CKM	1158
CACNA2D1	781
LINC01220	731223
DACH1	1602
AHRR	57491
HOXB5	3215
ADAMTS5	11096
COG8	84342
GMDS-DT	100508120
SLC12A8	84561
BRCC3	79184
CBY1	25776
BEND5	79656
PDE8A	5151
ZNF677	342926
SNHG12	85028
CCDC154	645811
RTN4RL2	349667
F2RL3	9002
RPA4	29935
IGLVI-70	28763
TOMM40	10452
SRRD	402055
TMC4	147798
LPP-AS2	339929
IGHV3-72	28410
LDLRAD2	401944
LINC01754	102723442
EML1	2009
USHBP1	83878
IGKV1-13	28939
LINC01140	339524
FIBIN	387758
KCNE4	23704
ABCC9	10060
CCM2L	140706
ANO1	55107
LAGE3	8270
TIGD5	84948
ANGPTL6	83854
ZNF367	195828
GULP1	51454
XRCC2	7516
BCAS3	54828
FHIT	2272
FBXL18	80028
GNPNAT1	64841
FRS3	10817
STRIP2	57464
NBPF20	100288142
IFIT5	24138
TTTY14	83869
CLK2	1196
ZKSCAN3	80317
IGHV5-10-1	28386
DOK7	285489
LINC02345	101928227
TMEM26	219623
TMEM233	387890
SERTAD4-AS1	574036
ELAVL4	1996
PDE1A	5136
ZNF701	55762
EEF2KMT	196483
LINC00539	100652865
DYNC2LI1	51626
SLC38A5	92745
SMIM5	643008
CSF2	1437
DYRK3	8444
KCTD2	23510
PPRC1	23082
SNHG18	100505806
DHX40	79665
SPEG	10290
CLDN12	9069
IGF2BP3	10643
FAM167B	84734
PVALB	5816
SPACA6	147650
TPD52L1	7164
LAMA2	3908
ERMARD	55780
CYB5RL	606495
SP2-AS1	100506325
UFC1	51506
MOCOS	55034
CPXM2	119587
BEND6	221336
PGA5	5222
IGKV2D-29	28882
HASPIN	83903
IGLV7-43	28776
TBX2-AS1	103689912
FNDC1	84624
GAREM1	64762
COL13A1	1305
ETV2	2116
MED27	9442
IL5RA	3568
ABCG2	9429
CYB5R2	51700
OGN	4969
CES2	8824
KCP	375616
CTDSPL2	51496
KCTD1	284252
YPEL4	219539
AK3	50808
LINC01465	283416
CALB2	794
PHLDA3	23612
TMEM185A	84548
XRCC3	7517
POU5F2	134187
STK35	140901
P3H4	10609
VPS26C	10311
ALG10B	144245
LRRC3	81543
CTPS2	56474
AGO2	27161
HCG18	414777
SYP	6855
LINC02550	105369490
BOC	91653
TCEAL7	56849
IGHV3-66	28412
EXOC3L2	90332
APLN	8862
HOXD9	3235
CSPG4	1464
ASPN	54829
RFTN2	130132
INHBB	3625
OLIG1	116448
ACSM5	54988
RGL3	57139
PPP1R7	5510
GAS6-AS1	650669
MRPL4	51073
NUBPL	80224
SPG7	6687
SRXN1	140809
ETFBKMT	254013
ITGA3	3675
GLI4	2738
NEB	4703
BICC1	80114
CASC15	401237
DSG2	1829
SGSH	6448
MIRLET7BHG	400931
PTPRF	5792
PDZD2	23037
EML6	400954
ZNF583	147949
CXADR	1525
WDR35	57539
PBLD	64081
ANK2	287
ZNF788P	388507
ALDH1A3	220
GSTT2B	653689
LRRC26	389816
C7	730
NLRP7	199713
KCNJ2-AS1	400617
IGLON5	402665
CHAF1B	8208
SLX1A	548593
MIR193BHG	100129781
SCG5	6447
DNAAF5	54919
DHRS4-AS1	55449
AKR7A2	8574
MLYCD	23417
NPIPB3	23117
WDR19	57728
PPTC7	160760
ZNF514	84874
EEF1AKMT3	25895
SULT1A3	6818
LRRC34	151827
TMEM182	130827
CNIH3	149111
LINC00528	200298
ANAPC1	64682
MOCS1	4337
KRT7	3855
BCKDHA	593
ZNF213	7760
ALPK2	115701
ADAMTS9-AS2	100507098
LINC00482	284185
KIF17	57576
CLEC4C	170482
JADE3	9767
REM1	28954
LRRC17	10234
RASL10A	10633
ZNF860	344787
THBS4	7060
TUBB4A	10382
TEDC2	80178
THOC1	9984
DPH2	1802
ACTG2	72
AGAP5	729092
PRELID3A	10650
PFAS	5198
CCDC90B	60492
GTF2H4	2968
CCNL2	81669
TRIM7	81786
KCTD6	200845
IFFO2	126917
TGFB3	7043
PRMT5-AS1	100505758
RPGRIP1	57096
RORB	6096
RTEL1-TNFRSF6B	100533107
IQCJ-SCHIP1	100505385
HHIP	64399
MID1	4281
SIGLEC15	284266
PCDHGC3	5098
MCAT	27349
PAQR7	164091
EPHX4	253152
IL12RB1	3594
MTX3	345778
CLTCL1	8218
ZNF776	284309
CAPN3	825
KLC4	89953
PXMP4	11264
CDC25C	995
CCNC	892
ZNF416	55659
ZHX3	23051
EVC	2121
ZNF77	58492
GIPR	2696
TCOF1	6949
TFCP2L1	29842
PIEZO2	63895
SOX17	64321
MPO	4353
B4GALT6	9331
GCSAML	148823
IGKV1D-8	28904
WDR17	116966
SLIT2	9353
ZNF433	163059
LRP8	7804
SLC10A7	84068
ANAPC7	51434
THSD1	55901
MCPH1	79648
STK33	65975
ADAM22	53616
MYH11	4629
KIAA1958	158405
ZNF620	253639
MLX	6945
HMGN5	79366
ANKRD33B	651746
PPFIA3	8541
KHDRBS3	10656
LINC02086	105371809
ZNF385D	79750
EFNA5	1946
ZSCAN30	100101467
TXNRD3	114112
HOXB3	3213
PLXDC1	57125
BMP2	650
PAK6	56924
SRPX2	27286
STK32B	55351
WNT5B	81029
SGCD	6444
SOX7	83595
GJC1	10052
CIAPIN1	57019
ZNF746	155061
DIXDC1	85458
TTC4	7268
FOXJ2	55810
KLHL17	339451
IER3-AS1	105379695
FAM234B	57613
CAPN5	726
SPTLC3	55304
TMEM9	252839
ECM2	1842
COL27A1	85301
TBC1D30	23329
TMEM171	134285
MOK	5891
NEK3	4752
SPTSSB	165679
LINC00513	100506860
TRMT61A	115708
PSMA3-AS1	379025
OLMALINC	90271
ALDH1A2	8854
SFRP1	6422
TDRP	157695
IL12A	3592
CLEC9A	283420
LINC00278	100873962
KIF3C	3797
POLR3E	55718
DDR1	780
UNKL	64718
UTP3	57050
DNAJB2	3300
BICDL1	92558
CYP4F22	126410
LCA5	167691
SULT1C2	6819
MBOAT1	154141
ZCCHC4	29063
PLAC8	51316
DBF4B	80174
PEX7	5191
NPR1	4881
KLHL14	57565
HOMER3-AS1	102724360
ENPEP	2028
HS3ST2	9956
HOXD8	3234
GPR176	11245
GID4	79018
COPG2	26958
TSN	7247
CLHC1	130162
PCGF6	84108
NAA25	80018
PLXNB1	5364
LRRC45	201255
ANKRD13C	81573
BSPRY	54836
JRKL	8690
PUDP	8226
MAP3K7	6885
TMEM119	338773
PSCA	8000
ING1	3621
SPNS2	124976
ELF3	1999
VARS2	57176
APTR	100505854
YIPF4	84272
DOHH	83475
NAIF1	203245
OXCT2	64064
SCN3A	6328
S100A3	6274
ITIH5	80760
SEMA3F	6405
IGLC7	28834
HOXA5	3202
ADM5	199800
FOXF1	2294
GSTM5	2949
IGHV3-49	28423
IGKV2D-30	28881
HSDL1	83693
LINC01315	102723775
RILPL1	353116
SLC12A6	9990
SUV39H2	79723
NAPSA	9476
DIABLO	56616
TRAIP	10293
CATSPER2	117155
NCKAP5	344148
SRCAP	10847
GNL1	2794
TRPV2	51393
C1RL-AS1	283314
TARBP2	6895
RPH3A	22895
LCN8	138307
CDH2	1000
NME8	51314
RBP5	83758
NR2F1-AS1	441094
XCR1	2829
CETP	1071
CDC25A	993
TRAPPC12	51112
PAIP1	10605
ZNF300	91975
FZD3	7976
POPDC2	64091
CCDC191	57577
NOXA1	10811
RFC4	5984
MGA	23269
TLCD1	116238
AMT	275
EXOC6B	23233
RFLNB	359845
PAXBP1-AS1	100506215
YTHDF1	54915
RALGPS1	9649
RIPK3	11035
PGM5	5239
P2RY12	64805
SFRP4	6424
C1QTNF5	114902
DCLK2	166614
CYP19A1	1588
HSPA12B	116835
MNS1	55329
RBFOX1	54715
GNB1L	54584
DUBR	344595
SLC25A17	10478
DLGAP1-AS2	84777
CMTM4	146223
WDR62	284403
SNAI3-AS1	197187
TMEM67	91147
TXLNB	167838
CH25H	9023
CHST3	9469
LGR4	55366
TEX10	54881
MECOM	2122
E2F7	144455
SLPI	6590
POC1B-AS1	109729146
ZNF142	7701
FAM167A	83648
IGKV3D-11	28876
LARGE1	9215
SMIM24	284422
SPA17	53340
AVEN	57099
LOH12CR2	503693
TRO	7216
EPHB3	2049
ZBED2	79413
NR5A2	2494
CLIC5	53405
NTN4	59277
NUDT12	83594
ZNF319	57567
ZNF41	7592
LINC00115	79854
HARBI1	283254
PLK4	10733
ACY3	91703
ZFYVE28	57732
CDKL2	8999
GLDC	2731
CD1B	910
PARD3	56288
CLEC1A	51267
EGFR	1956
BCL6B	255877
SLC24A3	57419
LINC02132	107984811
SLC25A34	284723
C5	727
NAV2	89797
E4F1	1877
FANCD2	2177
ORC1	4998
SMKR1	100287482
DNA2	1763
SLC25A10	1468
RXYLT1	10329
ZNF133	7692
ZNF652	22834
LMOD1	25802
RNF152	220441
TEK	7010
SLCO5A1	81796
GJA4	2701
PSMD4	5710
ZNF547	284306
ZNF587B	100293516
DDX42	11325
NEK4	6787
ST20-MTHFS	100528021
ZNF565	147929
MEX3D	399664
ZNF45	7596
PRSS16	10279
APOA1	335
RASIP1	54922
PRCD	768206
LIPF	8513
FXR2	9513
ABCB10	23456
ANKDD1A	348094
KIF19	124602
NFATC4	4776
TEAD4	7004
ADAMTS12	81792
KIF18B	146909
ARHGAP20	57569
TSKU	25987
KLHDC8A	55220
GPRC5D	55507
IGHV4-28	28400
TMEM158	25907
STXBP6	29091
CFAP58-DT	100505869
ASIP	434
C1QTNF4	114900
PAPLN	89932
KLHL42	57542
NUDT2	318
TAF6L	10629
CCDC180	100499483
TRBV6-4	28603
DTX4	23220
ANO7	50636
THAP9	79725
PDCD1LG2	80380
VWA5A	4013
EPOP	100170841
SDR42E2	100288072
BMP6	654
EDARADD	128178
BUD13	84811
NPHP1	4867
LEKR1	389170
TSPAN6	7105
IGKV1-8	28942
THRB	7068
CATIP	375307
CGNL1	84952
CHST1	8534
NEURL2	140825
SLX1B	79008
NHS	4810
CAHM	100526820
SMAGP	57228
RFNG	5986
PARN	5073
RAD54L	8438
EXO5	64789
AMZ1	155185
ARHGEF25	115557
WDR1	9948
IGHV6-1	28385
IGHV3-74	28408
MTUS1	57509
NME6	10201
ZSCAN31	64288
NMT1	4836
GAS1	2619
TMEM185B	79134
ST6GALNAC3	256435
PRRC2B	84726
CARMN	728264
PPP1R9A	55607
MED12L	116931
SMAD9	4093
RASGRF1	5923
LRRC43	254050
MN1	4330
RUFY4	285180
C3orf70	285382
RANBP17	64901
ARHGAP33	115703
MED24	9862
REV1	51455
CLDN5	7122
ARVCF	421
DNAJC27	51277
ZNF432	9668
GET4	51608
FAAH	2166
INTS14	81556
E2F1	1869
SULF1	23213
COLQ	8292
ZNF543	125919
ATXN7L2	127002
ETV1	2115
ZNF761	388561
UST	10090
STAU1	6780
SLC12A5	57468
ANAPC10	10393
ZNF845	91664
SCT	6343
IGLV4-69	28784
TMTC1	83857
PPP2R3A	5523
PEG3	5178
SDHC	6391
EIF2B2	8892
MAGED2	10916
U2AF1	7307
OIP5	11339
ADAMTS6	11174
PIP4K2B	8396
GTF2IRD1	9569
ZNF207	7756
TACSTD2	4070
EBLN2	55096
ZNF641	121274
RBFA	79863
ALG9	79796
NAGPA	51172
CRCP	27297
FNDC4	64838
SLCO2A1	6578
NR2F1	7025
TIMM23B	100652748
SOX13	9580
CCT5	22948
LANCL3	347404
ZBTB49	166793
RAD1	5810
SLC43A1	8501
PTCD1	26024
TNKS1BP1	85456
ALKBH6	84964
COG2	22796
P3H3	10536
CCDC157	550631
ACOX2	8309
DNM3OS	100628315
DPEP1	1800
ERI1	90459
CENPL	91687
ANKRD54	129138
B4GALT3	8703
ZNF555	148254
NEK2	4751
ESPL1	9700
TTC21A	199223
DOLK	22845
AMFR	267
PEX19	5824
CHCHD4	131474
SPIN4	139886
ATG16L1	55054
CHAMP1	283489
SSC5D	284297
FRRS1	391059
TNFRSF10C	8794
C1QTNF1	114897
KLHL24	54800
ZNF70	7621
ULK2	9706
TRBV13	28574
IGHV1-69	28461
SMOC2	64094
HOXA7	3204
PCAT19	100505495
ZNF697	90874
FAT4	79633
ADCY6	112
MAP2	4133
CISD1	55847
BCS1L	617
ZNF570	148268
PRIM2	5558
USF3	205717
DOC2B	8447
PCED1A	64773
HOXC4	3221
TMTC3	160418
FGFR1	2260
ZBTB40	9923
MYO5B	4645
RGPD5	84220
RNGTT	8732
MALL	7851
KLHDC3	116138
ANKMY2	57037
HAUS3	79441
CCDC30	728621
ZNF707	286075
PRICKLE2	166336
TMEM132A	54972
IGKV1D-13	28902
ISL2	64843
GPR4	2828
LARP6	55323
DLL1	28514
STOML1	9399
AMACR	23600
KCNJ15	3772
GNAO1	2775
CAPS	828
CEP164	22897
ZNF561	93134
SETD1A	9739
GPAT2	150763
NUDT6	11162
PARD6G	84552
NATD1	256302
NIPA1	123606
RASL12	51285
ARHGEF15	22899
EYA2	2139
FFAR3	2865
TMEM150C	441027
HOXA9	3205
ASTL	431705
ZNF853	54753
LBR	3930
AFAP1L2	84632
BMP8B	656
ZFPM1	161882
SYN1	6853
POMZP3	22932
INTU	27152
MEIKIN	728637
KRT17	3872
BORCS6	54785
MYCT1	80177
PTCRA	171558
GRWD1	83743
KDM5B	10765
PRR14	78994
DENND2C	163259
ACADS	35
ABCD4	5826
PROCA1	147011
CDCA4	55038
ALB	213
RERG	85004
LUM	4060
MGAT3	4248
CRHBP	1393
CCDC137	339230
MVK	4598
ERLIN1	10613
EXO1	9156
FANCM	57697
FUZ	80199
ARHGEF28	64283
SUFU	51684
LZIC	84328
TIPIN	54962
CDIPT	10423
TOP3B	8940
TMEM135	65084
ALDH1B1	219
MISP3	113230
ZMYM3	9203
BICRAL	23506
GNE	10020
CC2D2A	57545
MEX3B	84206
E2F8	79733
CYP2R1	120227
BCAP31	10134
SRRM2	23524
CXCR1	3577
AGAP1	116987
ELL3	80237
CACNA1A	773
SEMA5A	9037
INPP5A	3632
PUS1	80324
ELAC1	55520
DBT	1629
KCNQ1	3784
PRRG2	5639
ELN	2006
ALOX15B	247
CXCL14	9547
OSR2	116039
CLDN1	9076
RHBDF1	64285
IGKV1D-12	28903
EOGT	285203
PRSS35	167681
BEND4	389206
ZNF528	84436
FILIP1	27145
LINC00987	100499405
TAP1	6890
TMCO4	255104
WDR90	197335
GATA6	2627
SLC35A1	10559
PHACTR2	9749
DNAAF4	161582
APBA1	320
UMPS	7372
WDHD1	11169
ASPHD2	57168
DDO	8528
APCDD1	147495
SBSPON	157869
MMP12	4321
NCS1	23413
COL8A1	1295
SIAE	54414
KHK	3795
SNX25	83891
FAM229B	619208
PIAS3	10401
DPF3	8110
FUBP1	8880
SMG7	9887
FAM3A	60343
LCN2	3934
PML	5371
SLC16A5	9121
GAL3ST4	79690
DDAH1	23576
LDHD	197257
MFAP2	4237
MCEE	84693
ZNF22	7570
ANGPT2	285
FAM171B	165215
HHIP-AS1	646576
CHI3L1	1116
GUCY1A2	2977
ATOH8	84913
TENM4	26011
RNASE3	6037
LINC00630	100287765
TMEM255A	55026
CBR4	84869
ALG3	10195
C1orf159	54991
SLX4IP	128710
CACNA2D2	9254
LINC01358	101926925
AMOTL2	51421
AATK	9625
CABP4	57010
RCBTB1	55213
KHDC1	80759
CCDC126	90693
CRACR2A	84766
IL1RL1	9173
PROK2	60675
DGUOK-AS1	100874048
NSUN2	54888
SHROOM4	57477
DEPDC1	55635
GAPLINC	100505592
MACROD2	140733
EFNA1	1942
TRMT1L	81627
BIVM	54841
EVI2B	2124
MLPH	79083
SPRTN	83932
KCTD15	79047
ZDHHC9	51114
TRAF3IP1	26146
PBK	55872
COL4A3	1285
LEMD2	221496
LLGL1	3996
VPS50	55610
TMC3-AS1	101929655
NRN1	51299
ABCB9	23457
CAPN10-DT	101752400
TMEM86B	255043
MOXD1	26002
GPC6	10082
IGHV3-43	28426
IL1A	3552
HEY1	23462
NR2F2-AS1	644192
IGKV3D-15	28875
RASSF8	11228
SLC9A6	10479
MMP11	4320
TMEM163	81615
IGHV1-2	28474
MYOM2	9172
C18orf54	162681
EPHB4	2050
FAM76A	199870
PHYHD1	254295
EMSY	56946
NOP56	10528
FBXO17	115290
KLF7	8609
LIFR	3977
THSD8	111644133
TTK	7272
CAPN1	823
NEMP1	23306
CFAP54	144535
MBTPS2	51360
NSL1	25936
NFYA	4800
ZNF660	285349
NXN	64359
ZBED3-AS1	728723
SLIT3	6586
PODN	127435
OBSL1	23363
ACTR8	93973
TUT1	64852
BATF	10538
PCBP3	54039
MIR9-3HG	254559
WDR36	134430
SASS6	163786
FAM177B	400823
DENR	8562
NUFIP1	26747
SLC35G2	80723
CATSPERG	57828
TP53RK	112858
EHD3	30845
IL33	90865
KIF20A	10112
COL14A1	7373
LINC02356	105369984
PRRX1	5396
STYK1	55359
BMP4	652
CACTIN	58509
ZNF480	147657
GPBP1	65056
UBE2G1	7326
OPRL1	4987
ZNF436	80818
IDE	3416
CAVIN2	8436
ZFP3	124961
HAL	3034
F3	2152
PTGIS	5740
TVP23C	201158
HLA-G	3135
ZSCAN16-AS1	100129195
LRRC40	55631
SAPCD2	89958
EBP	10682
RMI1	80010
ADAM12	8038
ZBTB5	9925
EPHA2	1969
PCDH18	54510
ARHGAP42	143872
CCDC102B	79839
TMEM126B	55863
XYLT1	64131
HACD2	201562
LMTK3	114783
FBXO41	150726
COCH	1690
BPHL	670
TNFSF4	7292
ASMTL-AS1	80161
SHB	6461
DTWD1	56986
PDGFB	5155
C1orf216	127703
ECE1	1889
ZNF268	10795
DSP	1832
GPAM	57678
GRB10	2887
PRR7	80758
ABTB2	25841
CCL14	6358
ANKRD65	441869
SHANK3	85358
APLNR	187
PIMREG	54478
IGHV4-31	28396
PCOLCE2	26577
SLC35E3	55508
PLEKHM3	389072
CENPM	79019
PHGR1	644844
FAM216A	29902
CWC22	57703
KANSL1	284058
MAMDC4	158056
TLR3	7098
IL17A	3605
SPDYA	245711
HP	3240
ZNF738	148203
PC	5091
DAZAP1	26528
PKN3	29941
ADCK1	57143
AKT2	208
NPIPB11	728888
MDFI	4188
IGHV2-5	28457
PEAR1	375033
PPP1R3G	648791
COL5A3	50509
TULP3	7289
IQCK	124152
GIT2	9815
SUGP1	57794
TRIM34	53840
NCR3LG1	374383
BTRC	8945
RERE	473
OLFML1	283298
TLR9	54106
RUNX1T1	862
LINC02285	101929422
TSPAN12	23554
AMPD1	270
DOK5	55816
POSTN	10631
GPC1	2817
SUPT5H	6829
LBHD1	79081
PUM3	9933
ATP9A	10079
PAIP2B	400961
WNT2B	7482
HAUS8	93323
LANCL2	55915
POMT2	29954
FRAT2	23401
SLC35E4	339665
ABRAXAS2	23172
CDK13	8621
BTNL9	153579
PTGES2	80142
ZNF415	55786
METTL6	131965
ARHGAP11A	9824
MFAP4	4239
FMOD	2331
WNT5A	7474
FBLN1	2192
HESX1	8820
PLA2G2D	26279
TPSD1	23430
ZHX2	22882
EARS2	124454
MIR34AHG	106614088
CCDC77	84318
LMAN2L	81562
CALCOCO1	57658
CDC7	8317
CA13	377677
ANKRD6	22881
ZCCHC9	84240
FAM124B	79843
SIX5	147912
ST20	400410
TTLL12	23170
ANAPC4	29945
NEIL1	79661
FBXO10	26267
CHERP	10523
ENTPD6	955
XPO5	57510
GNAL	2774
OSMR	9180
SLC47A1	55244
LCAT	3931
AGAP4	119016
LGALSL	29094
NYNRIN	57523
GPSM2	29899
THBS3	7059
MAGI1	9223
DNHD1	144132
CCNF	899
PHLPP2	23035
RAB11B-AS1	100507567
TRMT5	57570
TRPC6	7225
FLRT2	23768
FOXS1	2307
CDH13	1012
HSPB6	126393
AFAP1L1	134265
SLC22A4	6583
LINC01150	101927624
PKDCC	91461
MYNN	55892
GSTCD	79807
VPS45	11311
TRPV3	162514
TFF2	7032
C6orf120	387263
CRADD	8738
NEFH	4744
EWSR1	2130
RAB23	51715
RGS17	26575
UGT8	7368
PRTFDC1	56952
TET1	80312
SNX12	29934
AGAP2-AS1	100130776
HEYL	26508
CYP7B1	9420
LOX	4015
KIRREL1	55243
APOC4-APOC2	100533990
CCDC68	80323
SMAD6	4091
HMGA1	3159
FLT4	2324
POLD1	5424
FSTL3	10272
RGS5	8490
ZNF778	197320
FAXDC2	10826
FRMD3	257019
HIC2	23119
NDOR1	27158
IMPA1	3612
NOL3	8996
LRRC1	55227
PPIL3	53938
SMPDL3B	27293
PCDH9	5101
ZBED5	58486
ZSCAN2	54993
IDH1-AS1	100507475
NRIP3	56675
SAE1	10055
PGK1	5230
EDNRA	1909
HOXB6	3216
OLFML2A	169611
LINC01116	375295
IL6	3569
PAXIP1	22976
RBBP9	10741
BRD1	23774
FAAP24	91442
RAB38	23682
BRAP	8315
EDRF1	26098
LRRC37A2	474170
JAM3	83700
CMBL	134147
RRP15	51018
HNRNPM	4670
NBEA	26960
SKA3	221150
GPT2	84706
KIAA0825	285600
RBSN	64145
CLCN4	1183
ADGRD1	283383
CLEC4F	165530
GLT8D2	83468
SEZ6L2	26470
GPR161	23432
RMC1	29919
LMLN	89782
RPUSD1	113000
ATG10	83734
ACKR3	57007
SMN2	6607
MT1H	4496
LRRC23	10233
ZSCAN5A	79149
CCDC9	26093
TUBB3	10381
RBMS3	27303
DMPK	1760
BICD1	636
CASKIN2	57513
ITGA8	8516
OSGIN1	29948
LINC02185	101927311
SMOC1	64093
IGHJ6	28475
LRRC47	57470
SERPINE2	5270
RTKN	6242
TEAD1	7003
CCDC97	90324
CREB3L1	90993
ITGB8	3696
ZNF473	25888
KCNK5	8645
HDAC2-AS2	101927768
VSTM4	196740
TCF7L1	83439
CHD2	1106
MMP15	4324
IGHV1-46	28465
CBR1	873
ATL2	64225
CDK3	1018
CPSF4	10898
HDC	3067
STEAP4	79689
PCDH17	27253
WASHC3	51019
CEP44	80817
FRS2	10818
TBX19	9095
ZNF140	7699
NUF2	83540
PPP1R12B	4660
SOWAHC	65124
MICAL3	57553
SH3BP5L	80851
TNXB	7148
ZNF888	388559
MAGIX	79917
TSIX	9383
CCDC127	133957
IGHV3-53	28420
GINS1	9837
REPIN1	29803
POLR3A	11128
TMEM161A	54929
FBXL17	64839
ITGB4	3691
PRKG1	5592
ENAM	10117
MXRA5	25878
CEBPA-DT	80054
IGKV2-28	28921
TRIM36	55521
LINC00309	150992
KREMEN1	83999
ZNF347	84671
RING1	6015
ARHGEF39	84904
SMN1	6606
IGHV3-11	28450
ACSF3	197322
ENKD1	84080
MSANTD3	91283
FLYWCH2	114984
SBF1	6305
GLE1	2733
ESR2	2100
PSMG3-AS1	114796
NPIPB15	440348
CTDP1	9150
ZSWIM9	374920
PLA1A	51365
DNAJC12	56521
COL16A1	1307
SNAI2	6591
L1TD1	54596
SLC35A3	23443
TRAPPC13	80006
MCM10	55388
CCDC28A	25901
CC2D1B	200014
ZG16B	124220
HOMER2	9455
TMEM54	113452
CD1A	909
EMID1	129080
IGHV7-4-1	57289
NLRX1	79671
RTN4IP1	84816
SDHAF2	54949
ZNF518B	85460
IGKV2D-28	28883
SNCG	6623
RAMP3	10268
FBN2	2201
SLC6A12	6539
LRRC37B	114659
WDPCP	51057
ZNF597	146434
TMEM97	27346
FAM120B	84498
TSPAN17	26262
DNAJC25-GNG10	552891
NRBP2	340371
MIR503HG	84848
SYDE1	85360
NHSL1	57224
LINC01023	100652853
QDPR	5860
SECISBP2L	9728
OAS2	4939
HARS2	23438
ATP8B1	5205
SEC22C	9117
CABLES2	81928
TRIT1	54802
IRF9	10379
ZNF669	79862
NFYC	4802
ZNF34	80778
SPC24	147841
ESF1	51575
MIR99AHG	388815
RITA1	84934
ZNF197	10168
ABCA8	10351
LRRC28	123355
NTHL1	4913
FRMD6	122786
POLQ	10721
NME7	29922
LRFN4	78999
ZNF780A	284323
HECW2	57520
TPRN	286262
PAK4	10298
QSOX2	169714
MOB3C	148932
GAN	8139
SHE	126669
ADAMTS9	56999
TBX2	6909
HEY2	23493
SELENBP1	8991
LRRC27	80313
USP49	25862
NBPF11	200030
SNX19	399979
ZNF552	79818
LINC01970	101929511
TOMM70	9868
CCDC74A	90557
SPRYD3	84926
SKA1	220134
CEPT1	10390
PRDM10	56980
LRFN1	57622
ZNF333	84449
ZNF426	79088
APP	351
TM4SF18	116441
ISLR	3671
WFDC1	58189
DBF4	10926
RNF25	64320
AFG1L	246269
SENP1	29843
ZFY	7544
TMEM248	55069
SRR	63826
FASTKD1	79675
VPS8	23355
DISP1	84976
ZNF622	90441
ZBTB8A	653121
MELTF	4241
TATDN2	9797
GPR153	387509
PALMD	54873
FBXO16	157574
SOX5	6660
ADAMTS7	11173
SEZ6L	23544
LAX1	54900
AMBRA1	55626
CDK6	1021
GINS3	64785
CCDC146	57639
ARHGEF11	9826
MSANTD4	84437
CRAMP1	57585
CTU2	348180
SLC18A2	6571
LRRC2	79442
NTRK1	4914
USP4	7375
CHAC2	494143
ARHGAP23	57636
RAPGEF3	10411
KIF27	55582
FANCB	2187
PPP1R2C	80316
DCUN1D2	55208
NCAPD3	23310
EFEMP1	2202
METRN	79006
LTBP1	4052
BRPF3	27154
DLL4	54567
TMEM121B	27439
TGFB2	7042
CCL24	6369
SLC1A7	6512
UCHL1	7345
TMEM47	83604
JHY	79864
PDE2A	5138
KPTN	11133
RAB40B	10966
POP1	10940
ALMS1	7840
STK36	27148
GNPAT	8443
TRIM39	56658
MCM3AP	8888
TAF5	6877
DNAJC14	85406
THOC7	80145
PRMT5	10419
USP18	11274
NEGR1	257194
LINC02202	101927740
THBS2	7058
MMRN2	79812
ZNF521	25925
EMCN	51705
TCF21	6943
IGHV1-24	28467
KIR3DX1	90011
ACOX3	8310
QPCTL	54814
LIG4	3981
TRAPPC9	83696
MAP2K7	5609
LONP2	83752
FAM151B	167555
ZSWIM4	65249
SPTBN5	51332
MAPK12	6300
TMEM237	65062
GTF3C5	9328
ZBTB18	10472
RACGAP1	29127
NRSN2-AS1	100507459
OTUD3	23252
RNF26	79102
ATL1	51062
RANBP10	57610
GALNT18	374378
WIPF3	644150
PTN	5764
HTR7	3363
METTL21A	151194
SCO2	9997
AAMP	14
NDRG1	10397
ARHGAP11B	89839
SLC25A25	114789
SLC4A10	57282
TMBIM1	64114
ANKRD13D	338692
PEG10	23089
ZNF487	642819
RAP1GAP2	23108
NUCKS1	64710
DLST	1743
MELK	9833
FNDC10	643988
CAPRIN2	65981
OTUB2	78990
LIN7A	8825
PTPRB	5787
FAM13C	220965
CCNJL	79616
COASY	80347
HDGF	3068
TMEM8B	51754
ANKRD29	147463
NPHP3	27031
TTYH2	94015
RBAK	57786
PAQR6	79957
LYRM4	57128
DLEU7	220107
NRSN2	80023
PEAK3	374872
XYLB	9942
DR1	1810
ASB8	140461
NOSTRIN	115677
DNAAF1	123872
SGMS1-AS1	104355295
PKP4	8502
NHSL2	340527
SMU1	55234
SNX21	90203
ERMP1	79956
SERP2	387923
ZRSR2	8233
PDCD11	22984
FAM120AOS	158293
ITGA11	22801
AATBC	284837
GPI	2821
TRIM56	81844
HSPD1	3329
PELI2	57161
AAGAB	79719
FKBPL	63943
LIF	3976
UBE2T	29089
GRAMD2B	65983
UBD	10537
PPM1H	57460
YAP1	10413
COLEC11	78989
FBXO42	54455
PPP6R3	55291
CCDC3	83643
ATP23	91419
TSPAN9	10867
ZNF154	7710
LINC02391	101930023
GTF2E1	2960
PACSIN1	29993
EPS8L1	54869
LAMB3	3914
CDC42EP5	148170
IL26	55801
ZMAT4	79698
MSH5	4439
DDX39A	10212
DMWD	1762
MSH6	2956
LMBR1L	55716
N4BP2	55728
NADK2	133686
NAA15	80155
KDM1A	23028
MED31	51003
NUDT18	79873
ANGPTL2	23452
KAZN	23254
MMP2-AS1	107984884
RCE1	9986
LRP5L	91355
CIP2A	57650
PLPBP	11212
BECN1	8678
VASH1-AS1	100506603
BRSK1	84446
LINC01353	100506775
RECQL4	9401
CDHR1	92211
KITLG	4254
PLCXD1	55344
LONRF3	79836
MRO	83876
GDF15	9518
PREX2	80243
ELP4	26610
VASN	114990
ADNP2	22850
DYNC2H1	79659
TTC16	158248
CENPS-CORT	100526739
SSX2IP	117178
EFL1	79631
MTFR2	113115
PIP4P2	55529
LGALS12	85329
TRIM3	10612
ZBTB33	10009
PINLYP	390940
TTLL7	79739
PARP6	56965
MS4A2	2206
CNTNAP2	26047
DLG5	9231
ATP9B	374868
NDUFAF7	55471
RBM12B	389677
CWF19L1	55280
MAU2	23383
BCAR1	9564
TOB1	10140
RTP5	285093
RBM19	9904
APOL4	80832
SPRY4	81848
PCAT6	100506696
TRAM2-AS1	401264
ACTR10	55860
METTL25	84190
TGFBR3L	100507588
COQ5	84274
BCL7A	605
CYTL1	54360
RRAD	6236
SLITRK4	139065
CXCL1	2919
MSH3	4437
SEC63	11231
IPO7	10527
SMARCA1	6594
FCRL3	115352
ANGEL1	23357
CDC123	8872
SLC27A4	10999
SLC25A53	401612
PAX8	7849
FTSJ1	24140
MAP2K4	6416
LPL	4023
MMP17	4326
ADRB1	153
ZNF503-AS2	100131213
ADGRL4	64123
STIL	6491
MT1M	4499
NEURL4	84461
CCDC184	387856
PIGZ	80235
DRG1	4733
HTRA4	203100
ACSS2	55902
UBE2O	63893
ARMC8	25852
DCLRE1A	9937
POLE	5426
HMG20A	10363
ACOT11	26027
SLC22A5	6584
TCAF1	9747
NEIL3	55247
CEP41	95681
UBL7	84993
LRP5	4041
HBP1	26959
PTPN14	5784
OAZ3	51686
DDIAS	220042
ARMCX2	9823
SRPX	8406
PTPRM	5797
GFPT2	9945
AMMECR1L	83607
NAT1	9
CPSF1	29894
LBX2	85474
ACY1	95
ADNP	23394
SETDB2	83852
CELSR1	9620
UIMC1	51720
GRPEL1	80273
CYGB	114757
TPRG1L	127262
L3MBTL4-AS1	101927150
FOXC1	2296
KDR	3791
IGKV3D-20	28874
RASSF8-AS1	100506451
PDGFRA	5156
DHDH	27294
INKA2	55924
SNAPC2	6618
CIB2	10518
DEPDC1B	55789
ARMC9	80210
SARS2	54938
NCKAP1	10787
TMEM44	93109
UTF1	8433
PPM1J	333926
SOX18	54345
JAM2	58494
RIMKLB	57494
PODXL	5420
SLC45A4	57210
ENTPD7	57089
CFB	629
UTP20	27340
SURF1	6834
RNF122	79845
OSBPL8	114882
ACAT1	38
TCF20	6942
EVC2	132884
IPO13	9670
PPFIBP2	8495
F8	2157
JCAD	57608
DGKG	1608
FABP4	2167
LILRA4	23547
SLC7A11	23657
SLC45A3	85414
MAOB	4129
LIM2	3982
CFI	3426
NFE2L3	9603
HSPBP1	23640
NUDT8	254552
SUCLG1	8802
MAN1C1	57134
PIKFYVE	200576
PNRC2	55629
HIF1AN	55662
PGBD1	84547
CDYL2	124359
OSBPL7	114881
NLRP2	55655
ACVR2A	92
HINT2	84681
CCDC9B	388115
TPSB2	64499
ALDH1L2	160428
CPXM1	56265
AQP1	358
CAAP1	79886
ELOVL6	79071
NEK8	284086
CUL2	8453
ARG2	384
DBR1	51163
SP3	6670
MCC	4163
VIPAS39	63894
POMGNT1	55624
TMEM41B	440026
ATAD3C	219293
NUMBL	9253
FOXM1	2305
DLAT	1737
TAF5L	27097
ARPC4-TTLL3	100526693
MRS2	57380
ASH2L	9070
GINS4	84296
CCHCR1	54535
PRLR	5618
CRYAB	1410
CCDC134	79879
RTL6	84247
SLC25A16	8034
DRAXIN	374946
IFT122	55764
TPSAB1	7177
JPH4	84502
RHOJ	57381
P2RY2	5029
CERS5	91012
ZNF654	55279
LYRM2	57226
MUC12	10071
MAP3K10	4294
RNLS	55328
ARGLU1	55082
ZGRF1	55345
CPQ	10404
GKN1	56287
NFXL1	152518
ZNF529-AS1	101927599
ATP13A2	23400
EPS15L1	58513
TMEM63B	55362
SCN9A	6335
RFX2	5990
ZNF704	619279
ITPKC	80271
ERCC3	2071
COX18	285521
SNX17	9784
STK16	8576
ENDOG	2021
NQO1	1728
KIAA1217	56243
IDO1	3620
NKIRAS1	28512
ZNF184	7738
UROS	7390
ZNF100	163227
PBX2	5089
CAPN10	11132
ROBO3	64221
PALB2	79728
TIMM21	29090
SMPD3	55512
TSPYL5	85453
BAALC	79870
TNFSF15	9966
COL4A4	1286
COL23A1	91522
TCIM	56892
EXOC3L1	283849
PMS2	5395
RANBP3	8498
RAB11FIP3	9727
DROSHA	29102
ZER1	10444
PGLYRP2	114770
NDUFAF6	137682
ZNF264	9422
FCAR	2204
CTTNBP2	83992
ECSCR	641700
PDK2	5164
AIFM3	150209
GRK4	2868
STIMATE	375346
EPC2	26122
ST7L	54879
RIN1	9610
ABCC10	89845
NKRF	55922
MATN2	4147
SPATA1	100505741
MEIS2	4212
APOD	347
ARHGEF17	9828
IGKV3OR2-268	3523
BAZ2A	11176
GPX8	493869
DMD	1756
UBQLN4	56893
EIF5A2	56648
SYNRG	11276
DSCC1	79075
RBMS1	5937
PIGQ	9091
YLPM1	56252
CCDC163	126661
ENTR1	10807
SPACA9	11092
CCAR1	55749
PTK7	5754
CADPS2	93664
PGF	5228
CCL8	6355
IGKV1-16	28938
TBC1D17	79735
HERPUD2	64224
ADAMTS4	9507
APOL2	23780
NUP50	10762
DLG3	1741
CDC45	8318
DUSP14	11072
MAP3K7CL	56911
HOMER1	9456
TONSL	4796
ZNF587	84914
PSMF1	9491
SIGLEC5	8778
CLEC4D	338339
CPA3	1359
PRUNE2	158471
VWA1	64856
CLDN23	137075
CCL23	6368
BHLHA15	168620
SYT1	6857
CDH5	1003
LPAR1	1902
ZNF407	55628
ECHDC3	79746
GHRL	51738
LINC00265	349114
FASTKD3	79072
DCAF8	50717
FBXW4	6468
UBXN11	91544
CEACAM3	1084
RHOT2	89941
MSC-AS1	100132891
CPE	1363
RANGAP1	5905
MARK4	57787
BORA	79866
FAT1	2195
PARD6G-AS1	100130522
NES	10763
HJURP	55355
RTTN	25914
ZNF266	10781
POM121C	100101267
C20orf96	140680
LIG3	3980
SNRPC	6631
ERMAP	114625
ERVK3-1	105372481
PEX11G	92960
PPP1R3B	79660
MPDZ	8777
PKD2L1	9033
DIAPH3	81624
HCAR2	338442
DHCR24	1718
RBP4	5950
ITLN1	55600
DEPP1	11067
AKR1C3	8644
ACAD10	80724
VCPKMT	79609
ESCO2	157570
PPIL1	51645
GNAI1	2770
OPLAH	26873
MYH10	4628
KIF16B	55614
OTUD6B	51633
SPATA33	124045
MESP1	55897
UPF3B	65109
CR2	1380
LPIN1	23175
MROH6	642475
IFT81	28981
AURKB	9212
FIZ1	84922
ADGRL2	23266
ZP3	7784
FBH1	84893
HID1	283987
RALGAPA2	57186
OSGIN2	734
INPP5E	56623
ZBTB46	140685
AACS	65985
THOC2	57187
FAM149B1	317662
LINC00665	100506930
SLC48A1	55652
DAB2IP	153090
MED26	9441
ABHD11	83451
CIT	11113
MIGA1	374986
RAPGEF5	9771
ZDHHC16	84287
ZNF608	57507
EPDR1	54749
BAHCC1	57597
CDKAL1	54901
PPP1R26	9858
GPR25	2848
FNBP1L	54874
DGAT2	84649
XPO6	23214
FSD1	79187
ANLN	54443
IFT172	26160
CXCL9	4283
ST18	9705
WFS1	7466
GSPT2	23708
HERC5	51191
WWOX	51741
TFDP1	7027
ETAA1	54465
IGKV1-6	28943
KIF15	56992
ID4	3400
KCNN4	3783
MFSD6	54842
CCDC34	91057
TRPM7	54822
WDR24	84219
SMARCAL1	50485
EVI5L	115704
LGALS9C	654346
STARD5	80765
DCAF5	8816
SEPSECS	51091
CCZ1	51622
BCO2	83875
PTX3	5806
ABLIM3	22885
TMEM38B	55151
ARHGEF18	23370
IGHV4-4	28401
CENPA	1058
PUSL1	126789
HAUS6	54801
BBS4	585
NR6A1	2649
TAGLN2	8407
HRH1	3269
USP31	57478
ZNF148	7707
CDC34	997
WASF1	8936
EDIL3	10085
GJA1	2697
JAG2	3714
C2CD2	25966
GGT1	2678
IFT46	56912
LINC01004	100216546
PARPBP	55010
IKZF5	64376
TMEM216	51259
MCM7	4176
SPDL1	54908
DNAL4	10126
FSD1L	83856
PLSCR4	57088
FBLIM1	54751
NRARP	441478
SPC25	57405
ZNF354A	6940
TDRD3	81550
DLGAP5	9787
MTMR9	66036
GOLT1B	51026
DNPEP	23549
GORAB	92344
MTURN	222166
SLC6A8	6535
FBLN2	2199
PIGN	23556
SIGLEC6	946
IGHV3-48	28424
HOXB4	3214
ARFGEF1	10565
CCDC86	79080
BYSL	705
FAM8A1	51439
VWF	7450
RND1	27289
CASP5	838
PIGG	54872
CDK5RAP3	80279
LIPN	643418
FASN	2194
PGRMC1	10857
FAHD1	81889
CREB3L4	148327
DDN-AS1	105369758
ZNF410	57862
RAB11FIP2	22841
NANP	140838
CTH	1491
SH3RF3	344558
MXRA8	54587
TXNDC16	57544
ADCY9	115
UBE4B	10277
ABCA7	10347
IGKV1-33	28933
CCDC24	149473
KIF22	3835
NID2	22795
CCNE2	9134
KAT7	11143
CENPO	79172
ZKSCAN5	23660
DCBLD2	131566
ZNF628	89887
WEE1	7465
RBM41	55285
B3GAT1	27087
MIB1	57534
CIZ1	25792
TSR1	55720
TAF1C	9013
TMLHE	55217
PCDH1	5097
CLEC14A	161198
A4GALT	53947
NDN	4692
IKBKB	3551
GDAP1	54332
RTL8B	441518
PABPC1L	80336
PRRC2C	23215
RNFT1-DT	101927755
ENTPD5	957
NECAP1	25977
MTG2	26164
ZNF215	7762
KIF2C	11004
ZNF577	84765
RWDD2B	10069
CEP128	145508
BAMBI	25805
ANOS1	3730
NEURL1B	54492
ERG	2078
DDR2	4921
GALNT7	51809
ATG4D	84971
PRR12	57479
SH3BP4	23677
MCRS1	10445
COL19A1	1310
CCDC102A	92922
DAGLA	747
D2HGDH	728294
KIF14	9928
CSRP2	1466
ZNF236	7776
RASSF6	166824
ITPRIPL1	150771
FGD5	152273
SOD3	6649
TOE1	114034
VEZT	55591
TROAP	10024
ENGASE	64772
CDKL5	6792
UHRF2	115426
ELP1	8518
ZNF808	388558
TREML1	340205
MICA	100507436
COL6A3	1293
KMT5B	51111
TTC21B	79809
NPIPB4	440345
RMND1	55005
ANGPTL4	51129
FFAR4	338557
HELLS	3070
MBD1	4152
CNFN	84518
MAP4K4	9448
RDH10	157506
KLHL23	151230
DEPDC5	9681
CNBD2	140894
IGKV2-30	28919
CRTC2	200186
NRAV	100506668
MAPRE3	22924
CD163L1	283316
FRZB	2487
LINC02576	102724233
CNNM4	26504
ZNF219	51222
XPR1	9213
ATP7A	538
MCCC2	64087
ADO	84890
SBNO2	22904
TTC8	123016
ELK3	2004
DLD	1738
MUL1	79594
ADIRF	10974
CTDSPL	10217
NDUFAF5	79133
TCHP	84260
PIK3CD-AS2	101929074
MAP7	9053
SMC3	9126
ZNF81	347344
ZNF366	167465
ABCA6	23460
ANKRD52	283373
KPNB1	3837
SPINDOC	144097
FAM72B	653820
FAM204A	63877
NDRG2	57447
NUP85	79902
JAKMIP1	152789
DNAJB5	25822
POC1B	282809
POLR2H	5437
LRRC32	2615
SAYSD1	55776
N4BP3	23138
CDK18	5129
ZNF844	284391
SCUBE1	80274
CDKN2B	1030
MIA3	375056
CLK3	1198
ZKSCAN1	7586
PKMYT1	9088
PUS7	54517
RUVBL2	10856
ZNF687	57592
NIPSNAP3B	55335
MIR497HG	100506755
TULP4	56995
MEG3	55384
ZNF621	285268
TRIM37	4591
LTBP2	4053
YOD1	55432
PIK3C3	5289
CENPQ	55166
ZMYM5	9205
NOTCH3	4854
ROBO4	54538
VSIG10L	147645
ATG14	22863
SNX33	257364
ZNF592	9640
SLC5A6	8884
GPRC5C	55890
TSC2	7249
ZBTB47	92999
ZNF821	55565
ZSCAN21	7589
RNF123	63891
ST3GAL2	6483
NDC1	55706
MTX2	10651
ABI1	10006
PTPRG	5793
SMIM10	644538
GATA2	2624
PIGO	84720
ILKAP	80895
OXR1	55074
RNF4	6047
TMCC1	23023
ATP5F1B	506
MIXL1	83881
TNFRSF14-AS1	115110
JMJD8	339123
IGLV7-46	28775
LINC01679	101928399
DTNA	1837
KIF18A	81930
LMAN1	3998
GLYCTK	132158
RRP36	88745
SOCS5	9655
WDR70	55100
ZNF428	126299
SLX4	84464
HOXA10	3206
APTX	54840
TRIP13	9319
CDK11A	728642
NPHP4	261734
P3H2	55214
VENTX	27287
IGHV3-15	28448
POC1A	25886
ZNF25	219749
PHLPP1	23239
ISY1	57461
TRAF2	7186
RFC3	5983
BUB1B	701
SETD4	54093
GABPB2	126626
SLC39A14	23516
FMO5	2330
POMGNT2	84892
CSE1L	1434
CDCA2	157313
SPAG5	10615
PDE12	201626
ARMC2	84071
IBA57	200205
KIT	3815
IPPK	64768
DNAH1	25981
HCFC2	29915
RPP30	10556
UCKL1	54963
IFT74	80173
NUAK1	9891
CYYR1	116159
BATF2	116071
UBXN2A	165324
TANC1	85461
CEP126	57562
ARAP3	64411
PSRC1	84722
CHST10	9486
FOXRED2	80020
IGHV3-21	28444
DTL	51514
ZNF627	199692
CRNDE	643911
RABGGTA	5875
CKAP2L	150468
TEAD2	8463
HNRNPU	3192
FOXO4	4303
CUL9	23113
DMKN	93099
CARS2	79587
PCNA	5111
MEF2C-AS1	101929423
LIMCH1	22998
BOK	666
STK39	27347
NINJ2	4815
ARL15	54622
MACO1	55219
KEAP1	9817
KIF4A	24137
COL12A1	1303
PLXNA2	5362
NUMA1	4926
TPST1	8460
GGACT	87769
RNF2	6045
TMEM91	641649
RPF2	84154
NDUFA11	126328
PRPF6	24148
VAPA	9218
LOXL2	4017
ROBO1	6091
USP42	84132
RPH3AL	9501
TUSC3	7991
FBXO45	200933
TEX2	55852
DECR2	26063
RIPK1	8737
ESAM	90952
CHEK1	1111
TLN2	83660
TTLL5	23093
TNFAIP1	7126
RAB12	201475
S1PR3	1903
CDH11	1009
ERBB2	2064
COG3	83548
PLEKHH3	79990
C1orf50	79078
PPP2R1B	5519
HFE	3077
RASAL3	64926
B3GAT3	26229
TGFB1I1	7041
ANKHD1	54882
MIS18A	54069
WHAMM	123720
INHBA	3624
IGHV3-33	28434
FAM111B	374393
IPO11	51194
DMTF1	9988
TVP23B	51030
IGHV4-61	28391
MAPKBP1	23005
STRADA	92335
ATXN3	4287
RPP14	11102
B4GALT2	8704
MPPE1	65258
BRMS1L	84312
DISC1	27185
DZIP1L	199221
AGAP6	414189
CCSER1	401145
LSS	4047
TRIM24	8805
CDK9	1025
IL23R	149233
SETD9	133383
SLC17A5	26503
MIR181A2HG	100379345
S100PBP	64766
MINPP1	9562
SORBS2	8470
AKAP8L	26993
ANKRD35	148741
WDR33	55339
GGPS1	9453
IGFBP5	3488
AP5Z1	9907
TUBGCP6	85378
NBPF1	55672
SEC24B	10427
MYPOP	339344
CHEK2	11200
TNFAIP6	7130
PDLIM3	27295
NCOA6	23054
SMG9	56006
UGDH-AS1	100885776
RIOK1	83732
ELP6	54859
FTCDNL1	348751
RTL8A	26071
TTC23	64927
MREG	55686
KCTD3	51133
CCNB2	9133
LSM14B	149986
MZF1-AS1	100131691
PCMT1	5110
CD55	1604
OLFML3	56944
KANSL1L	151050
RPS6KB1	6198
ERI2	112479
RSPRY1	89970
ALDH7A1	501
FLVCR1	28982
SLC35F2	54733
CLEC3B	7123
POGK	57645
IGHV3-30	28439
ENPP5	59084
NSMAF	8439
AMDHD1	144193
ZNF646	9726
PRKAG2	51422
FBXO25	26260
PCGF2	7703
ZNF195	7748
YWHAZ	7534
DECR1	1666
CDYL	9425
SLC19A2	10560
PRKAB1	5564
ADGRF5	221395
LINC00294	283267
FTX	100302692
PSMC3IP	29893
GORASP1	64689
SND1	27044
ENOX2	10495
SCAMP5	192683
SNAPC4	6621
SLC25A44	9673
CACFD1	11094
CHAC1	79094
GNA11	2767
FAM110B	90362
BAHD1	22893
MDP1	145553
TBC1D20	128637
ACCS	84680
GUCY1A1	2982
PRELID2	153768
TADA2B	93624
METTL15	196074
SPATA6	54558
TJAP1	93643
A1BG-AS1	503538
BTF3L4	91408
FBXL20	84961
CWC15	51503
LSG1	55341
PLOD2	5352
HCAR3	8843
PPP2R5A	5525
ZNF468	90333
BCLAF3	256643
PARVA	55742
ZNF362	149076
RFT1	91869
PRKCB	5579
ESCO1	114799
NRDE2	55051
ZFYVE19	84936
INCENP	3619
TMEM98	26022
EPB41L1	2036
LRG1	116844
CXCL10	3627
CAMTA2	23125
NOP16	51491
LRSAM1	90678
LAMA5	3911
RDH11	51109
KIAA1143	57456
GOLGA8N	643699
C4orf46	201725
RNASEH1	246243
STX1A	6804
PLVAP	83483
PUS10	150962
BRAT1	221927
RCAN2	10231
PMM2	5373
ZNF37A	7587
PI4KB	5298
STS	412
KIF9	64147
ALDOA	226
PIAS2	9063
SRP14	6727
GADD45GIP1	90480
TRAPPC10	7109
KLHL21	9903
PDSS2	57107
GABPB1	2553
GRHPR	9380
MND1	84057
CLU	1191
HMMR	3161
VNN1	8876
LYNX1	66004
TIE1	7075
DYNLRB1	83658
SLC16A1	6566
NORAD	647979
TTC19	54902
PPP1R12A	4659
DMAC2	55101
ALG12	79087
TTC17	55761
IST1	9798
DEPTOR	64798
BPGM	669
SND1-IT1	27099
TBC1D24	57465
CTSF	8722
UVSSA	57654
METTL1	4234
THTPA	79178
TINAGL1	64129
APBB2	323
SCNN1B	6338
SNX7	51375
TTC13	79573
GRAMD1C	54762
CDCA3	83461
MED1	5469
VPS11	55823
MZT1	440145
PAM16	51025
ABCB4	5244
ZNF629	23361
RFXANK	8625
GTF3C4	9329
PLK1	5347
MIER3	166968
PDE7B	27115
PDCD1	5133
CEP295	85459
DOCK6	57572
NNMT	4837
PPIL2	23759
SAC3D1	29901
THAP8	199745
XRN1	54464
ATG4B	23192
GALK2	2585
MTFR1	9650
KCNJ2	3759
KCNE1	3753
ZDHHC18	84243
KLRC4-KLRK1	100528032
DVL1	1855
PIR	8544
LYSMD2	256586
NOL8	55035
DNM1	1759
SGK3	23678
SPATA7	55812
GGT5	2687
COL8A2	1296
ANTXR1	84168
PCCA	5095
MICALL2	79778
CCNK	8812
IGHV1-18	28468
NECTIN1	5818
CNR2	1269
CLP1	10978
KHNYN	23351
PNPT1	87178
THAP5	168451
ERCC2	2068
CASP10	843
STAG1	10274
CLDN7	1366
CD34	947
IFITM10	402778
FBXL15	79176
ARSG	22901
FBXW8	26259
MFSD11	79157
PRSS36	146547
PFDN6	10471
TMEM88	92162
TTC28	23331
ME3	10873
KPNA3	3839
NUGGC	389643
KCNJ5	3762
SLAMF9	89886
CLPX	10845
ADGRE1	2015
PARP2	10038
DNAJC17	55192
IGHMBP2	3508
ATG2B	55102
RBM15	64783
MTF2	22823
KHDRBS2	202559
IGHJ4	28477
CTBP1	1487
STMN1	3925
WDR83	84292
HSD17B7	51478
AFDN	4301
TEC	7006
TFF1	7031
PTDSS2	81490
CTPS1	1503
BCAS4	55653
EFNB2	1948
ZNF678	339500
TRPV4	59341
POLA2	23649
BIK	638
MPZL2	10205
SPATA13	221178
ZNF609	23060
BTN2A1	11120
CABLES1	91768
PBX1	5087
ECSIT	51295
TYW3	127253
TGFA	7039
PTRH2	51651
CCDC80	151887
IGKV1D-33	28896
UBR7	55148
LINC01001	100133161
GUCY1B1	2983
WBP1	23559
CRISPLD2	83716
PTPRS	5802
FPGT	8790
FPGS	2356
ATP13A1	57130
DENND4C	55667
LAMP5	24141
PLAC9	219348
DCAF10	79269
SH3D21	79729
PAN3	255967
MRPL15	29088
ZNF684	127396
AIFM2	84883
ZFYVE1	53349
AGL	178
AP1AR	55435
MLF1	4291
CRAT	1384
IFNLR1	163702
RBCK1	10616
SCO1	6341
INKA1	389119
NSMCE2	286053
TERF1	7013
PRICKLE1	144165
STK25	10494
MRPL35	51318
POFUT1	23509
SUZ12	23512
SLC25A14	9016
LINC01506	101927015
IGKV1-12	28940
CCDC82	79780
ADCY4	196883
GLS	2744
NEDD4L	23327
ANAPC2	29882
ALG1	56052
COQ9	57017
MDC1	9656
FZD4	8322
PMFBP1	83449
COPZ2	51226
L3MBTL4	91133
KIF11	3832
RBM7	10179
GPANK1	7918
TTPAL	79183
TDRD7	23424
CDKL1	8814
AP4E1	23431
IFT88	8100
ZMYM6	9204
EME2	197342
ZNF800	168850
ZC3H12C	85463
IGLV3-19	28797
CCR10	2826
CUL4B	8450
PCOLCE	5118
ICE1	23379
NFIX	4784
TARS2	80222
HDX	139324
GFM2	84340
PSKH1	5681
KAT6B	23522
TCEAL1	9338
WWP2	11060
MED14OS	100873985
ATG4C	84938
TTC7B	145567
TERF2	7014
SIAH2	6478
TRAF6	7189
POLA1	5422
RYR1	6261
ASS1	445
RBFOX2	23543
ENTPD3-AS1	285266
CD80	941
CSNK1G1	53944
GPN2	54707
SNAPC1	6617
SLC22A15	55356
ARHGAP19	84986
SLC46A2	57864
P4HA2	8974
DCP1A	55802
QPRT	23475
SNX16	64089
CNOT3	4849
RAD18	56852
LMCD1	29995
RGS13	6003
HSPBAP1	79663
SLC19A1	6573
CCNJ	54619
MRPS23	51649
PCDH12	51294
MUS81	80198
MED22	6837
ZBED4	9889
OLFM1	10439
COL5A2	1290
HTRA2	27429
TFB2M	64216
ATP6V1H	51606
DDX3Y	8653
FAM27C	100132948
GUF1	60558
ZNRF2	223082
EIF4EBP2	1979
APOBEC3B	9582
CDK10	8558
CDCA5	113130
TGS1	96764
PDPN	10630
TPRG1-AS1	100874043
IGLV3-10	28803
C11orf96	387763
AKR1B1	231
ASPM	259266
COA5	493753
RETSAT	54884
DPM1	8813
HOXB7	3217
SAP18	10284
WDR55	54853
MAP2K2	5605
PDLIM4	8572
PPME1	51400
SERAC1	84947
SLFN13	146857
CCL18	6362
C1S	716
POLE4	56655
SERPINE1	5054
CYP2U1	113612
CCP110	9738
USP19	10869
FAM193B	54540
DRAIC	145837
GLB1L	79411
BOLA2B	654483
EP400	57634
MRPS10	55173
RNASE4	6038
CBX8	57332
CCNB1	891
OPHN1	4983
TVP23A	780776
PADI2	11240
BCR	613
FRY	10129
NSDHL	50814
AP3S2	10239
KIAA0753	9851
PRSS57	400668
FBXO5	26271
CAB39L	81617
TSHZ1	10194
KIFAP3	22920
C2CD3	26005
CIPC	85457
TMEM52B	120939
ZNF205	7755
RAB27B	5874
CST6	1474
CXCL12	6387
NCAPH	23397
KMT5C	84787
SOCS7	30837
WRN	7486
RMDN2	151393
MAPK8IP3	23162
CDT1	81620
AXIN1	8312
ZSCAN29	146050
NUCB1	4924
ARHGAP29	9411
ENAH	55740
ARHGAP12	94134
MYL5	4636
TELO2	9894
CXCL13	10563
NMNAT1	64802
GINS2	51659
TMEM268	203197
FAM234A	83986
ADGRG6	57211
LINC01781	101927412
IGLV3-21	28796
MCU	90550
ADGRE3	84658
APBB1IP	54518
SMARCA4	6597
DUSP7	1849
SIPA1L3	23094
SIK3	23387
DNAL1	83544
GMIP	51291
FH	2271
GPR162	27239
DCN	1634
NAT10	55226
FCHSD1	89848
KIF20B	9585
SEMA3C	10512
ARID1B	57492
TM4SF1	4071
ARFIP2	23647
SYNJ2BP-COX16	100529257
DARS2	55157
MIR210HG	100506211
ADAT3	113179
FBN1	2200
SVBP	374969
PLEKHA8	84725
KNL1	57082
SH2D3C	10044
CDC20	991
CHST13	166012
TMED3	23423
PPP1R16A	84988
SNRPB2	6629
TAF2	6873
PPP1R8	5511
RECQL5	9400
PLAT	5327
SGO1	151648
MED19	219541
CD248	57124
NXPH4	11247
NUDT19	390916
DUSP28	285193
IQCN	80726
C8orf76	84933
RARRES1	5918
PREB	10113
ADORA2B	136
GTSE1	51512
ANGEL2	90806
HEXIM2	124790
CCNA2	890
ARFGAP2	84364
NCAPG	64151
FEM1A	55527
CEP55	55165
AHDC1	27245
SUCNR1	56670
PHKA2	5256
TEDC1	283643
DNAJC11	55735
MEGF8	1954
GTF2IRD2B	389524
RAI14	26064
B3GNT8	374907
BRPF1	7862
CSF1	1435
FZD5	7855
RBP1	5947
COL9A2	1298
S1PR2	9294
PMS1	5378
CARNMT1	138199
DCBLD1	285761
IQCH-AS1	100506686
INO80C	125476
PLAGL2	5326
COP1	64326
F8A1	8263
ADGRG3	222487
TRIM58	25893
RAD54L2	23132
ATP5MC1	516
TNS2	23371
TRAV1-2	28692
HSPA14	51182
IGKV1-27	28935
AK1	203
CLDND2	125875
G2E3	55632
ZNF469	84627
KLK1	3816
PDSS1	23590
ATR	545
FHAD1	114827
MLST8	64223
ZNF638	27332
ZBTB32	27033
SYT17	51760
EDNRB	1910
RND3	390
ADAR	103
CTSK	1513
KIF23	9493
MAP2K1	5604
ACAP3	116983
SIGLEC12	89858
SLC12A2	6558
PHF2	5253
MRM3	55178
MRPL19	9801
MUC5AC	4586
ZNF667-AS1	100128252
PIK3CA	5290
GSTA4	2941
DLGAP4	22839
PPP6R2	9701
NCK1-DT	101927597
CYP20A1	57404
ZWILCH	55055
P2RY1	5028
PDE4DIP	9659
KMT2B	9757
SNX6	58533
SLC4A7	9497
DYNLL2	140735
EFCAB11	90141
PICK1	9463
IDNK	414328
CSRNP2	81566
TGFBRAP1	9392
FKBP10	60681
SYNJ2BP	55333
DHX33	56919
VPS13B	157680
ZDHHC17	23390
TMEM43	79188
SLC30A4	7782
ECT2	1894
EPB41L4A	64097
ZNF189	7743
TYW5	129450
OSGEP	55644
RAE1	8480
SELENOO	83642
UBXN8	7993
FKBP7	51661
ZNF804A	91752
AKIP1	56672
DNAJC21	134218
DCAF7	10238
CASZ1	54897
TSPAN7	7102
KCMF1	56888
CUL7	9820
CEP192	55125
APH1A	51107
LRRC42	115353
NUP153	9972
BTBD10	84280
ZDHHC8	29801
ARID5A	10865
SGSM2	9905
CCDC28B	79140
IGKV1-9	28941
FOXN3-AS1	400236
COPS2	9318
TEPSIN	146705
ZNF846	162993
PSMD3	5709
FZR1	51343
ZBTB17	7709
MSC	9242
NFIB	4781
SPAG1	6674
UBXN7	26043
PSPH	5723
AP4B1	10717
KRT81	3887
ADAMTS1	9510
GNG12	55970
HMG20B	10362
MCM8	84515
FGGY	55277
PPP3R1	5534
TARDBP	23435
FAM131A	131408
PHF8	23133
CYB5A	1528
SGCE	8910
DDIT4-AS1	110806271
TECPR2	9895
OCRL	4952
NSF	4905
IRF2BPL	64207
TNPO3	23534
RNF185	91445
ZWINT	11130
CD200	4345
PGC	5225
FANCG	2189
ERICH6-AS1	101928085
CNTROB	116840
PTCH1	5727
NBR1	4077
UNC13B	10497
SLC35B4	84912
PGAM1	5223
MYO18A	399687
VPS16	64601
PIP5K1B	8395
ANO10	55129
MED21	9412
UPK3A	7380
RAD51D	5892
KCTD11	147040
BRWD3	254065
SH3PXD2A	9644
SLCO3A1	28232
FBXO38	81545
MRPS7	51081
KDM6A	7403
BRMS1	25855
PREP	5550
ANKRD42	338699
FANCI	55215
NSMF	26012
EXTL2	2135
POFUT2	23275
SLC38A9	153129
CCDC125	202243
CSPP1	79848
MRPL11	65003
UCHL5	51377
GSEC	399972
IGHV4-59	28392
UBTD2	92181
UROD	7389
MTPAP	55149
TNPO2	30000
ADGRA2	25960
TPRKB	51002
DPYSL3	1809
RNF146	81847
LZTR1	8216
POMC	5443
RARRES2	5919
TBC1D16	125058
RPL7L1	285855
RFX7	64864
TRGV3	6976
PPIP5K1	9677
DXO	1797
MAP1B	4131
LRP3	4037
PDGFC	56034
C1R	715
PTGFRN	5738
E2F4	1874
MBOAT2	129642
ARL2	402
FAM228B	375190
POLR1A	25885
MOV10	4343
IGKV1D-39	28893
RRP8	23378
HYPK	25764
PDGFA	5154
C1orf53	388722
EHD2	30846
RBM14	10432
CLCC1	23155
SLC30A5	64924
LAYN	143903
IL9R	3581
SLC4A4	8671
PITHD1	57095
BOP1	23246
PTPRK	5796
MSRB3	253827
GFRA2	2675
LINC00900	283143
PSMB10	5699
SLC39A13	91252
PIGS	94005
BUB1	699
TEX9	374618
ANAPC13	25847
DNASE1L3	1776
LIN54	132660
LACTB2	51110
CGGBP1	8545
VSTM1	284415
LRP12	29967
SMARCAD1	56916
TUSC1	286319
CDC6	990
CES1	1066
TRGV5	6978
FHL2	2274
CHKB	1120
UNK	85451
RNF11	26994
ZFAT	57623
INO80	54617
RNF103	7844
FRMD8	83786
PEF1	553115
EIF4ENIF1	56478
MCAM	4162
COL1A1	1277
BCAM	4059
UBAP2	55833
RUSC1	23623
MYO1B	4430
TBKBP1	9755
AP1S3	130340
DONSON	29980
TFPI	7035
SLC27A2	11001
ZNF655	79027
MPHOSPH6	10200
ALG14	199857
FERMT2	10979
NARF	26502
RPGR	6103
ADCK2	90956
PDCL3	79031
GON4L	54856
EEF2K	29904
DAAM1	23002
ADAMTS2	9509
MIR3945HG	731424
FKBP4	2288
P3H1	64175
NETO2	81831
PDLIM2	64236
HAUS1	115106
GABBR1	2550
VPS39	23339
ACAD9	28976
AP4M1	9179
FAM76B	143684
MINDY2	54629
PSD3	23362
AKAP17A	8227
IGLV2-8	28817
HMGCL	3155
SLC4A1AP	22950
SLC33A1	9197
PDPR	55066
THY1	7070
MECR	51102
MAK16	84549
COL6A1	1291
SYNGR3	9143
CDCA8	55143
TOMM5	401505
CC2D1A	54862
IGHD	3495
CTHRC1	115908
CHM	1121
VIPR2	7434
AK4	205
WDTC1	23038
DEGS1	8560
SLC41A2	84102
ZBED3	84327
PWWP2A	114825
TIFAB	497189
TMEM62	80021
PCBD2	84105
TCERG1	10915
LINC01684	105372751
ZC3H7B	23264
TMEM138	51524
ZNF516	9658
PRKDC	5591
DYRK1A	1859
MIS12	79003
ZNF700	90592
CPEB3	22849
NPIPA1	9284
GEN1	348654
DDX10	1662
ANKRD22	118932
SIAH1	6477
NSD2	7468
POLR3H	171568
PTRHD1	391356
SERPINF2	5345
APOC2	344
GSS	2937
CEP57L1	285753
PAOX	196743
MAIP1	79568
MPHOSPH9	10198
THOP1	7064
PRKCSH	5589
INPP5B	3633
C8orf33	65265
RASL11A	387496
TCTN3	26123
NUP50-DT	100506714
PIGX	54965
CERS4	79603
FASTK	10922
SNIP1	79753
STARD9	57519
ATE1	11101
ZNF35	7584
CCSAP	126731
ATAD5	79915
ALDH4A1	8659
ERCC6	2074
OSBPL10	114884
PFKFB2	5208
CEP152	22995
PRC1	9055
REPS2	9185
DHX32	55760
AMOTL1	154810
CFAP20	29105
KATNBL1	79768
DPY19L3	147991
RHBDD1	84236
KLHL8	57563
AP5M1	55745
SAFB2	9667
NR2F2	7026
AQR	9716
FKBP1B	2281
ACVR1B	91
SLC39A4	55630
COG4	25839
TANC2	26115
SLC25A43	203427
CDC23	8697
ACO1	48
DEDD2	162989
BMP1	649
TMTC2	160335
NFIA	4774
HIRA	7290
CPLANE1	65250
DIS3	22894
SLC37A4	2542
SEMA4B	10509
ZMPSTE24	10269
TP53BP1	7158
TMEM234	56063
STX3	6809
EXT2	2132
DHX16	8449
PNPLA4	8228
ZNF706	51123
CAMSAP1	157922
STAG3	10734
SPPL2B	56928
POLE3	54107
EMC6	83460
UTP14C	9724
SPIRE1	56907
PER3	8863
AURKA	6790
ULBP2	80328
LAMB1	3912
CNOT9	9125
CASD1	64921
COL5A1	1289
BTBD3	22903
EMILIN1	11117
DDHD1	80821
C1orf198	84886
CAMKK1	84254
STXBP5	134957
TOGARAM1	23116
NLK	51701
TMEM150B	284417
KIR2DL1	3802
ECD	11319
CLOCK	9575
USP16	10600
MTX1	4580
LINC01588	283551
KMT2E	55904
EXOSC9	5393
CHI3L2	1117
PLEKHA3	65977
FN3KRP	79672
SS18L1	26039
CD99L2	83692
PHETA2	150368
TAF4	6874
TICAM2	353376
NDUFS3	4722
SPATA2	9825
MYO10	4651
WHRN	25861
USPL1	10208
ANKRD39	51239
PHLDB2	90102
GOSR1	9527
SYNPO	11346
ACYP2	98
TCAIM	285343
TMEM44-AS1	100507297
CCDC71L	168455
EML4	27436
RAMP1	10267
S100A16	140576
SLC15A2	6565
MMP9	4318
CLCF1	23529
CCS	9973
RAB4B	53916
NMB	4828
ZNF318	24149
MRPL21	219927
TRMT6	51605
KLHL2	11275
SLC2A1	6513
SLC35A5	55032
C11orf21	29125
CDK1	983
CTTN	2017
LINC02381	400043
PHF5A	84844
CEP250	11190
MED6	10001
MASTL	84930
MYBL1	4603
SLU7	10569
TRGV10	6984
MAN2B2	23324
IGKV4-1	28908
BAX	581
SFSWAP	6433
CHRNE	1145
CNN3	1266
IGFBP6	3489
CCDC167	154467
BTBD19	149478
CHRFAM7A	89832
RBPMS	11030
HPGDS	27306
LGR6	59352
WWTR1	25937
SENCR	100507392
NBAS	51594
HSD17B14	51171
ZNF185	7739
KCTD17	79734
PXDN	7837
USP25	29761
B3GALNT2	148789
RABGEF1	27342
HSPA2	3306
E2F6	1876
COPS8	10920
SLC25A30	253512
PDE6G	5148
ARMC5	79798
GDAP2	54834
ZNF282	8427
MECP2	4204
TESK2	10420
LIN7C	55327
FBRS	64319
TLK2	11011
DEFB1	1672
NAP1L5	266812
C17orf107	100130311
CMTR2	55783
ELMOD2	255520
PWP1	11137
NDUFB8	4714
FUT4	2526
SMAD1	4086
B3GALNT1	8706
CANT1	124583
TIAM2	26230
KATNAL1	84056
YY1	7528
TGFBR2	7048
NEDD4	4734
TM4SF19	116211
SENP6	26054
IL21R	50615
FOSL1	8061
CWC27	10283
RSRC1	51319
DHTKD1	55526
DNAJC5B	85479
SLC25A29	123096
TAF1	6872
COL3A1	1281
PLA2G4A	5321
C9orf85	138241
DAG1	1605
TENT4A	11044
CUL3	8452
EEF1AKMT4	110599564
ZMYM2	7750
INTS7	25896
TIMD4	91937
SPINK2	6691
ATAD3A	55210
PTGIR	5739
SLC9A8	23315
NLRP12	91662
SZT2	23334
KDELR3	11015
BBS7	55212
NRM	11270
IGKV1-17	28937
CDC42EP4	23580
CHTOP	26097
SLC25A40	55972
ATAD3B	83858
MPND	84954
MYLK	4638
AKAP12	9590
RNF169	254225
SENP5	205564
AAMDC	28971
SLC30A9	10463
ZBTB48	3104
RABL6	55684
EMC9	51016
MKLN1	4289
COL18A1	80781
HILPDA	29923
CFL2	1073
RAMP2	10266
SIRPB1	10326
HGS	9146
RHOBTB2	23221
ZNF117	51351
MYCBP	26292
RASGEF1A	221002
RANBP9	10048
PELO	53918
PPIL4	85313
CKB	1152
ANG	283
RRM2	6241
C16orf87	388272
IL12RB2	3595
PRKACB	5567
MAN1A2	10905
CXorf38	159013
EIF3C	8663
CEACAM4	1089
GIGYF1	64599
DGCR8	54487
GPATCH3	63906
TNFRSF10D	8793
ARL16	339231
DLG4	1742
ZNF317	57693
TBPL1	9519
PLCXD2	257068
RAB37	326624
IMP4	92856
GLCE	26035
PANX1	24145
CAV2	858
TOP2A	7153
MTOR	2475
CHCHD3	54927
ZBTB44	29068
OSM	5008
ALDH16A1	126133
TCF19	6941
CALCOCO2	10241
CDCA7L	55536
SIRT1	23411
COL1A2	1278
ZNF827	152485
ATAD2	29028
MTFR1L	56181
MRPS17	51373
ST7	7982
TNNT1	7138
SLC30A7	148867
PSMG3	84262
OTUD5	55593
DCUN1D3	123879
ABI2	10152
EIF2B3	8891
ZNF121	7675
VRK3	51231
ATG13	9776
CENPE	1062
COX15	1355
CCDC149	91050
SLC16A6	9120
ATMIN	23300
DGLUCY	80017
MRPS14	63931
PSMD7	5713
TRIM69	140691
KANK2	25959
LINC01678	105377138
MAPK14	1432
STRN3	29966
SMTN	6525
ICAM4	3386
UHRF1	29128
TMED2	10959
LIMS1	3987
SIGLEC14	100049587
PKHD1L1	93035
FSTL1	11167
RPS10-NUDT3	100529239
CD8B2	927
SFXN4	119559
KSR1	8844
COA4	51287
STAT4	6775
BACE1	23621
MAPK9	5601
ABAT	18
PROSER1	80209
IGLV2-11	28816
SAP30	8819
PIN4	5303
FLCN	201163
CDC42BPA	8476
TMEM144	55314
RAI1	10743
BORCS7	119032
YIPF5	81555
CEP89	84902
PRRC1	133619
MRPL36	64979
TXNDC12	51060
CAMK1D	57118
TJP1	7082
FDPS	2224
CUL1	8454
LY6E	4061
SLC2A9	56606
PKD1	5310
KNTC1	9735
THOC6	79228
FBXL6	26233
SLCO4C1	353189
GPR84	53831
TIFA	92610
LYPD2	137797
UBAP2L	9898
SCARF1	8578
GPATCH8	23131
ZNRF1	84937
COLGALT2	23127
ASCC1	51008
GTF3C3	9330
ACRBP	84519
GCNT2	2651
KLHL15	80311
BIRC5	332
GMEB1	10691
SHROOM1	134549
VPS36	51028
ZNF668	79759
RTL5	340526
TOMM34	10953
MBTD1	54799
CXCR2	3579
SMG6	23293
EPN2	22905
TIMM10B	26515
RALGAPB	57148
WWC2	80014
TTI1	9675
COL15A1	1306
KCNK13	56659
FZD2	2535
STT3A	3703
INIP	58493
PPM1M	132160
PAWR	5074
SMNDC1	10285
RNF5	6048
MRC2	9902
STX18	53407
CD164	8763
TOX4	9878
SOWAHD	347454
R3HCC1	203069
ITGA9	3680
EIF4H	7458
UBE2C	11065
GLIDR	389741
HES6	55502
CD1E	913
ING2	3622
IL1R2	7850
MIR222HG	104457406
RBM4B	83759
DHX34	9704
TMEM175	84286
PRPF4	9128
SPRED2	200734
ZNF618	114991
CHML	1122
MED8	112950
HNRNPA2B1	3181
ERGIC3	51614
SCD5	79966
SMOX	54498
SORD	6652
UBE2D4	51619
RHOT1	55288
PHGDH	26227
MYO1D	4642
CXXC1	30827
CPNE3	8895
POGZ	23126
KIFC1	3833
MSL2	55167
GNPDA1	10007
MLLT6	4302
BAIAP2-DT	440465
DUSP8	1850
PDE1B	5153
FBRSL1	57666
TAF7	6879
BGN	633
TPM2	7169
FAM20B	9917
DSTYK	25778
ATG4A	115201
HELZ2	85441
RAB39A	54734
ZNF598	90850
CYB5D1	124637
NEU3	10825
KDM7A	80853
LRR1	122769
FKBP9	11328
SART3	9733
TPPP3	51673
CPT2	1376
STK32C	282974
MTIF2	4528
SRGAP1	57522
NBL1	4681
AGPAT4	56895
ASXL2	55252
SEH1L	81929
EXOC6	54536
IGHV5-51	28388
RUSC2	9853
CWC25	54883
CNOT2	4848
FAM199X	139231
TMA16	55319
NDUFA9	4704
MEMO1	51072
ANKRD17	26057
ACTR3	10096
TAF1B	9014
PLXNA1	5361
SHCBP1	79801
SPTLC1	10558
IFT22	64792
TBCC	6903
RASD1	51655
TTC24	164118
TIMM50	92609
TXNL4B	54957
KIR3DL1	3811
APOOL	139322
NAA40	79829
NSUN4	387338
BRCA2	675
COX7A1	1346
ZHX1	11244
PPIC	5480
SPINT1	6692
MCM2	4171
IL1R1	3554
IGHV5-78	28387
STAU2	27067
FAM114A2	10827
BUD23	114049
EMC1	23065
FAAP100	80233
SUOX	6821
CYB5R1	51706
TMEM9B	56674
EBF1	1879
MGAT5	4249
MTHFD1	4522
PPARGC1B	133522
ORC6	23594
LAMA4	3910
PDIA5	10954
GCC1	79571
B4GALT4	8702
CLEC17A	388512
MYBL2	4605
GLT1D1	144423
PLS3	5358
SNTB2	6645
ARHGEF2	9181
SIRT6	51548
SLCO4A1	28231
CENPP	401541
DTX2	113878
KCNC3	3748
P2RY14	9934
KAT5	10524
TICAM1	148022
SRI	6717
PDHX	8050
ISCA1	81689
RFX1	5989
SPHK2	56848
E2F5	1875
LIMA1	51474
CEP162	22832
PDGFRB	5159
GPR180	160897
WDR91	29062
DCLRE1B	64858
GANC	2595
MTREX	23517
RPRD1B	58490
IGHV3-7	28452
RELL1	768211
KCNN3	3782
SPRYD7	57213
RBX1	9978
ZGLP1	100125288
DPCD	25911
RCHY1	25898
TOPORS	10210
FKBP3	2287
NUDT9	53343
CNPY2	10330
PTGDS	5730
ZSWIM7	125150
SH3RF1	57630
REV3L	5980
PDCD4	27250
DDX23	9416
TBC1D14	57533
HCG11	493812
YBX1	4904
SLF2	55719
ZNF513	130557
ITFG1	81533
PIGA	5277
TXNL4A	10907
CMTR1	23070
ZCCHC10	54819
PTGR1	22949
CPEB2	132864
TNK2	10188
PER2	8864
OGA	10724
NEXN	91624
ZC3H4	23211
RNF217	154214
IGHG4	3503
PIF1	80119
SCAF8	22828
TSSC4	10078
COPS3	8533
LIPE-AS1	100996307
PEMT	10400
FCRL2	79368
COA7	65260
PLAA	9373
BNC2	54796
FBXL19	54620
ZDHHC14	79683
EPG5	57724
TSTD2	158427
IGLV3-25	28793
RHEX	440712
BRF1	2972
SPAST	6683
DGKQ	1609
HENMT1	113802
NOP9	161424
EMC10	284361
PIK3CB	5291
QRSL1	55278
BAP1	8314
CLCN3	1182
EZH2	2146
TBL1X	6907
MACC1	346389
IGLV2-23	28813
GSR	2936
C5AR2	27202
SDC4	6385
NEK7	140609
SLC26A6	65010
U2SURP	23350
EFEMP2	30008
CDH23	64072
PTMA	5757
ZBTB34	403341
CNEP1R1	255919
ERRFI1	54206
ADAMDEC1	27299
MRPL13	28998
SNX22	79856
SMCR8	140775
SHC1	6464
MROH1	727957
PLXNA3	55558
SAV1	60485
BRCA1	672
MS4A14	84689
TMEM45A	55076
PTEN	5728
C2orf68	388969
SWI5	375757
TMEM140	55281
PRNP	5621
BLM	641
PROS1	5627
PWWP2B	170394
MTFP1	51537
MAFK	7975
PINK1	65018
FBXO33	254170
RFWD3	55159
CDK2	1017
MMP24OS	101410538
GOPC	57120
SLC12A4	6560
GPR160	26996
ZNF330	27309
IGHV4-39	28394
ACSF2	80221
CIAO1	9391
TENT4B	64282
SLC2A13	114134
TRIM41	90933
ZNF511	118472
CAB39	51719
ZNF451	26036
CELF2	10659
TIMP3	7078
NTMT1	28989
IL15RA	3601
PIGF	5281
FARP1	10160
TBC1D31	93594
LZTFL1	54585
COL6A2	1292
BBX	56987
NDUFS4	4724
FAM193A	8603
PRKCE	5581
APOO	79135
DAPK3	1613
BRD9	65980
RNASEH2A	10535
HACD4	401494
MIER2	54531
UQCR10	29796
SENP2	59343
PALD1	27143
MLC1	23209
THG1L	54974
SLC35D1	23169
SGO2	151246
SCN1B	6324
APEX2	27301
CRYL1	51084
LRCH4	4034
INAFM1	255783
HADH	3033
PKNOX1	5316
PPARA	5465
CHD6	84181
FBXO30	84085
DYRK1B	9149
ELMO2	63916
PDAP1	11333
PMF1	11243
JAG1	182
RNF8	9025
CEP290	80184
NOTCH4	4855
CCL20	6364
MYO19	80179
JMY	133746
SC5D	6309
NELFB	25920
CHCHD7	79145
ZMYND15	84225
MCM4	4173
PSMB4	5692
SLC9A7	84679
CLASP1	23332
WDR44	54521
TNKS	8658
EYA3	2140
ACAA1	30
IL17RC	84818
SHISA4	149345
PCCB	5096
SH3PXD2B	285590
SERINC2	347735
CTIF	9811
ZNF316	100131017
TOR1B	27348
CLN3	1201
SPATA2L	124044
PLEKHA5	54477
DNMBP	23268
CD209	30835
DHX57	90957
CAST	831
CDS2	8760
EFHC1	114327
C11orf98	102288414
MKI67	4288
ATG2A	23130
PGM3	5238
RRP7A	27341
GLRX3	10539
HPSE	10855
DDI2	84301
MXD3	83463
MANEA	79694
ZCCHC24	219654
TAPBPL	55080
PES1	23481
FCRLB	127943
HIGD1A	25994
NOCT	25819
TSHZ3	57616
TKFC	26007
AGO3	192669
PRR11	55771
C3orf62	375341
THUMPD2	80745
IGLV1-51	28820
CLINT1	9685
SIGLEC11	114132
SMIM13	221710
RRAS2	22800
TMIGD3	57413
S100Z	170591
MADD	8567
ABCC4	10257
LRRCC1	85444
SLF1	84250
WIZ	58525
HSDL2	84263
ZNF595	152687
CENPU	79682
UBA5	79876
VANGL1	81839
SLC4A8	9498
LEMD3	23592
COL4A1	1282
PKD2	5311
RGS19	10287
C5orf15	56951
TMEM53	79639
ATG12	9140
MBNL3	55796
AHCY	191
GOLPH3	64083
RSF1	51773
TMEM87A	25963
USP48	84196
PPFIBP1	8496
TRIM13	10206
AJM1	389813
MFAP1	4236
MRPS28	28957
FBXW7	55294
R3HDM1	23518
TPX2	22974
CD99	4267
ABHD4	63874
CDKN2C	1031
ABHD17B	51104
CLCN5	1184
RPS6KA2	6196
SPR	6697
MED20	9477
TTF2	8458
CD24	100133941
DHDDS	79947
GTF2H1	2965
PHRF1	57661
RNF38	152006
EPHB2	2048
METAP2	10988
TRAPPC2L	51693
IGHV4-34	28395
PPP2R5B	5526
KRAS	3845
FBXO28	23219
MAEA	10296
AVL9	23080
KNSTRN	90417
ADAT1	23536
FOXP4	116113
HIVEP1	3096
ZNF614	80110
ENPP2	5168
SKA2	348235
DUS2	54920
EXOC7	23265
TNFRSF13C	115650
PRKAR2B	5577
LRRC57	255252
RTCB	51493
TRDV2	28517
RHBDD3	25807
SLC27A1	376497
REXO1	57455
PCLAF	9768
LHFPL6	10186
LETM2	137994
CETN2	1069
F11R	50848
ICOSLG	23308
COMMD10	51397
SRP72	6731
ASPSCR1	79058
SCRIB	23513
TOPBP1	11073
DOCK11	139818
FAM168A	23201
AGPAT5	55326
FAM219A	203259
FADS2	9415
NUP188	23511
PRDM1	639
GOLGA1	2800
PUM2	23369
FDX2	112812
GYS1	2997
MT1G	4495
ZBTB37	84614
PEX2	5828
PRRG4	79056
SLC35B2	347734
ARHGEF9	23229
TOMM40L	84134
TGIF2	60436
PARP9	83666
CDKN3	1033
LOXL3	84695
EMP2	2013
TRIM5	85363
STON2	85439
ARAF	369
VKORC1L1	154807
SRBD1	55133
NPM3	10360
CHD8	57680
MTMR11	10903
BRWD1	54014
LSM7	51690
NAA10	8260
SLC25A46	91137
PANK2	80025
ARMCX1	51309
HS6ST1	9394
FOXRED1	55572
NOM1	64434
HAGHL	84264
PROCR	10544
LINC00299	339789
MRPL1	65008
MAGED1	9500
FGD6	55785
TLE1	7088
HIF1A-AS2	100750247
STK11IP	114790
TM2D1	83941
QTRT2	79691
CD70	970
CCDC18	343099
AP5B1	91056
KDM4A	9682
TTLL3	26140
NFATC2	4773
COL4A2	1284
UNC5B	219699
PAK1IP1	55003
OPA3	80207
CASS4	57091
TOM1	10043
MS4A4E	643680
MTMR2	8898
MTHFD2L	441024
SELENOI	85465
UGDH	7358
GPBP1L1	60313
DTNBP1	84062
TMEM222	84065
MGAT4B	11282
PSMC3	5702
HMBS	3145
TNFRSF8	943
USP40	55230
BAG4	9530
SEC62	7095
SPARCL1	8404
FFAR2	2867
WLS	79971
CMTM6	54918
CTBS	1486
CCDC14	64770
SCAF1	58506
FAM157C	100996541
SLC39A3	29985
ACOT8	10005
VPS52	6293
FLT3	2322
NUP98	4928
LFNG	3955
KANSL3	55683
DSN1	79980
USF1	7391
EAF1	85403
TMEM183A	92703
FCRL1	115350
DHRS9	10170
VPS35L	57020
GGA3	23163
CLNK	116449
IL3RA	3563
RNF111	54778
XPO7	23039
TOR1A	1861
TMEM170A	124491
RBM17	84991
TK1	7083
ZSCAN9	7746
CRACR2B	283229
ABHD6	57406
KRT8	3856
GALE	2582
ACOT2	10965
SMARCD3	6604
TRIP4	9325
GFER	2671
KRCC1	51315
EIF1B	10289
AIFM1	9131
ANKRD11	29123
PHETA1	144717
YIPF6	286451
GAPVD1	26130
RIF1	55183
UBE3C	9690
VPS54	51542
TMEM220	388335
BNIP2	663
FICD	11153
KCTD9	54793
OFD1	8481
TBC1D5	9779
B9D1	27077
EIF2AK1	27102
DHX9	1660
RNMT	8731
SUPT16H	11198
PAX5	5079
TCP11L1	55346
ITSN2	50618
ARMH3	79591
SNAI1	6615
MEF2B	100271849
SLC36A4	120103
SRD5A1	6715
NRG1	3084
FANCA	2175
DLC1	10395
RASAL2	9462
ZNF28	7576
MGME1	92667
ME1	4199
RTN2	6253
PDHA1	5160
ASF1B	55723
UBN2	254048
C2orf76	130355
DTX3L	151636
SRRT	51593
TRPM4	54795
AK6	102157402
FKBP14	55033
TPGS2	25941
UBAP1	51271
IPO9	55705
IGLV1-47	28822
NDEL1	81565
IP6K2	51447
PAFAH2	5051
NAPG	8774
RBM27	54439
MUC20-OT1	111753249
MEX3C	51320
ALPK1	80216
SEMA7A	8482
NMRAL1	57407
SACM1L	22908
HSCB	150274
PLCB1	23236
ANKRD50	57182
CAVIN1	284119
METTL22	79091
KRT86	3892
ALAS1	211
BRAF	673
LYPLA1	10434
SMIM30	401397
AP3M1	26985
HS2ST1	9653
PEPD	5184
LUCAT1	100505994
TRAPPC6B	122553
BLZF1	8548
WASL	8976
TPRG1	285386
NMI	9111
CNOT6	57472
CGAS	115004
CDKN1C	1028
ACADM	34
MMP19	4327
MAN2A2	4122
TSPYL1	7259
SNX4	8723
ARHGAP25	9938
XXYLT1	152002
MYO6	4646
LINC00996	285972
AP2B1	163
AKAP5	9495
IGHV1-69D	102723169
ANP32A	8125
ATRN	8455
POP4	10775
COL9A3	1299
PIGBOS1	101928527
DYRK4	8798
CAMSAP2	23271
EXT1	2131
RSPH3	83861
HERC2	8924
PSPC1	55269
ZUP1	221302
NFE2	4778
PSMB5	5693
PHLDB1	23187
EGLN1	54583
RECQL	5965
H6PD	9563
SEPHS1	22929
FAM168B	130074
NUP93	9688
CEP63	80254
ARIH1	25820
UTP6	55813
KANSL2	54934
C1orf174	339448
HDAC8	55869
WAC-AS1	220906
TRIM33	51592
VAV2	7410
IPO8	10526
SNX1	6642
FAAP20	199990
LLGL2	3993
BORCS5	118426
NID1	4811
MAP4K3	8491
MIR29B2CHG	100128537
HDAC5	10014
DLEU2	8847
CAMK2D	817
CLEC16A	23274
FECH	2235
TOP3A	7156
FPR2	2358
ULK1	8408
ARFGAP1	55738
TRGV8	6982
MAGOHB	55110
LDLRAD3	143458
ZNF787	126208
TNFRSF9	3604
ALDH3A2	224
GSTZ1	2954
CEP83	51134
NCAPH2	29781
LINC00937	389634
DCUN1D1	54165
DPY19L1	23333
HSPG2	3339
PLD1	5337
ALS2	57679
CAVIN3	112464
GIT1	28964
TLR10	81793
ATXN1L	342371
ERAL1	26284
MANBAL	63905
TIMELESS	8914
UBE2E1	7324
TIMM44	10469
EI24	9538
ZFYVE21	79038
COPG1	22820
STRBP	55342
XRCC4	7518
IGF2BP2	10644
FANCL	55120
GPR108	56927
PNO1	56902
GGCT	79017
APOBEC3F	200316
GPR82	27197
SFXN5	94097
EIF2AK3	9451
WDFY2	115825
ASGR2	433
IGKV3-11	28914
HMGCR	3156
ERLIN2	11160
ASAP2	8853
NF2	4771
UPF2	26019
MARK2	2011
PHIP	55023
CRYBB1	1414
NUDC	10726
RARA-AS1	101929693
PAQR4	124222
OPA1	4976
TXNRD2	10587
RHOU	58480
KIAA0319L	79932
USP38	84640
TRGV4	6977
ABCA2	20
TEX261	113419
CD109	135228
LAMC1	3915
KLHL12	59349
ALG2	85365
FOXN3	1112
DOCK1	1793
FEM1C	56929
STARD3	10948
ACSL5	51703
POLK	51426
SLC37A1	54020
CCNT2	905
ZNF768	79724
ZMYND8	23613
BABAM1	29086
GNG11	2791
PELI1	57162
DIP2A	23181
LINC01637	101928891
GSTM4	2948
TNFRSF21	27242
ZNF280D	54816
MFSD2A	84879
RIC1	57589
GOLM1	51280
YEATS2	55689
ESRRA	2101
UBFD1	56061
NUDT4	11163
LINC02432	100507639
SLC39A9	55334
UBE3B	89910
LINC01857	102724714
HAAO	23498
PRDM4	11108
RBM25	58517
KLF16	83855
FCGBP	8857
MGP	4256
MAN1B1	11253
FEN1	2237
LPCAT3	10162
KIR3DL2	3812
SSNA1	8636
PATL2	197135
PITPNM1	9600
ZNF496	84838
TSC1	7248
ATP2A3	489
ISG20L2	81875
DDX59	83479
MRPL22	29093
MTIF3	219402
ZDHHC1	29800
PRR5	55615
EGFL7	51162
ZNF335	63925
TCTN1	79600
EXTL3	2137
PLEKHJ1	55111
BACE2	25825
VCPIP1	80124
RNF145	153830
IFT43	112752
SLC35A2	7355
SAP30BP	29115
KLC1	3831
SNX9	51429
MRPL33	9553
ARL13B	200894
MOSPD3	64598
KIN	22944
GPATCH2	55105
RLIM	51132
TOGARAM2	165186
NOMO1	23420
BCL2L2	599
NDST2	8509
DDRGK1	65992
MLH1	4292
SOS1	6654
ZNF358	140467
ATAD2B	54454
HMGXB4	10042
CLSPN	63967
RPP25	54913
AREL1	9870
ATRX	546
KLHDC4	54758
INPP5F	22876
LENG8	114823
FIG4	9896
SPRY2	10253
GLCCI1	113263
HAUS2	55142
MEFV	4210
FER	2241
CSNK2A2	1459
CCDC93	54520
MGAT2	4247
RPN2	6185
IRAK2	3656
MMP23B	8510
MVB12A	93343
PNPO	55163
PCK2	5106
GOLGA5	9950
UPF3A	65110
MRPL53	116540
MTMR12	54545
INSIG2	51141
B3GNT7	93010
CACNA2D4	93589
NAF1	92345
IER3IP1	51124
GFI1	2672
GCN1	10985
UFSP2	55325
BCL7B	9275
GXYLT1	283464
MYCL	4610
NHLRC2	374354
BAG6	7917
TMEM184C	55751
SAMD9	54809
POU2F1	5451
DPAGT1	1798
CALCRL	10203
ARPC1A	10552
ATP11B	23200
ITGA5	3678
CPSF3	51692
MRPL41	64975
GSK3A	2931
USP37	57695
TNFRSF12A	51330
NAB2	4665
APH1B	83464
INSR	3643
BATF3	55509
VCAM1	7412
IGHV3-23	28442
SS18	6760
ANKRD9	122416
EIF1AX	1964
CUL5	8065
RALBP1	10928
AP1S1	1174
MYO9A	4649
ZNF532	55205
TM9SF1	10548
NR1H2	7376
GAS2L1	10634
NCALD	83988
LONP1	9361
RCOR3	55758
PDE6D	5147
MRPS22	56945
IGHG3	3502
CDK12	51755
MMP2	4313
MAPK7	5598
GBA2	57704
NSD1	64324
R3HCC1L	27291
NUDT15	55270
IGFBP2	3485
IGHG2	3501
SRPRA	6734
AKAP10	11216
IGHV1-3	28473
ATRAID	51374
TSEN15	116461
MPV17L2	84769
PNP	4860
BANP	54971
CASP9	842
FAM135A	57579
PVR	5817
YPEL1	29799
CYTH2	9266
DNAJC2	27000
PYCR1	5831
PSMB7	5695
PPP4R3A	55671
RNF41	10193
PPP4R2	151987
LBX2-AS1	151534
DNAJC25	548645
GNL2	29889
SGPP1	81537
ATP6V1E1	529
KBTBD8	84541
RGS16	6004
PARL	55486
TMX3	54495
LSM2	57819
IGF2R	3482
NFKBIL1	4795
TOX2	84969
FLT1	2321
FBXW2	26190
VIRMA	25962
CARD6	84674
RUNX1	861
LDHA	3939
LTV1	84946
CACNA2D3	55799
CCDC170	80129
HUS1	3364
RHOBTB1	9886
VNN2	8875
HTRA1	5654
SSBP3	23648
TSPAN31	6302
SMG1	23049
HMGN2	3151
WDR47	22911
EBI3	10148
HCCS	3052
ODR4	54953
TMEM94	9772
ENPP4	22875
STK17B	9262
KIF3B	9371
PCGF1	84759
C1orf52	148423
BSCL2	26580
TRIQK	286144
CHMP6	79643
ATXN7L3	56970
RAB7B	338382
PAPSS1	9061
VPS37A	137492
TCL1A	8115
AZI2	64343
SQOR	58472
RPS6KC1	26750
BORCS8	729991
PRR34-AS1	150381
PNKD	25953
PBX3	5090
AFMID	125061
ALYREF	10189
TFG	10342
IRGQ	126298
KRT19	3880
SYNJ1	8867
MCMBP	79892
GALM	130589
RUNDC1	146923
SGMS2	166929
RAD23A	5886
CALD1	800
MNT	4335
SLC25A28	81894
PSMD12	5718
KLRC4	8302
IQSEC1	9922
GPN3	51184
ZNF124	7678
STX8	9482
NTAN1	123803
DCUN1D5	84259
HECTD2	143279
PAM	5066
FBXO7	25793
CLEC4E	26253
SPECC1L	23384
STARD13	90627
NDUFA7	4701
PTRH1	138428
ANKRD40	91369
ARF5	381
CPED1	79974
STXBP3	6814
CTNNAL1	8727
ARL5A	26225
MED12	9968
NAA20	51126
INTS1	26173
ERI3	79033
PTPN9	5780
ATP11C	286410
STAP1	26228
MX1	4599
TXNDC15	79770
AATF	26574
MGMT	4255
PPM1A	5494
ENDOV	284131
NIPAL2	79815
YTHDC1	91746
CSNK1E	1454
EIF5B	9669
MTF1	4520
RAB22A	57403
SCAMP1	9522
RBM28	55131
MAN2C1	4123
MFN1	55669
ECH1	1891
BCAR3	8412
PHF6	84295
AMPD3	272
CHAF1A	10036
DCTD	1635
UNC50	25972
SLC24A4	123041
SEC23IP	11196
RPE	6120
PRCC	5546
CRKL	1399
CRELD1	78987
TRAPPC8	22878
MINDY3	80013
UAP1L1	91373
TBC1D23	55773
B4GALT7	11285
SDC2	6383
CLEC5A	23601
TWSG1	57045
MCOLN2	255231
IQCB1	9657
MXRA7	439921
GPATCH11	253635
NDUFB6	4712
LDB2	9079
PLCB3	5331
GTPBP2	54676
NBPF12	149013
IGLV1-44	28823
LINC01410	103352539
TMEM141	85014
RNF121	55298
A1BG	1
FAM72A	729533
RMDN3	55177
GSK3B	2932
SERPINH1	871
ELP5	23587
SLC9A1	6548
THUMPD3	25917
CRIPT	9419
HDGFL3	50810
IMPACT	55364
PGPEP1	54858
ZC3H18	124245
CINP	51550
NDUFS1	4719
PHF12	57649
ANKS1A	23294
PCNX3	399909
FAM98A	25940
ECHDC1	55862
ZDHHC21	340481
DNAJA4	55466
EVA1B	55194
ATP2B4	493
GTF2A2	2958
ADA	100
VAC14	55697
SNRNP27	11017
IGKV3-15	28913
PIP5K1A	8394
MTHFD1L	25902
UBR1	197131
SCIN	85477
FAM43A	131583
TATDN3	128387
TYMS	7298
SP1	6667
CCNYL1	151195
POLB	5423
GAB1	2549
TPD52	7163
ZEB2-AS1	100303491
ETFDH	2110
GMPR	2766
TMED8	283578
KIAA1671	85379
MCRIP2	84331
DCLRE1C	64421
FBXW11	23291
ZFX	7543
SLC26A2	1836
SUMF1	285362
DDX60L	91351
SLC39A6	25800
MTMR3	8897
GTF2E2	2961
PRDX6	9588
PSMC2	5701
PGP	283871
FOXK2	3607
GLUD1	2746
STK11	6794
CHUK	1147
PIAS4	51588
APOBEC3H	164668
SLC38A6	145389
DCAF12	25853
HIKESHI	51501
NHLRC3	387921
CXCL3	2921
HS1BP3	64342
BCL2L11	10018
ACVRL1	94
YAF2	10138
HGF	3082
ACTA2	59
IGKV1-39	28930
CUEDC2	79004
HECTD4	283450
CRNKL1	51340
CBX4	8535
CNOT4	4850
GEMIN7	79760
UEVLD	55293
CENPF	1063
HDAC6	10013
NUSAP1	51203
ZNF10	7556
ABHD8	79575
PCNT	5116
NBPF19	101060226
TMEM181	57583
NDUFA13	51079
APOL1	8542
CEP78	84131
TMEM192	201931
VAMP7	6845
TLR8	51311
TEX30	93081
RBM6	10180
VPS9D1	9605
MIR181A1HG	100131234
WWC3	55841
RABGAP1	23637
RBM26	64062
MRPL12	6182
CHRAC1	54108
MGRN1	23295
CLASRP	11129
HMGB3	3149
SGTA	6449
LSM8	51691
MRPS18A	55168
MORN2	729967
FADS3	3995
FAF2	23197
NPEPL1	79716
FBXW5	54461
MDM4	4194
THAP9-AS1	100499177
CTNS	1497
NCK1	4690
REC8	9985
TP53BP2	7159
NAGLU	4669
ZNF580	51157
SMC5	23137
IL15	3600
SEC24C	9632
STAG2	10735
IFIT1	3434
CSNK1G2	1455
TCTA	6988
ATP2C1	27032
ATF2	1386
SMUG1	23583
KDM3B	51780
IGFBP4	3487
ATG5	9474
TAB3	257397
ABHD15	116236
GAS2L3	283431
SNRNP200	23020
OSBPL2	9885
SF3B6	51639
BCL2L12	83596
TMEM170B	100113407
MAN2A1	4124
HEATR3	55027
TMEM164	84187
PHYH	5264
SREBF2	6721
SNX30	401548
PSMD11	5717
ZFYVE26	23503
MRPS15	64960
MAST3	23031
AIM2	9447
CASP1	834
VPS18	57617
TIMM23	100287932
POP7	10248
POLD3	10714
TMEM255B	348013
PDZD8	118987
RBM12	10137
HDAC10	83933
KPNA6	23633
UTP11	51118
ZMAT5	55954
SUDS3	64426
ZNF600	162966
SLC12A9	56996
QSER1	79832
TUBGCP3	10426
TMX2	51075
GSDME	1687
STOML2	30968
EREG	2069
FABP3	2170
GALNS	2588
S100B	6285
ZNF394	84124
TIPRL	261726
SIVA1	10572
LRRC58	116064
LTN1	26046
PPP4C	5531
ZNF490	57474
PPARD	5467
AGRN	375790
SOS2	6655
ABL1	25
MNAT1	4331
DENND5B	160518
ZBED1	9189
ZNF672	79894
BTBD7	55727
OGFOD3	79701
CYTH3	9265
UBTD1	80019
EMC4	51234
CDK5RAP2	55755
UGGT2	55757
ZDHHC4	55146
CCDC159	126075
GGH	8836
VCP	7415
GLYR1	84656
WASHC5	9897
RBM39	9584
CNIH4	29097
GABPA	2551
CHPF2	54480
TMEM134	80194
ZNF467	168544
SLAIN2	57606
MRPL55	128308
NSFL1C	55968
TM7SF3	51768
SLC35A4	113829
CDKN2A	1029
TMEM184B	25829
PLEKHG1	57480
CPNE2	221184
PLD2	5338
TOR1AIP1	26092
PLPP3	8613
PYGB	5834
DNAJC8	22826
LTA4H	4048
TM2D2	83877
COQ7	10229
SRPRB	58477
ERC1	23085
ATP6V0A2	23545
CHD1L	9557
CYP2S1	29785
TMUB2	79089
PSMB1	5689
FCER2	2208
HECA	51696
GBGT1	26301
DZIP3	9666
ID1	3397
UBR5	51366
GATAD2A	54815
CHPF	79586
TLR5	7100
MAST2	23139
LONRF1	91694
ELOF1	84337
UBE2Z	65264
PTPN11	5781
IFI44L	10964
RAB11A	8766
CLIP4	79745
HYAL2	8692
MCEMP1	199675
UBE2V2	7336
IFT27	11020
KPNA1	3836
OSBP	5007
YY1AP1	55249
TP53INP1	94241
GCH1	2643
UNC13D	201294
LTB4R	1241
ZC3H15	55854
LMNB2	84823
SNRPD3	6634
IRS2	8660
JKAMP	51528
CCDC106	29903
MIER1	57708
PPP2R2A	5520
RSAD2	91543
CKAP5	9793
TRAF7	84231
CCNT1	904
PSMA2	5683
PMEPA1	56937
TRPT1	83707
HMBOX1	79618
NOD2	64127
NABP2	79035
PACS2	23241
HRH2	3274
SCFD1	23256
APBB3	10307
PHLDA2	7262
MLXIP	22877
TTLL4	9654
CORO7	79585
TMEM126A	84233
ARNT	405
SRC	6714
RIC8A	60626
NFU1	27247
CTSO	1519
VPS53	55275
TCF7L2	6934
OVCA2	124641
NDST1	3340
FAM30A	9834
C1D	10438
CERS6	253782
CCDC107	203260
MAGOH	4116
TTL	150465
NACC2	138151
MAVS	57506
SLC25A36	55186
UQCRH	7388
DCAF13	25879
WDSUB1	151525
DDX41	51428
SMG5	23381
KCNMB1	3779
FEZ1	9638
MED30	90390
NDUFB10	4716
ARHGAP6	395
SELENOF	9403
GOT1	2805
FARP2	9855
CLN6	54982
TRIP10	9322
LINC01480	101927931
CARHSP1	23589
LLPH	84298
DDX52	11056
PLEKHF2	79666
BTBD2	55643
HNRNPA3	220988
GRAMD1B	57476
IFFO1	25900
PSEN2	5664
CYB561A3	220002
ZMYM4	9202
MCTS1	28985
CLIP2	7461
UBALD1	124402
TMEM120A	83862
RPS6KA3	6197
ODF2	4957
TNPO1	3842
IDH3A	3419
PHACTR4	65979
TMEM167B	56900
GPS1	2873
GLRX2	51022
RNF114	55905
PTK2	5747
SDC1	6382
PANK3	79646
RAB42	115273
NCOA4	8031
ZNF518A	9849
RCAN1	1827
PLEKHF1	79156
SIRPB2	284759
CCDC59	29080
VTI1A	143187
CCNG2	901
MYL9	10398
TRAPPC11	60684
LINC02397	100507616
DAGLB	221955
COMMD3	23412
RNF14	9604
MRPL40	64976
ATP5F1C	509
ZPR1	8882
EFNB1	1947
PAF1	54623
IDH3G	3421
FGD5-AS1	100505641
GCSH	2653
SHARPIN	81858
POLDIP2	26073
NDUFA8	4702
PRKAG1	5571
KDM2B	84678
RNF139	11236
PPM1L	151742
MAP1S	55201
FMNL1	752
C4orf33	132321
SNX29	92017
MMD	23531
PTCH2	8643
COQ10B	80219
ACOT7	11332
PLPPR2	64748
KIF1C	10749
PSMC1	5700
CDIP1	29965
LAMB2	3913
BCL10	8915
HSD3B7	80270
TLE4	7091
RAB35	11021
EXOC3	11336
NRGN	4900
BAZ1B	9031
RBMS2	5939
GADD45G	10912
BPTF	2186
SYNCRIP	10492
RBM10	8241
TNFRSF10B	8795
PPP4R1	9989
NASP	4678
CDK14	5218
ATG16L2	89849
PTPRN2	5799
OGFR	11054
UGGT1	56886
OAT	4942
TRAPPC5	126003
CLUH	23277
FDX1	2230
TRAM2	9697
TAOK2	9344
TFCP2	7024
ADCY3	109
TANGO2	128989
TMEM59	9528
IQCE	23288
PGA3	643834
C3orf38	285237
CHFR	55743
MPC2	25874
C2orf49	79074
CAV1	857
ARFGEF2	10564
CIDEB	27141
TEP1	7011
TMEM273	170371
RBBP7	5931
TRIM26	7726
PARP4	143
EMC8	10328
TNKS2	80351
LINC02362	102723766
SNN	8303
TMEM214	54867
MEGF9	1955
TBC1D22A	25771
AFF3	3899
NCF4	4689
CYREN	78996
FAIM	55179
DHX15	1665
ATF7IP	55729
DEK	7913
RGS9	8787
KLHL5	51088
KCNAB2	8514
USP24	23358
RAD51AP1	10635
GALNT10	55568
DFFA	1676
CA2	760
SASH1	23328
PSMD2	5708
NIPSNAP2	2631
PSMD9	5715
RMND5A	64795
RASA1	5921
FMN1	342184
UBA7	7318
SLC11A2	4891
SSH2	85464
USP47	55031
CFLAR	8837
PTPN23	25930
CALML4	91860
CD101	9398
CELF1	10658
DNTTIP1	116092
SLC23A2	9962
BIRC6	57448
SRF	6722
SFMBT2	57713
IL18BP	10068
SDE2	163859
SLC25A32	81034
ANKLE2	23141
CNP	1267
FCER1A	2205
MSRA	4482
MLKL	197259
DESI1	27351
CDK11B	984
AIG1	51390
TMEM242	729515
TMCC3	57458
USP6NL	9712
JTB	10899
PNKP	11284
SYS1	90196
SSPN	8082
RAF1	5894
ERF	2077
HK2	3099
CPSF2	53981
EXOC1	55763
MIR155HG	114614
MON2	23041
KIR2DL4	3805
CLK1	1195
LETM1	3954
LINC00467	84791
PIK3R3	8503
MVB12B	89853
ATXN2	6311
ZFPL1	7542
ZCCHC17	51538
CDC42EP2	10435
CERCAM	51148
GPD2	2820
MLLT1	4298
MARK3	4140
PRDM2	7799
GTF2H5	404672
MDK	4192
AMPD2	271
MTMR6	9107
RMDN1	51115
RALGDS	5900
MICAL1	64780
MAML3	55534
ERICH1	157697
PTBP1	5725
SIK2	23235
HEATR5A	25938
MON1B	22879
CKS1B	1163
LARP1B	55132
CENPX	201254
TXNDC5	81567
FAH	2184
TNFRSF13B	23495
NBPF10	100132406
PGGT1B	5229
AMDHD2	51005
TBC1D7	51256
ZNF326	284695
PARM1	25849
GCLC	2729
HLTF	6596
NPIPB5	100132247
CLCN6	1185
MSL1	339287
TM9SF3	56889
PLEC	5339
RPS6KB2	6199
UCHL3	7347
SRGAP3	9901
ATXN2L	11273
DPP3	10072
TMEM150A	129303
PIK3R6	146850
RAB18	22931
PPP1R14A	94274
DHX29	54505
BAK1	578
GHDC	84514
MRPS18C	51023
HPS3	84343
DHRS4L2	317749
PRDX3	10935
ROCK2	9475
TOR4A	54863
CDK5	1020
BARD1	580
NDUFB3	4709
KCNMA1	3778
TM9SF4	9777
CPNE7	27132
RNF40	9810
LDLR	3949
FILIP1L	11259
MIOS	54468
NT5C	30833
PIN1	5300
PABPN1	8106
INTS6	26512
ARL4D	379
HERC1	8925
GTF2A1	2957
MTMR10	54893
ZNF322	79692
VPS37C	55048
GPR137	56834
DOT1L	84444
COX6B1	1340
YIPF1	54432
DDX1	1653
OSBPL5	114879
FMR1	2332
SMC2	10592
TMF1	7110
JSRP1	126306
VPS4B	9525
DDA1	79016
TWF1	5756
GMPPB	29925
ARRDC4	91947
TLR1	7096
WBP4	11193
PKIB	5570
COX16	51241
GMFB	2764
UBP1	7342
SKI	6497
MRFAP1	93621
XPNPEP1	7511
AKAP8	10270
IMPDH1	3614
IGLV3-1	28809
BTBD1	53339
DCTN4	51164
TENT2	167153
MAPKAP1	79109
NAB1	4664
ENHO	375704
LTC4S	4056
OSBPL3	26031
PISD	23761
GZMM	3004
PXDC1	221749
KCTD10	83892
ZNF438	220929
DTYMK	1841
SUGP2	10147
CCDC186	55088
RC3H2	54542
ASCC3	10973
STAM2	10254
IGF1	3479
SMURF2	64750
MOB3B	79817
CCDC69	26112
IGLV6-57	28778
CIC	23152
RBM42	79171
DOCK7	85440
LINC00877	285286
PCM1	5108
CRIM1	51232
TNFSF14	8740
ZNF703	80139
MT-CO3	4514
TM9SF2	9375
TSNAX	7257
SEC24A	10802
ARL1	400
RRAGD	58528
CASC3	22794
GPATCH2L	55668
SLC25A1	6576
LARP7	51574
ARMCX6	54470
RAB3D	9545
MOSPD2	158747
BCOR	54880
ENDOD1	23052
VEGFB	7423
NADSYN1	55191
UBR2	23304
EHMT1	79813
MYO1C	4641
OTOA	146183
GPAT3	84803
ZBTB43	23099
MED14	9282
NPLOC4	55666
TCF3	6929
ECPAS	23392
MAN2B1	4125
HMGXB3	22993
TBC1D2B	23102
SIN3B	23309
HSPA13	6782
CENPN	55839
CNRIP1	25927
BRD3	8019
ZRANB1	54764
DENND6B	414918
ZBP1	81030
SPARC	6678
UPF1	5976
GOSR2	9570
ING3	54556
MOB4	25843
ABHD16A	7920
TUSC2	11334
DCTN3	11258
SMIM15	643155
NUDT14	256281
ANO6	196527
GPR141	353345
PUM1	9698
ZDHHC5	25921
DHRS7	51635
RAB3IL1	5866
EFCAB14	9813
ZBTB16	7704
ECM1	1893
NLRC4	58484
NUDT1	4521
SNAPIN	23557
TMEM86A	144110
PPCDC	60490
TSPAN33	340348
MYLIP	29116
GALNT11	63917
NAXE	128240
MRPL54	116541
LRCH1	23143
REEP3	221035
FCGR3B	2215
SLC30A1	7779
IFT52	51098
CNOT6L	246175
OSTC	58505
AGPAT1	10554
HIC1	3090
PTGS2	5743
MED25	81857
SUPT7L	9913
RFC2	5982
ARSB	411
TSPOAP1	9256
ALG5	29880
MAF	4094
MBD4	8930
NCOA3	8202
SH2D1A	4068
PLB1	151056
WNK1	65125
ATF6	22926
SAMD8	142891
IPMK	253430
TMEM218	219854
SLC39A11	201266
BRI3BP	140707
IBTK	25998
TPCN2	219931
GPR35	2859
CD300LB	124599
TBC1D10B	26000
PPARG	5468
ASL	435
GRIPAP1	56850
SLC49A3	84179
FAM13B	51306
ABCC3	8714
SDF2	6388
CHCHD5	84269
KIF13A	63971
SETBP1	26040
NCKAP5L	57701
MT1F	4494
KIR2DL3	3804
PARP10	84875
MYSM1	114803
DAPK2	23604
KLRB1	3820
PGM2	55276
CD22	933
DDX49	54555
ICMT	23463
YIPF2	78992
LYSMD3	116068
LPAR5	57121
CHMP1A	5119
PYHIN1	149628
POR	5447
RAB3GAP2	25782
CAMKK2	10645
RTF1	23168
PDPK1	5170
RNF168	165918
FZD1	8321
MTRF1L	54516
RAB11B	9230
KMT5A	387893
PLA2G4C	8605
RLF	6018
PDE4B	5142
UBXN2B	137886
ZBTB4	57659
STK3	6788
ADORA3	140
APPL2	55198
CHORDC1	26973
CBX6	23466
ANKIB1	54467
CUEDC1	404093
TAGLN	6876
CADM1	23705
SYT11	23208
MRPL47	57129
CTNNBL1	56259
DCAF6	55827
USP12	219333
PDXDC1	23042
DKK3	27122
C6orf89	221477
CLSTN3	9746
FUS	2521
CDC16	8881
SHKBP1	92799
CATSPER1	117144
ITPA	3704
AFG3L2	10939
ACLY	47
CCDC43	124808
GBE1	2632
CDK19	23097
IGLV1-40	28825
VCL	7414
SCAND1	51282
GIGYF2	26058
MFN2	9927
PIEZO1	9780
ORMDL2	29095
CKAP4	10970
EIF1AD	84285
PATL1	219988
KCNQ1OT1	10984
TTC1	7265
OTUD4	54726
OSBPL9	114883
P2RX1	5023
TRIP6	7205
ZBTB7A	51341
IFI27L1	122509
HLA-C	3107
DESI2	51029
CMPK2	129607
EGR3	1960
TBL2	26608
DDB1	1642
NAA38	84316
IREB2	3658
SOCS4	122809
CLN8	2055
SETD7	80854
STARD8	9754
HINT3	135114
LARP4	113251
ETFB	2109
RUBCN	9711
RAB30	27314
STX5	6811
KLF13	51621
SLC25A4	291
SEC61A1	29927
SYMPK	8189
BIRC2	329
TIMMDC1	51300
VPS29	51699
SCNM1	79005
ZFP91	80829
DENND4A	10260
TRAPPC2B	10597
BAD	572
CLPB	81570
DENND5A	23258
DHRS7B	25979
HECTD1	25831
MRPL18	29074
GZF1	64412
LINC02384	100507195
RBM23	55147
IFIH1	64135
HLX	3142
UBE2M	9040
PTS	5805
AKT1S1	84335
CAPN15	6650
SESN2	83667
LINC00926	283663
ARFIP1	27236
TFPT	29844
ADPRH	141
TCEAL3	85012
ST3GAL4	6484
HOOK2	29911
RPL26L1	51121
SERPINB8	5271
TAP2	6891
CAPN12	147968
NEK1	4750
KDM5C	8242
ATN1	1822
INAFM2	100505573
FCRLA	84824
IFI44	10561
OSBPL1A	114876
UBXN4	23190
YTHDC2	64848
RABGGTB	5876
SAMD4B	55095
SOAT1	6646
CHKA	1119
TBK1	29110
ARHGEF12	23365
B3GNT5	84002
SPAG7	9552
CDC73	79577
ANXA1	301
PCF11	51585
RTCA	8634
LIMD1	8994
AGO1	26523
GBF1	8729
UBE2Q1	55585
KCNK6	9424
GNA12	2768
SAMD1	90378
PSMA3	5684
TMEM39A	55254
NGLY1	55768
C3	718
C18orf32	497661
PCGF3	10336
RAD23B	5887
TAF11	6882
PI4KA	5297
CLASP2	23122
SEC16A	9919
APIP	51074
GUCD1	83606
PLK2	10769
MRPL20	55052
BLK	640
DCPS	28960
KLF11	8462
FNBP1	23048
LRIF1	55791
FAM174A	345757
ZNF562	54811
NMUR1	10316
P2RY13	53829
ACBD3	64746
UBN1	29855
STRN4	29888
SPIB	6689
PPP2R5E	5529
BCL2L13	23786
ZFAND3	60685
ADAM8	101
S100A11	6282
TAX1BP1	8887
CITED2	10370
GPR68	8111
EDEM1	9695
GFPT1	2673
ATP11A	23250
OSTM1	28962
ELF4	2000
DGKD	8527
POLG	5428
PDGFD	80310
TESK1	7016
MMADHC	27249
ASRGL1	80150
RAB5A	5868
SEC22B	9554
MIF4GD	57409
ZMIZ2	83637
HCFC1	3054
ARHGAP17	55114
ACBD5	91452
PAK2	5062
PDZD11	51248
C17orf58	284018
KTN1	3895
ACIN1	22985
AGAP3	116988
OTULINL	54491
SMIM12	113444
NFATC3	4775
ATL3	25923
SMARCB1	6598
WDR81	124997
TMEM256	254863
TP53INP2	58476
BAZ1A	11177
ZNF644	84146
BAIAP2	10458
PTPRO	5800
MRPS12	6183
MTCH1	23787
GTF2F2	2963
SERTAD2	9792
NELFE	7936
AGPS	8540
PPP2CA	5515
ZBTB21	49854
MBD3	53615
SNRPG	6637
SLC52A2	79581
INTS3	65123
FOLR3	2352
RNASE2	6036
MYO7A	4647
CSNK1G3	1456
SIPA1L1	26037
SLC25A33	84275
BDP1	55814
ABL2	27
IKBKG	8517
DHRSX	207063
NSRP1	84081
IL18RAP	8807
TLR6	10333
LATS2	26524
ALDH1A1	216
WDR13	64743
BTAF1	9044
TMEM219	124446
BOLA2-SMG1P6	107282092
SPHK1	8877
USP7	7874
CDA	978
IFI27	3429
COX20	116228
RRM2B	50484
PPP5C	5536
SPIDR	23514
UBE4A	9354
CYB561D2	11068
MED29	55588
PNOC	5368
FLVCR2	55640
PSMD8	5714
ZDHHC24	254359
HES1	3280
PFDN2	5202
FHOD1	29109
BRK1	55845
ABCD1	215
NLN	57486
CDK16	5127
DYNC1LI2	1783
SNRNP70	6625
ABCF1	23
NREP	9315
SLC29A3	55315
UBE2K	3093
LPP	4026
LARP4B	23185
CLEC11A	6320
SESTD1	91404
PSMC4	5704
PBRM1	55193
S100A13	6284
AIMP2	7965
ZDHHC12	84885
MRPL14	64928
CTR9	9646
RRAGC	64121
PMVK	10654
KRTCAP2	200185
SOCS6	9306
SLC35E1	79939
TCEAL9	51186
NUBP1	4682
TET3	200424
NACC1	112939
SLC17A9	63910
TMEM19	55266
ZDHHC3	51304
GPX3	2878
IGLC3	3539
TNFSF9	8744
RAB14	51552
ARL3	403
SLC38A7	55238
IFT20	90410
ERO1B	56605
PCTP	58488
COBLL1	22837
MAP3K2	10746
AHSA1	10598
CSGALNACT2	55454
SMC4	10051
TMEM107	84314
APOL6	80830
STEAP3	55240
ZNF710	374655
MR1	3140
TMED1	11018
SMC6	79677
DNAJC4	3338
HIVEP3	59269
TBL1XR1	79718
SREBF1	6720
CD1C	911
SRGAP2C	653464
TRGV2	6974
ATP13A3	79572
STAMBP	10617
MAP4K5	11183
TXNDC11	51061
PHF20L1	51105
YIPF3	25844
CRYBG3	131544
RPL39L	116832
CREB3	10488
CCDC117	150275
JDP2	122953
HLA-DOB	3112
SLC46A1	113235
TRIM44	54765
C1GALT1	56913
DPP8	54878
PHTF1	10745
MAP3K3	4215
SUCO	51430
KIF21A	55605
LILRA6	79168
DCTN1	1639
CHCHD1	118487
NCOA2	10499
CXCL2	2920
LINC01503	100506119
IGLC2	3538
LSM4	25804
PXK	54899
EXOC5	10640
TST	7263
IQSEC2	23096
USP32	84669
KDM4B	23030
MRPS16	51021
CDCP1	64866
TEN1	100134934
PDS5B	23047
ROGDI	79641
TNFRSF11A	8792
NIN	51199
CCDC12	151903
TMX1	81542
HEBP1	50865
PTPN7	5778
GLB1	2720
HES4	57801
COLEC12	81035
OGDH	4967
RCBTB2	1102
LUC7L	55692
RFTN1	23180
OAF	220323
CCND1	595
TRAF3	7187
BMF	90427
PIP5K1C	23396
DERA	51071
ARHGAP22	58504
RUFY3	22902
LAMTOR3	8649
PARP8	79668
SFPQ	6421
IGHG1	3500
EPHX1	2052
OLFML2B	25903
NT5DC2	64943
SIPA1L2	57568
ELL	8178
CDC42EP1	11135
ACOX1	51
DELE1	9812
CEBPZ	10153
NUS1	116150
CD276	80381
LAMP1	3916
TBC1D2	55357
RBM33	155435
USP36	57602
MEPCE	56257
KDM1B	221656
RNF19B	127544
DHX38	9785
IGKV1-5	28299
AURKAIP1	54998
DDX46	9879
TAF12	6883
KBTBD2	25948
PCNX4	64430
PLAU	5328
NIPSNAP3A	25934
COQ2	27235
FCRL5	83416
GMNN	51053
DCP2	167227
CHIC2	26511
LPXN	9404
EPAS1	2034
CENPW	387103
KMT2E-AS1	100216545
RGL2	5863
MPG	4350
GGCX	2677
CDC42BPB	9578
RIT1	6016
TBC1D12	23232
NEDD8	4738
RBM18	92400
GLO1	2739
GPR107	57720
MIA2	4253
VGLL4	9686
EIF3J	8669
DTHD1	401124
TNNI2	7136
SERTAD3	29946
FNIP1	96459
DNAJC7	7266
HCFC1R1	54985
LCORL	254251
ASB1	51665
RABEP2	79874
TMEM147	10430
MYO15B	80022
UTS2	10911
C5orf24	134553
SNHG9	735301
SIK1	150094
EMC7	56851
KMT2D	8085
STRAP	11171
LINC01504	100507540
NIPBL	25836
RRP12	23223
COPZ1	22818
SPIN1	10927
MARVELD1	83742
SNX13	23161
KDM5A	5927
CBFA2T3	863
NFIL3	4783
PLEKHG2	64857
SNX24	28966
ANKFY1	51479
DIAPH2	1730
FAM32A	26017
SH2B2	10603
PSME3	10197
SLC1A3	6507
TAF13	6884
MAP1LC3A	84557
TRMT112	51504
ACO2	50
TCP1	6950
VMO1	284013
ZC3H13	23091
TP53I13	90313
QPCT	25797
SPAG4	6676
DBN1	1627
SLC36A1	206358
UBA6	55236
EBNA1BP2	10969
IWS1	55677
CBL	867
ATF7	11016
VAT1	10493
SLFN12	55106
TRAF4	9618
PTPN1	5770
DBNDD2	55861
ZBTB8OS	339487
N4BP1	9683
SETD3	84193
CARD19	84270
TXLNA	200081
TMED7	51014
PPIP5K2	23262
CPNE8	144402
GATAD1	57798
CDC5L	988
NCAM1	4684
RC3H1	149041
GALK1	2584
PPP2R3C	55012
RTF2	51507
IFITM2	10581
SBDS	51119
TRAPPC3	27095
WDR45B	56270
SQLE	6713
SRP54	6729
CEP350	9857
TPRA1	131601
CLMN	79789
MGST1	4257
YES1	7525
PSD4	23550
PACSIN2	11252
PSTPIP2	9050
CLTB	1212
WASHC1	100287171
CASP7	840
SLC38A10	124565
THBD	7056
SAMD4A	23034
DCTN5	84516
SCYL2	55681
TUBGCP2	10844
GNG10	2790
STAT6	6778
DHX8	1659
CREB5	9586
OTULIN	90268
NDUFB1	4707
RWDD4	201965
FXYD6	53826
PFKFB4	5210
DOK1	1796
CPNE5	57699
ZCCHC2	54877
GPAT4	137964
AK2	204
SLC25A37	51312
MAFG	4097
ACAP2	23527
ETFA	2108
IL10	3586
RASA4	10156
VPREB3	29802
PPT1	5538
GPR18	2841
GMPPA	29926
NDFIP2	54602
CBLB	868
DNTTIP2	30836
UACA	55075
DNAJB12	54788
TANK	10010
CHMP5	51510
ADD1	118
USP22	23326
TUBG1	7283
MRPS11	64963
MAPK6	5597
NIPA2	81614
CD2AP	23607
PHKG2	5261
ZBTB10	65986
TOP2B	7155
KIF1B	23095
RASGRP3	25780
VPS25	84313
PLOD3	8985
IL10RB-DT	100288432
TMX4	56255
TNIP3	79931
CDC27	996
MBD6	114785
DYSF	8291
DDX21	9188
PPP1R12C	54776
MAD2L2	10459
RYBP	23429
DNM1L	10059
UBXN6	80700
PON2	5445
CHMP4B	128866
RNF115	27246
CD300LF	146722
TOB2	10766
ADGRG5	221188
IGHA2	3494
LMNB1	4001
ZNF593	51042
STARD4	134429
VAV1	7409
JUP	3728
FRMD4A	55691
RABIF	5877
RUFY1	80230
ADM	133
NF1	4763
SEMA6B	10501
SLC7A8	23428
ABCG1	9619
SLC25A13	10165
FEM1B	10116
SPNS1	83985
UBAC1	10422
CARM1	10498
BROX	148362
TIMM10	26519
RNFT1	51136
DDX27	55661
MPV17	4358
PSMD13	5719
PRPF40A	55660
KLHL6	89857
GEM	2669
SIKE1	80143
ETNK1	55500
SBF2	81846
SPATA20	64847
EEA1	8411
ARHGAP21	57584
CLPTM1	1209
ADIPOR1	51094
AGTPBP1	23287
NUPR1	26471
TMEM33	55161
TRGV7	6981
ZNF296	162979
IGLV2-14	28815
NPEPPS	9520
FAM114A1	92689
CXCL8	3576
CPT1A	1374
DNASE1L1	1774
VPS26A	9559
MRPL10	124995
ZNF791	163049
FBXO11	80204
COX7A2	1347
ATP6AP2	10159
AGO4	192670
SLC12A7	10723
FBXL5	26234
PURB	5814
SNX11	29916
ARCN1	372
PIK3C2A	5286
THBS1	7057
UCK2	7371
TSEN34	79042
AQP9	366
SLC35F5	80255
GANAB	23193
VDR	7421
DHRS3	9249
SNX27	81609
ARHGEF7	8874
TRAK1	22906
GATM	2628
HNRNPUL2	221092
CAMTA1	23261
KPNA4	3840
SERPINB1	1992
LINC02084	105377006
NUP62	23636
UNC119	9094
CLIC2	1193
RFX5	5993
TMEM14C	51522
KLHDC8B	200942
PHKB	5257
TRPM2	7226
CHST2	9435
SUSD1	64420
SDCCAG8	10806
CKAP2	26586
SPOPL	339745
COX5B	1329
TSPAN13	27075
KCTD5	54442
VEGFA	7422
ST6GALNAC4	27090
PRKD3	23683
TNF	7124
CDC40	51362
SNRPB	6628
JAKMIP2	9832
SMS	6611
CHN2	1124
JAZF1	221895
RASGRP4	115727
TRIM38	10475
MICAL2	9645
TSC22D2	9819
SIPA1	6494
RTN1	6252
LILRB5	10990
TRIP11	9321
WDFY1	57590
ST3GAL6	10402
SEC11C	90701
LSM1	27257
MTHFR	4524
CYBRD1	79901
DCTN6	10671
PTPMT1	114971
PID1	55022
CNOT1	23019
GTPBP1	9567
TRMT1	55621
POLR2G	5436
ADAP1	11033
HMGCS1	3157
COMMD8	54951
RBM5	10181
WASHC2A	387680
CYP51A1	1595
ARSD	414
SELENON	57190
SYVN1	84447
P2RY11	5032
SLC4A2	6522
WASHC2C	253725
WBP1L	54838
RILP	83547
RALGPS2	55103
ARF6	382
CTTNBP2NL	55917
ATPAF2	91647
MRPL51	51258
RRAS	6237
SPCS2	9789
KIAA0232	9778
IGHM	3507
AHCYL1	10768
TPCN1	53373
XIAP	331
MOB1B	92597
FAM53B	9679
CYP1B1	1545
MYL6B	140465
ZZEF1	23140
AGFG1	3267
PLBD2	196463
SPEN	23013
FUNDC2	65991
AP1G1	164
SPG11	80208
FYTTD1	84248
BCLAF1	9774
ADIPOR2	79602
PAFAH1B2	5049
NISCH	11188
PKIG	11142
SEC31A	22872
TCF12	6938
CENPB	1059
USB1	79650
DHRS4	10901
STIP1	10963
OPN3	23596
E2F3	1871
CREBBP	1387
RB1CC1	9821
BRD4	23476
NAPRT	93100
PPM1F	9647
SCRN1	9805
CHMP2B	25978
SREK1	140890
ARL11	115761
DVL3	1857
TSC22D1	8848
RGS12	6002
WAC	51322
PCYT1A	5130
MAP2K3	5606
APOBEC3A	200315
CSNK2B	1460
CCDC88B	283234
EPS15	2060
NCSTN	23385
GAB2	9846
TRPC4AP	26133
MANBA	4126
SMIM3	85027
DPM2	8818
SETD2	29072
POLR2J	5439
TNFRSF17	608
RAPGEF2	9693
FAM111A	63901
NT5C2	22978
AP3B1	8546
SERPINF1	5176
PHF21A	51317
COMMD9	29099
SREK1IP1	285672
EMC3	55831
SAR1B	51128
STAT3	6774
IL10RB	3588
SCD	6319
IGKV3-20	28912
KLHL18	23276
MDM2	4193
MACF1	23499
PTTG1	9232
GOLGA3	2802
NKIRAS2	28511
PTBP3	9991
LUZP1	7798
CHST11	50515
SUPT6H	6830
SAMD3	154075
EFTUD2	9343
DPP9	91039
CCDC112	153733
C2	717
VKORC1	79001
GTF3C1	2975
UBE3A	7337
SUGT1	10910
AXL	558
ATP6V0E1	8992
ARHGAP35	2909
LACC1	144811
ZNF503	84858
TXN2	25828
ARPIN	348110
SFXN3	81855
CHD1	1105
UBE2F	140739
SNX14	57231
PPP2CB	5516
RAP2A	5911
PPM1D	8493
CD19	930
SLC44A1	23446
SPATS2	65244
PEAK1	79834
ACTG1	71
BCL11A	53335
GALNT3	2591
ITPR1	3708
MIIP	60672
MICU1	10367
RCOR1	23186
DDOST	1650
SMC1A	8243
CAT	847
TLR7	51284
HEG1	57493
ZFR	51663
HLA-A	3105
UAP1	6675
FAM133B	257415
HIPK1	204851
TMEM106A	113277
C1orf54	79630
APC	324
STX6	10228
SLC25A20	788
KDELR1	10945
GK5	256356
NXT1	29107
KIAA0513	9764
HGSNAT	138050
RAP2C	57826
ELOA	6924
JARID2	3720
P2RY6	5031
TRA2A	29896
TFE3	7030
ERBIN	55914
HSP90AB1	3326
WASHC4	23325
TOR2A	27433
TSG101	7251
DNAJC13	23317
ANKRD28	23243
NUDT22	84304
C1orf122	127687
MAZ	4150
YKT6	10652
WDFY3	23001
SRRM1	10250
ARHGAP24	83478
DIAPH1	1729
PLAGL1	5325
DOK2	9046
SCAMP4	113178
MTMR14	64419
CHSY1	22856
SNCA	6622
RNF144B	255488
HLA-DQB2	3120
JMJD1C	221037
SIDT2	51092
CR1	1378
RAB21	23011
PRR14L	253143
PSME4	23198
CALHM2	51063
DYNC1I2	1781
ACOT13	55856
ASB2	51676
NAV1	89796
MCUR1	63933
RASSF2	9770
UFM1	51569
ARL8A	127829
ABCC5	10057
TMBIM4	51643
LINC01094	100505702
GALNT6	11226
SDS	10993
GNAQ	2776
MCFD2	90411
AHR	196
STX12	23673
TBC1D8	11138
CLCN7	1186
RAP2B	5912
G0S2	50486
RPS6KA4	8986
MMP14	4323
MPZL1	9019
OXSR1	9943
COX6A1	1337
SLC25A11	8402
IFIT2	3433
CARD16	114769
TRGC1	6966
NBEAL2	23218
MLXIPL	51085
ZDHHC20	253832
KMO	8564
MAP4	4134
USP9X	8239
DYNC1LI1	51143
NENF	29937
MGST3	4259
ATG7	10533
PSMD1	5707
EDEM2	55741
DAP	1611
MAPRE1	22919
COPS7A	50813
ZSWIM8	23053
LILRA1	11024
CASP3	836
MAGT1	84061
ABCB1	5243
DENND1A	57706
GNAI3	2773
FAM50A	9130
NRBP1	29959
IFNAR2	3455
KIAA2013	90231
CSNK2A1	1457
PILRB	29990
WIPF2	147179
DAPP1	27071
OAS3	4940
RABGAP1L	9910
KIDINS220	57498
TOR3A	64222
TNS1	7145
SUMO3	6612
MPDU1	9526
GRAMD4	23151
ACOT9	23597
FADS1	3992
TMEM160	54958
CLPTM1L	81037
DBNL	28988
CLIP1	6249
VRK2	7444
PLEKHM1	9842
WDR45	11152
LSM12	124801
DNAJB9	4189
SEC23B	10483
DNASE2	1777
RREB1	6239
EIF2AK2	5610
GALC	2581
ST3GAL5	8869
SDHB	6390
PRKAR2A	5576
VASH1	22846
P2RX7	5027
PRR13	54458
ARHGAP27	201176
SUPT4H1	6827
TXNRD1	7296
SMPDL3A	10924
IGLL5	100423062
ARMCX3	51566
RENBP	5973
AGPAT3	56894
SLC2A6	11182
STK10	6793
CD160	11126
SCAF11	9169
RHOBTB3	22836
S100A12	6283
KLRC2	3822
TMOD3	29766
KLRG1	10219
SMAD5	4090
SNX5	27131
RTL8C	8933
RALGAPA1	253959
MRAS	22808
KDM2A	22992
TP53I11	9537
TP53I3	9540
BTG3	10950
ZDHHC7	55625
DMXL1	1657
PDE4D	5144
APAF1	317
BAG1	573
POLR2K	5440
AVPI1	60370
RARA	5914
ATP2B1-AS1	338758
TIMM13	26517
IL4I1	259307
NBN	4683
MITF	4286
NCLN	56926
TCEAL4	79921
COMMD5	28991
NDUFA3	4696
PLA2G15	23659
SORT1	6272
TSEN54	283989
TM2D3	80213
HPS1	3257
IVD	3712
ITGAV	3685
NCEH1	57552
HNRNPH2	3188
BANK1	55024
TMCO1	54499
SMAD7	4092
SIGLEC10	89790
OSBPL11	114885
SRGAP2B	647135
CACUL1	143384
ZFAND2A	90637
SLC25A39	51629
UBE2W	55284
ARRDC3	57561
ITSN1	6453
TGIF1	7050
YTHDF3	253943
MS4A1	931
SEC24D	9871
PSTPIP1	9051
TMBIM6	7009
STYXL1	51657
HS3ST1	9957
ATXN1	6310
RPS19BP1	91582
UBE2L3	7332
MT1E	4493
LAMTOR4	389541
PPP6R1	22870
GADD45A	1647
TMEM37	140738
MPC1	51660
TMEM208	29100
IRF4	3662
CNTLN	54875
ARHGEF40	55701
PITPNA	5306
PRADC1	84279
TMEM131	23505
NCR1	9437
SEL1L3	23231
TRIM8	81603
SRD5A3	79644
CRK	1398
RGS18	64407
JPT1	51155
PARK7	11315
DRAM2	128338
DENND4B	9909
PTPA	5524
AUTS2	26053
TRIM25	7706
ADAMTSL4	54507
CDK17	5128
INPP1	3628
ETV3	2117
COMMD1	150684
SNAP23	8773
TPM1	7168
ODC1	4953
EMD	2010
HIPK3	10114
ILK	3611
WSB2	55884
UBR4	23352
COPS9	150678
PKN1	5585
HSD17B10	3028
MRPL28	10573
TYK2	7297
CSRP1	1465
BMPR2	659
EFR3A	23167
GPBAR1	151306
VPS41	27072
SSR4	6748
REEP4	80346
NFKBIE	4794
KHSRP	8570
PPP3CA	5530
NCBP3	55421
PSEN1	5663
EP300	2033
ZSWIM6	57688
SCP2	6342
ARIH2	10425
RCN1	5954
RCN3	57333
LYVE1	10894
ATP8A1	10396
PTGS1	5742
ZFAND6	54469
OAS1	4938
PPFIA1	8500
CHMP2A	27243
CCDC6	8030
FSCN1	6624
LRRK2	120892
SRSF2	6427
GGA1	26088
CDC42	998
SLC2A8	29988
PLD4	122618
TOX	9760
TGFBR3	7049
ARID1A	8289
RNASEH2C	84153
LPGAT1	9926
STARD7	56910
SCARB1	949
CD2BP2	10421
SLK	9748
USP34	9736
UBE2E3	10477
ITPRIPL2	162073
JAK2	3717
RPN1	6184
BTN2A2	10385
ZNHIT1	10467
DSC2	1824
TRGC2	6967
TRPS1	7227
FUCA1	2517
TUBB2A	7280
MAP3K13	9175
LAPTM5	7805
DOCK8	81704
TUBB6	84617
C12orf75	387882
EIF4A3	9775
ACTR1A	10121
ARID3A	1820
NUP58	9818
PI4K2A	55361
EIF6	3692
GTF2B	2959
MBOAT7	79143
FLOT1	10211
MKKS	8195
IMPA2	3613
NQO2	4835
MCM5	4174
OSER1	51526
C15orf39	56905
RIN2	54453
SPRY1	10252
KCNE3	10008
DNAJC5	80331
ARHGAP31	57514
COMMD4	54939
COPB1	1315
MORF4L2	9643
TIMP1	7076
VAV3	10451
ENC1	8507
UQCC2	84300
AP3S1	1176
MERTK	10461
DOCK4	9732
NCR3	259197
CHPT1	56994
EMP1	2012
SLC2A5	6518
STK40	83931
RAB7A	7879
ATP2B1	490
VPS13C	54832
BHLHE41	79365
LARP1	23367
SERPINB9	5272
BICD2	23299
ITPK1	3705
CEBPG	1054
SCLT1	132320
PTPN2	5771
B4GALT5	9334
CYB5R3	1727
RABAC1	10567
TRG-AS1	100506776
MAPK1IP1L	93487
ADRM1	11047
GNG7	2788
ARL8B	55207
ARL6IP1	23204
WDR41	55255
ASCL2	430
MSRB1	51734
TFDP2	7029
CCRL2	9034
NPC1	4864
PIK3CG	5294
DENND1B	163486
PLXNC1	10154
PRR5L	79899
SMIM7	79086
TRA2B	6434
SLC25A24	29957
MVD	4597
HUWE1	10075
SPECC1	92521
GINM1	116254
GLMP	112770
SLC29A1	2030
EIF4E2	9470
TXN	7295
PFN1	5216
ABHD17A	81926
MED13L	23389
UVRAG	7405
DUSP10	11221
BST1	683
KLRK1	22914
SGPL1	8879
NOTCH1	4851
SLC5A3	6526
COA1	55744
SLC20A1	6574
AFF4	27125
MIR22HG	84981
P2RX4	5025
CCNY	219771
MED13	9969
TOR1AIP2	163590
TBC1D1	23216
OTUD1	220213
EIF3A	8661
TGM2	7052
SNRPD1	6632
FCHO2	115548
PSMB9	5698
TAX1BP3	30851
USP8	9101
TRIO	7204
NXF1	10482
TALDO1	6888
ALKBH5	54890
ARPC5L	81873
IL1RN	3557
CMC2	56942
TNRC18	84629
PAPOLA	10914
HOTAIRM1	100506311
TBC1D9	23158
CCDC32	90416
GFOD1	54438
NFAT5	10725
NDUFS7	374291
NME1	4830
ADAM15	8751
PPP1R16B	26051
MFSD12	126321
POU2AF1	5450
SNHG15	285958
RUBCNL	80183
SF3B5	83443
DERL2	51009
LCOR	84458
UBE2L6	9246
SGMS1	259230
TDG	6996
DUSP5	1847
CARD9	64170
RBP7	116362
SYTL2	54843
RBBP8	5932
HPS5	11234
HOOK3	84376
ADAM17	6868
ITPRIP	85450
YIF1A	10897
MXD4	10608
RNF13	11342
ORAI3	93129
CRTAM	56253
WDR11	55717
HTT	3064
YME1L1	10730
EIF4G1	1981
INPPL1	3636
TK2	7084
CPEB4	80315
GSE1	23199
COA3	28958
ADPGK	83440
RIN3	79890
WDFY4	57705
NABP1	64859
DEF8	54849
TCN2	6948
RAPH1	65059
MBNL2	10150
AHI1	54806
MEA1	4201
SH2D2A	9047
STX4	6810
AZIN1	51582
AP2A2	161
SURF4	6836
SYNE1	23345
NUFIP2	57532
PLA2G7	7941
ELF1	1997
SDSL	113675
RABEP1	9135
FCHSD2	9873
EVI2A	2123
MCRIP1	348262
SAR1A	56681
COPB2	9276
NFE2L1	4779
HEXIM1	10614
SMIM29	221491
SLA2	84174
PPP2R2B	5521
CD58	965
RIPK2	8767
CYB5R4	51167
SEC13	6396
ARHGAP10	79658
LRRFIP1	9208
LRRFIP2	9209
TMEM165	55858
ATP1B1	481
RP2	6102
HELZ	9931
ATP6V1D	51382
NCOA1	8648
SLC39A7	7922
ELOVL1	64834
FLII	2314
PIP4K2A	5305
ZBTB1	22890
TM6SF1	53346
TMEM50A	23585
PRKACA	5566
ATG101	60673
SLAMF8	56833
CSNK1A1	1452
TGOLN2	10618
RSRC2	65117
CHID1	66005
TAOK1	57551
ACER3	55331
ZCRB1	85437
EIF2AK4	440275
PDCD6IP	10015
ARSA	410
PDIA4	9601
CHCHD10	400916
RIPOR1	79567
COX5A	9377
AFTPH	54812
MILR1	284021
ECHS1	1892
TRIOBP	11078
PTPN18	26469
DNAJB4	11080
ABHD5	51099
LRRK1	79705
MLF2	8079
TIMM17B	10245
TOLLIP	54472
DHX36	170506
PLPP5	84513
SUSD6	9766
SNAP29	9342
NRAS	4893
SLC35F6	54978
MCTP2	55784
GNA13	10672
MRPL52	122704
HAMP	57817
TREM1	54210
PSMA4	5685
ALCAM	214
SLC6A6	6533
BEST1	7439
PSMA6	5687
TIMM17A	10440
FNIP2	57600
C9orf72	203228
ZNF683	257101
MRC1	4360
RALB	5899
HIP1	3092
TFEB	7942
SLTM	79811
CPM	1368
POLD4	57804
EXOSC4	54512
DNM2	1785
PDIA3	2923
RAP1B	5908
PDLIM5	10611
HDAC9	9734
RDX	5962
TTC7A	57217
TMEM258	746
SDF4	51150
SPRED1	161742
NLRP3	114548
PALLD	23022
TMEM70	54968
YIF1B	90522
POLR2F	5435
IRF7	3665
RIOK3	8780
SNX8	29886
HSD17B4	3295
G6PC3	92579
PKN2	5586
ITGB5	3693
ATP5PF	522
ACSL3	2181
PSMD14	10213
TAOK3	51347
TMEM109	79073
KIF13B	23303
AKNA	80709
HOMER3	9454
AP2M1	1173
TBCD	6904
CSF2RB	1439
SAT2	112483
NRROS	375387
USO1	8615
CFP	5199
IKZF3	22806
AKT1	207
AP3D1	8943
SNF8	11267
SLC1A5	6510
NRP2	8828
NEK6	10783
POLR2A	5430
GOLGA2	2801
TIGAR	57103
LDLRAD4	753
CTNNBIP1	56998
NFIC	4782
RGS3	5998
P4HA1	5033
SLC1A4	6509
NDUFA2	4695
ZNF267	10308
IFNAR1	3454
ASPH	444
FBXO6	26270
ARHGEF10L	55160
SLC3A2	6520
CREB3L2	64764
MAP3K11	4296
RGL1	23179
NR1H3	10062
STX10	8677
ATP8B4	79895
STAC3	246329
MTSS1	9788
SRSF6	6431
TMED5	50999
MSRB2	22921
GRK3	157
SMARCA5	8467
PGLS	25796
PIGT	51604
LYL1	4066
SLC39A1	27173
UTRN	7402
SDC3	9672
COPRS	55352
OLR1	4973
NPTN	27020
ABR	29
IKBIP	121457
HSPA9	3313
ARFGAP3	26286
PREX1	57580
S100A6	6277
CEBPA	1050
LINC02446	101060038
FNDC3A	22862
MAP3K20	51776
RCC2	55920
RNPEP	6051
LYAR	55646
BLOC1S2	282991
PPP1R15B	84919
ADCY7	113
LIMK1	3984
ORAI2	80228
CYC1	1537
VMP1	81671
SH3BGRL	6451
WDR26	80232
TPMT	7172
SLIRP	81892
SSH1	54434
GCNT1	2650
PSMB2	5690
IRAK3	11213
STMP1	647087
XIST	7503
HSPA6	3310
SLC15A4	121260
MOB3A	126308
PMP22	5376
PHC2	1912
PNPLA8	50640
PTK2B	2185
GAK	2580
GTF3C6	112495
QSOX1	5768
IFIT3	3437
PAFAH1B1	5048
CCL2	6347
CD300C	10871
CDK2AP1	8099
GAB3	139716
ATP5MC3	518
SEMA4A	64218
NFKB2	4791
CYTH4	27128
CEP170	9859
ATP6V1C1	528
USP11	8237
AHNAK	79026
IER5L	389792
FAM20A	54757
ITCH	83737
FURIN	5045
HNRNPH1	3187
HIPK2	28996
TMED10	10972
BCAP29	55973
MYD88	4615
MAFF	23764
DICER1	23405
ETV5	2119
CRTAP	10491
ALDH3B1	221
GNA15	2769
GPAA1	8733
LSM3	27258
PDLIM7	9260
RAB11FIP1	80223
TSPYL2	64061
F13A1	2162
BOD1L1	259282
EVI5	7813
GLTP	51228
NDUFV3	4731
NDUFB7	4713
TBC1D9B	23061
LINC02256	100996255
GOLGB1	2804
MAT2A	4144
FAM91A1	157769
UBA1	7317
KIFC3	3801
WASF2	10163
GDE1	51573
PTGDR	5729
BCL2L1	598
NUDT3	11165
SLA	6503
ZBTB38	253461
GPR34	2857
AP2A1	160
BCAT1	586
ATP6AP1	537
STK38L	23012
DYNLT1	6993
SECTM1	6398
NRDC	4898
ACP2	53
PPP1R14B	26472
TRGV9	6983
TFRC	7037
SULT1A1	6817
CPD	1362
ARF1	375
PRDX4	10549
FMNL3	91010
NUDT16	131870
CCDC47	57003
BNIP3L	665
NRIP1	8204
USP28	57646
CD1D	912
MRPL27	51264
AUP1	550
SLC27A3	11000
BCL6	604
KXD1	79036
MGST2	4258
PLEKHM2	23207
RTN3	10313
CSNK1D	1453
ADAM10	102
IVNS1ABP	10625
FERMT3	83706
HM13	81502
NECTIN2	5819
LRPAP1	4043
DUSP22	56940
CXCR6	10663
ARPP19	10776
FAM3C	10447
CTNNB1	1499
RELT	84957
SNRNP25	79622
IDI1	3422
IRAK1	3654
GALNT1	2589
NFAM1	150372
SPTLC2	9517
EGR2	1959
TRIP12	9320
ITPR2	3709
AKAP9	10142
TGFBR1	7046
DERL3	91319
PTP4A1	7803
FAR1	84188
GNGT2	2793
ALG13	79868
NDUFS8	4728
FKBP15	23307
CLECL1	160365
GALNT2	2590
KIF5B	3799
PDE4A	5141
CLEC4A	50856
SETX	23064
SOX4	6659
PLIN3	10226
BLOC1S6	26258
PYGL	5836
GNPTG	84572
ARL5B	221079
C11orf24	53838
MTDH	92140
ACP5	54
KMT2C	58508
ME2	4200
CHD4	1108
RHEB	6009
ARHGDIA	396
XAF1	54739
ARHGAP9	64333
FRMD4B	23150
ERP44	23071
NFKBIB	4793
ARF3	377
IL1B	3553
PSENEN	55851
SPG21	51324
CAPZA1	829
XPO1	7514
ETV6	2120
MCTP1	79772
IDH2	3418
NRP1	8829
MKNK1	8569
MEF2D	4209
CD72	971
FMNL2	114793
SZRD1	26099
LHFPL2	10184
ZFYVE16	9765
FOXO3	2309
CASP4	837
LMAN2	10960
PPP1CA	5499
COPE	11316
SLC35B1	10237
SIRT2	22933
ENSA	2029
MYDGF	56005
SPTSSA	171546
SIGLEC9	27180
HSH2D	84941
CD300E	342510
GNB2	2783
RAB2A	5862
RNH1	6050
NUMB	8650
OAZ2	4947
CEMIP2	23670
CRELD2	79174
SPP1	6696
JMJD6	23210
DPH3	285381
ISOC2	79763
KCTD20	222658
MYO1E	4643
SPATS2L	26010
LILRA2	11027
EPB41L2	2037
GCA	25801
NEDD9	4739
TFEC	22797
ATP6V1A	523
NR3C1	2908
PLCB2	5330
UQCRC1	7384
GSAP	54103
NADK	65220
DNAJC10	54431
MBD2	8932
SELENOP	6414
CTDNEP1	23399
CISD3	284106
SRSF9	8683
IGHA1	3493
SLCO2B1	11309
SNX18	112574
SPTY2D1	144108
IGKC	3514
APOBR	55911
ACAA2	10449
PJA2	9867
HYOU1	10525
IGFLR1	79713
IFI35	3430
APPL1	26060
ARL4A	10124
LILRA5	353514
RNASEK	440400
SYNGR2	9144
TMEM51	55092
HBEGF	1839
CSF2RA	1438
HSD17B12	51144
RAB34	83871
ANPEP	290
TMEM127	55654
CPPED1	55313
PLEKHB2	55041
SRSF7	6432
POLR2E	5434
LEPROT	54741
SAMD9L	219285
ABHD2	11057
SLFN11	91607
OSCAR	126014
BLVRA	644
RAB9A	9367
DYNC1H1	1778
WIPI1	55062
DERL1	79139
RNF19A	25897
DENND3	22898
SH3TC1	54436
SOD2	6648
PPIF	10105
RNF7	9616
TET2	54790
STAT2	6773
BLNK	29760
SFT2D2	375035
IRF5	3663
AMD1	262
SERPING1	710
SH2D1B	117157
CMKLR1	1240
FHL3	2275
HLA-DOA	3111
ELOC	6921
CCDC124	115098
VMA21	203547
IDH1	3417
RAB20	55647
FGD4	121512
MTHFD2	10797
FUCA2	2519
SEM1	7979
GUSB	2990
RER1	11079
EPN1	29924
SULF2	55959
KYNU	8942
CLEC12A	160364
DST	667
ABHD12	26090
CALU	813
VAMP3	9341
GPR137B	7107
SLC31A1	1317
ARRB1	408
DOCK2	1794
GOLGA4	2803
TIPARP	25976
HVCN1	84329
FAM53C	51307
APOBEC3C	27350
UBE2R2	54926
SLC31A2	1318
RANBP2	5903
MANF	7873
JOSD1	9929
PLD3	23646
TMEM179B	374395
MPST	4357
RTN4	57142
TNFRSF1B	7133
CHP1	11261
SIGLEC7	27036
SCCPDH	51097
SNX3	8724
FAM20C	56975
CAP1	10487
SOCS3	9021
NDUFS6	4726
RAPGEF1	2889
SNX2	6643
CD53	963
UBE2D1	7321
TLR2	7097
PRCP	5547
HHEX	3087
JOSD2	126119
NOTCH2	4853
HSPA4	3308
USF2	7392
FOLR2	2350
TUT7	79670
OSTF1	26578
SH2B3	10019
ARPC1B	10095
ATP6V0A1	535
PRKCD	5580
PRMT9	90826
TBX21	30009
PRSS23	11098
PRAM1	84106
ATP5MF	9551
MRPS6	64968
MZB1	51237
FKBP1A	2280
NDUFA1	4694
LMO2	4005
PPP1R9B	84687
RETN	56729
FAM120A	23196
MAP1LC3B	81631
TNS3	64759
IFNG	3458
CCR5	1234
B3GNT2	10678
EPS8	2059
P4HB	5034
SLC37A2	219855
TPD52L2	7165
FEZ2	9637
ASGR1	432
GAPT	202309
GNB1	2782
PAPSS2	9060
PSMB3	5691
TMED9	54732
ZFHX3	463
ADRB2	154
RAB8A	4218
EHD4	30844
MAPRE2	10982
F2R	2149
LSM10	84967
SHOC2	8036
PSME2	5721
BLOC1S1	2647
HK3	3101
TLE3	7090
LRMDA	83938
ADGRG1	9289
PNPLA6	10908
ZC3H12A	80149
SEC61G	23480
COPA	1314
ASAP1	50807
POU2F2	5452
VTI1B	10490
GPCPD1	56261
SLC25A19	60386
DUSP3	1845
G6PD	2539
NCKAP1L	3071
VDAC1	7416
ATP2A2	488
EIF5	1983
WIPF1	7456
MIEN1	84299
ADGRE2	30817
CCNH	902
BCAS2	10286
CD40	958
CDV3	55573
BUD31	8896
ERLEC1	27248
AKIRIN2	55122
NDUFA6	4700
GK	2710
BCKDK	10295
NFKBID	84807
STK17A	9263
LY96	23643
GPX4	2879
ADAM9	8754
CISD2	493856
LGALS2	3957
C19orf38	255809
ARPC5	10092
PLOD1	5351
PET100	100131801
MXD1	4084
PCBD1	5092
MEF2A	4205
PPP1R10	5514
TMEM205	374882
HMGN3	9324
SMIM14	201895
RHOQ	23433
CNDP2	55748
CUX1	1523
HNRNPAB	3182
ATP6V1B2	526
AGPAT2	10555
ATP5ME	521
PHACTR1	221692
LAPTM4A	9741
LPCAT2	54947
GNPTAB	79158
NOP10	55505
TOP1	7150
CD180	4064
CLTA	1211
PMAIP1	5366
OGFRL1	79627
RAB5IF	55969
GTF2I	2969
ACSL4	2182
PPP1CB	5500
OASL	8638
ACSL1	2180
PDXK	8566
CLIC4	25932
BSG	682
DOCK5	80005
FUOM	282969
LAG3	3902
C1orf162	128346
PTPRJ	5795
KLRC1	3821
ERCC1	2067
CTBP2	1488
PTPN6	5777
SPPL2A	84888
DAPK1	1612
NUP214	8021
RASSF1	11186
MYO5A	4644
ATG3	64422
MTCH2	23788
ARRB2	409
DNAJC15	29103
LAMP2	3920
GPNMB	10457
CTSA	5476
RNF135	84282
ARPC4	10093
LITAF	9516
PFKFB3	5209
SIL1	64374
KLRF1	51348
RNF141	50862
ATP10D	57205
CTSB	1508
ARAP2	116984
ITGA1	3672
SRGAP2	23380
UBE2E2	7325
CDK2AP2	10263
KPNA2	3838
RXRA	6256
MAPKAPK2	9261
HEXB	3074
LAMTOR5	10542
NRBF2	29982
ST14	6768
CTNND1	1500
PDLIM1	9124
TCF25	22980
SLC15A3	51296
HEXA	3073
GOLIM4	27333
SPAG9	9043
YWHAG	7532
NAPA	8775
TNFSF13	8741
TLR4	7099
G3BP2	9908
ETF1	2107
BANF1	8815
LACTB	114294
CYP27A1	1593
IFI16	3428
EIF4A1	1973
BCL3	602
FIBP	9158
CCNL1	57018
RHOG	391
ELL2	22936
MGLL	11343
PLIN2	123
CD33	945
NANS	54187
S1PR5	53637
BAZ2B	29994
EHBP1L1	254102
TTC38	55020
CCDC50	152137
ERGIC1	57222
SCPEP1	59342
IL13RA1	3597
CD93	22918
GAA	2548
KLRC3	3823
CIITA	4261
PSMA7	5688
IFNGR2	3460
TENT5A	55603
NCF1	653361
COX7B	1349
SLC43A3	29015
COLGALT1	79709
NAA50	80218
ALOX5AP	241
CAPZA2	830
DOK3	79930
PSMB6	5694
TESC	54997
SLC7A5	8140
AKAP13	11214
ARHGAP26	23092
DUSP4	1846
CTSL	1514
SPON2	10417
CD151	977
CD84	8832
LAMTOR2	28956
EPSTI1	94240
CAMK1	8536
LRRC59	55379
RNF181	51255
SLC25A5	292
TIMM8B	26521
BZW1	9689
FASLG	356
RAB27A	5873
EIF4G3	8672
LINC01871	101929531
NAGA	4668
CD9	928
SHTN1	57698
CHST15	51363
ISG15	9636
PHPT1	29085
FES	2242
ZMIZ1	57178
ETS2	2114
MCOLN1	57192
VAMP5	10791
ZYX	7791
ANXA4	307
PDK4	5166
INPP5D	3635
PLEKHA2	59339
MLEC	9761
KDELR2	11014
GSTO1	9446
SIGLEC1	6614
RAB1B	81876
CHD9	80205
SEC11A	23478
ANKRD37	353322
GAS6	2621
ACADVL	37
MARCO	8685
RAB13	5872
CD244	51744
TRDC	28526
NPL	80896
EAF2	55840
MYOF	26509
ROCK1	6093
STX11	8676
JCHAIN	3512
SELENOT	51714
TUBA1C	84790
NCOR2	9612
CHCHD2	51142
PTTG1IP	754
TREM2	54209
MAN1A1	4121
PTPN22	26191
MIR4435-2HG	541471
LASP1	3927
FCRL6	343413
IL18	3606
BMP2K	55589
MCL1	4170
PLTP	5360
AP1S2	8905
C3AR1	719
DPYSL2	1808
FPR3	2359
PLXNB2	23654
GM2A	2760
PER1	5187
OS9	10956
PTAFR	5724
RPL22L1	200916
JAML	120425
CSTB	1476
UBE2S	27338
ADAM28	10863
PARP14	54625
TRIB1	10221
CCPG1	9236
IER5	51278
PLEKHO2	80301
KLF4	9314
RB1	5925
IFRD1	3475
GRK2	156
EMILIN2	84034
MS4A4A	51338
UQCR11	10975
PTPN12	5782
MIS18BP1	55320
UBL5	59286
IRF2BP2	359948
LPCAT1	79888
TNFRSF1A	7132
BID	637
UNC93B1	81622
RAB24	53917
GNG2	54331
MTPN	136319
LMO4	8543
YWHAE	7531
FN1	2335
EPB41L3	23136
GNB4	59345
MT-ND1	4535
SLC8A1	6546
SYNGR1	9145
MPP1	4354
ENTPD1	953
A2M	2
AP1B1	162
PGD	5226
CD36	948
CREG1	8804
SEL1L	6400
PLXND1	23129
B4GALT1	2683
NBPF14	25832
DRAP1	10589
SEC14L1	6397
FAM177A1	283635
ZNF106	64397
QKI	9444
CD79A	973
ARAP1	116985
FGD2	221472
SERPINB6	5269
HLA-DQA2	3118
CYSTM1	84418
EOMES	8320
CYFIP1	23191
GGA2	23062
COX17	10063
PARVB	29780
TSPAN3	10099
RAB1A	5861
SLC43A2	124935
RAB10	10890
CORO1C	23603
FLNA	2316
C6orf62	81688
YWHAH	7533
TAPBP	6892
IFI6	2537
ALOX5	240
NAIP	4671
ITGAL	3683
DRAM1	55332
MSR1	4481
CMIP	80790
PHLDA1	22822
IGFBP7	3490
IRF1	3659
WDR83OS	51398
ATF5	22809
CAPNS1	826
NBPF26	101060684
ST8SIA4	7903
PPIB	5479
SMCO4	56935
TTYH3	80727
APOE	348
GLA	2717
FCGR1A	2209
SWAP70	23075
DUSP23	54935
TSPAN4	7106
SSR3	6747
BACH1	571
DMXL2	23312
EZR	7430
GYG1	2992
VASP	7408
CLEC10A	10462
TACC1	6867
SH3BP2	6452
SLC38A2	54407
LIPA	3988
CANX	821
KDM6B	23135
ARF4	378
DNAJC3	5611
PLBD1	79887
NAGK	55577
PDIA6	10130
INSIG1	3638
RNASE1	6035
TNFAIP2	7127
LTBR	4055
SASH3	54440
MYADM	91663
BRI3	25798
VCAN	1462
CSF3R	1441
TBXAS1	6916
UBE2A	7319
ATF4	468
DNAJB11	51726
SLC2A3	6515
GAS7	8522
SH3GLB1	51100
RBKS	64080
TMEM176A	55365
CHMP1B	57132
NR4A3	8013
NINJ1	4814
C1QB	713
C1QC	714
DSE	29940
CEBPB	1051
MAPK1	5594
RAB5C	5878
FBP1	2203
ITGAX	3687
SRSF3	6428
VAMP8	8673
SYAP1	94056
GZMK	3003
STXBP2	6813
SCIMP	388325
NFE2L2	4780
LMNA	4000
ATP6V1F	9296
ABCA1	19
PLEKHO1	51177
PARVG	64098
RBM8A	9939
FPR1	2357
CD86	942
AKR1A1	10327
NEU1	4758
COTL1	23406
TNFSF13B	10673
VSIG4	11326
BTK	695
THEMIS2	9473
DDIT3	1649
SDF2L1	23753
RBM47	54502
RHBDF2	79651
SYTL3	94120
APOC1	341
LILRB3	11025
LGMN	5641
RNF213	57674
MFSD1	64747
ADGRE5	976
EIF1	10209
FNDC3B	64778
KIAA0930	23313
TCF4	6925
DNAJC1	64215
GNAI2	2771
KLF10	7071
C1orf21	81563
IDS	3423
HAVCR2	84868
SIRPA	140885
PICALM	8301
AREG	374
EIF4G2	1982
ITGAE	3682
FGFBP2	83888
IGSF6	10261
CKS2	1164
CHST12	55501
ICAM1	3383
GLIPR2	152007
C1QA	712
STX7	8417
HOPX	84525
BCL2A1	597
C5AR1	728
CCL3L1	6349
HNMT	3176
ACTR2	10097
ADA2	51816
IRF8	3394
SELENOS	55829
ATP1B3	483
STARD3NL	83930
RASSF4	83937
ENY2	56943
LAMTOR1	55004
IFNGR1	3459
SRA1	10011
CAPG	822
TXNDC17	84817
CALHM6	441168
BHLHE40	8553
FCGR2B	2213
CX3CR1	1524
CXCR4	7852
GNS	2799
METRNL	284207
CALM2	805
RAB8B	51762
SNX10	29887
ZNF385A	25946
SLC7A7	9056
RAB32	10981
ANXA2	302
BASP1	10409
SEC61B	10952
CD163	9332
DAB2	1601
CD302	9936
XCL1	6375
RELB	5971
PILRA	29992
TPM3	7170
RNASE6	6039
SCARB2	950
CYCS	54205
PLCG2	5336
TMEM167A	153339
SFT2D1	113402
MPEG1	219972
CSTA	1475
CCR1	1230
LRRC25	126364
MYO9B	4650
CNPY3	10695
SAMSN1	64092
LILRB4	11006
IL2RB	3560
STAB1	23166
NCF2	4688
BRD2	6046
IFI27L2	83982
TPP1	1200
PTGER4	5734
DUSP6	1848
ROMO1	140823
CSRNP1	64651
LAIR1	3903
LY86	9450
RBPJ	3516
DDX3X	1654
SLC11A1	6556
TPST2	8459
CPVL	54504
ITM2C	81618
FCN1	2219
UBE2J1	51465
HSPH1	10808
TMEM176B	28959
PAK1	5058
PEA15	8682
TIMP2	7077
POLR2L	5441
CD38	952
ADAP2	55803
CLEC7A	64581
NFKBIZ	64332
ENG	2022
PRDX5	25824
MGAT1	4245
CTNNA1	1495
RASGEF1B	153020
CFL1	1072
STOM	2040
MIDN	90007
XCL2	6846
PRELID1	27166
EIF4EBP1	1978
CYTOR	112597
NDUFB2	4708
CXCL16	58191
FCGR2A	2212
ASAH1	427
PLXDC2	84898
DNAJB6	10049
COX8A	1351
MT-ND2	4536
HIF1A	3091
DDAH2	23564
CLTC	1213
LGALS9	3965
SPCS3	60559
SGK1	6446
ITGAM	3684
AGTRAP	57085
LILRB2	10288
PRKAR1A	5573
EGR1	1958
HDLBP	3069
SQSTM1	8878
HMOX1	3162
COMT	1312
ALDH2	217
REEP5	7905
ZFAND5	7763
UQCRQ	27089
VPS37B	79720
ATF3	467
MNDA	4332
SLC16A3	9123
CKLF	51192
MT-ATP6	4508
CD81	975
TUBB4B	10383
HSPE1	3336
GUK1	2987
CXXC5	51523
GLIPR1	11010
MOB1A	55233
CFD	1675
PLAUR	5329
GABARAPL1	23710
SLAMF7	57823
SDCBP	6386
HCST	10870
MT2A	4502
TGFBI	7045
TUBA1A	7846
ITGB2	3689
NEAT1	283131
ELOB	6923
YBX3	8531
IER3	8870
KCTD12	115207
LAP3	51056
ATP6V0D1	9114
MYO1F	4542
GRB2	2885
MAFB	9935
ANAPC11	51529
CLIC3	9022
RUNX3	864
BLVRB	645
RRBP1	6238
PIK3AP1	118788
HSBP1	3281
CSF1R	1436
TCIRG1	10312
LILRB1	10859
S100A9	6280
FKBP2	2286
ACTN4	81
CREM	1390
TPI1	7167
LST1	7940
GNLY	10578
PYCARD	29108
MSN	4478
GPR65	8477
HSPA1A	3303
ACTB	60
CLEC2B	9976
GSN	2934
PLSCR1	5359
ARHGAP18	93663
LRP1	4035
FOSL2	2355
S100A8	6279
LSP1	4046
ATP6V0C	527
LYST	1130
MS4A7	58475
SH3BGRL3	83442
CALR	811
APOBEC3G	60489
CTSH	1512
HCK	3055
ATP5F1E	514
YPEL5	51646
CCDC88A	55704
SKAP2	8935
SKIL	6498
SERTAD1	29950
FGL2	10875
CD300A	11314
TPM4	7171
GRINA	2907
CMC1	152100
GNAS	2778
ATOX1	475
HSPA1B	3304
BST2	684
MATK	4145
CCL3	6348
CD14	929
ANXA5	308
AP2S1	1175
MT-CO2	4513
GAPDH	2597
LAT2	7462
TMSB4X	7114
JUND	3727
GNG5	2787
SYK	6850
APMAP	57136
TUBA1B	10376
MARCKS	4082
RAB31	11031
WSB1	26118
TENT5C	54855
IQGAP1	8826
PECAM1	5175
KLRD1	3824
LCP1	3936
POMP	51371
HSP90B1	7184
SERPINA1	5265
ARPC3	10094
MS4A6A	64231
ARPC2	10109
CD8B	926
RNF130	55819
HLA-DMB	3109
PTPRE	5791
APLP2	334
LGALS3	3958
CD83	9308
CD69	969
DNAJB1	3337
HSPA5	3309
HERPUD1	9709
FCGRT	2217
NPC2	10577
IER2	9592
GLUL	2752
AIF1	199
RHOA	387
CYBB	1536
SELENOK	58515
CTSC	1075
TLN1	7094
ZNF331	55422
AOAH	313
DDIT4	54541
CTSS	1520
GZMB	3002
NAMPT	10135
RAC1	5879
ATP6V0B	533
PRF1	5551
LYZ	4069
FOSB	2354
PTMS	5763
DBI	1622
IFI30	10437
FABP5	2171
FTL	2512
UBC	7316
MT-ND4	4538
CTSZ	1522
CTSD	1509
CD68	968
MEF2C	4208
GABARAP	11337
RGS2	5997
MT-CO1	4512
RHOC	389
KLF6	1316
DYNLL1	8655
TYMP	1890
RHOB	388
GADD45B	4616
GRN	2896
RGS1	5996
SPI1	6688
CDKN1A	1026
CEBPD	1052
CTSW	1521
NR4A1	3164
LYN	4067
HLA-DQB1	3119
FGR	2268
TNFAIP3	7128
PSAP	5660
FTH1	2495
GZMH	2999
ID2	3398
CD8A	925
DNAJA1	3301
ZFP36L1	677
NFKBIA	4792
EFHD2	79180
CCL4L2	9560
ABI3	51225
HLA-DRB5	3127
FCGR3A	2214
SERF2	10169
IFITM3	10410
CST3	1471
UBB	7314
PPP1R15A	23645
GZMA	3001
MYL6	4637
REL	5966
HSP90AA1	3320
LGALS1	3956
MAP3K8	1326
HLA-DMA	3108
BTG2	7832
SAT1	6303
HLA-DQA1	3117
DUSP2	1844
CST7	8530
CCL5	6352
OAZ1	4946
NR4A2	4929
CLIC1	1192
PLEK	5341
ZEB2	9839
FCER1G	2207
CD63	967
CYBA	1535
JUNB	3726
JUN	3725
ZFP36	7538
HLA-DRA	3122
GSTP1	2950
HLA-DPB1	3115
TYROBP	7305
NKG7	4818
HLA-DPA1	3113
CCL4	6351
HLA-DRB1	3123
FOS	2353
DUSP1	1843
SRGN	5552
CD74	972
