Cluster	ID	Description	GeneRatio	BgRatio	RichFactor	FoldEnrichment	zScore	pvalue	p.adjust	qvalue	geneID	Count
B/Plasma	GO:0050853	B cell receptor signaling pathway	29/318	70/15651	0.414285714285714	20.3898921832884	23.4144474534253	4.50792025710729e-31	2.57221929870542e-27	2.57221929870542e-27	FCMR/IGHD/PTPN6/CD72/IGLC3/FCGR2B/IGHG4/CD79A/BLK/IGHM/CD38/IGKC/SYK/STAP1/MEF2C/BLNK/MS4A1/PLCG2/IGHA2/BANK1/CD79B/CD19/LYN/LAT2/BTK/IGHG1/IGHA1/IGHG3/CD22	29
B/Plasma	GO:0042113	B cell activation	38/318	221/15651	0.171945701357466	8.46264833945189	16.0902693365725	1.63228435525518e-24	4.65690726554303e-21	4.65690726554303e-21	POU2AF1/PAX5/LAPTM5/CD180/CD27/FCRL1/FCGR2B/CXCR5/SPIB/DNAJB9/CD79A/IGHM/ZFP36L1/TNFRSF13C/XBP1/CD38/SYK/MEF2C/BLNK/MS4A1/FCRL5/PLCG2/CD74/IRF8/BANK1/CD40/MZB1/SLC39A7/CD79B/CD19/LYN/SYVN1/LAT2/TPD52/BTK/GAPT/TNFRSF13B/CD22	38
B/Plasma	GO:0050851	antigen receptor-mediated signaling pathway	36/318	196/15651	0.183673469387755	9.03985367731999	16.3116854816219	2.70551429079033e-24	5.14588818108321e-21	5.14588818108321e-21	LAPTM5/HLA-DPB1/FCMR/IGHD/PTPN6/CD72/IGLC3/FCGR2B/IGHG4/CCR7/CD79A/BLK/HLA-DQB1/IGHM/PDE4B/CD38/HLA-DRB1/IGKC/SYK/EZR/STAP1/MEF2C/BLNK/MS4A1/PLCG2/IGHA2/BANK1/CD79B/CD19/LYN/LAT2/BTK/IGHG1/IGHA1/IGHG3/CD22	36
B/Plasma	GO:0002768	immune response-regulating cell surface receptor signaling pathway	41/318	359/15651	0.114206128133705	5.62088085352394	12.7554860864236	1.75743597077232e-19	2.50698241230671e-16	2.50698241230671e-16	LAPTM5/HLA-DPB1/FCMR/IGHD/PTPN6/CD72/IGLC3/FCGR2B/IGHG4/CCR7/CD79A/BLK/HLA-DQB1/IGHM/PDE4B/CD38/HLA-DRB1/IGKC/SYK/EZR/STAP1/MEF2C/BLNK/MS4A1/CD24/LILRA4/PLCG2/IGHA2/BANK1/CD40/CD79B/CD19/LYN/FCER2/LAT2/BTK/IGHG1/SCIMP/IGHA1/IGHG3/CD22	41
B/Plasma	GO:0002429	immune response-activating cell surface receptor signaling pathway	38/318	314/15651	0.121019108280255	5.9561951688499	12.7761551869306	5.52741850223882e-19	6.30788999475494e-16	6.30788999475494e-16	LAPTM5/HLA-DPB1/FCMR/IGHD/PTPN6/CD72/IGLC3/FCGR2B/IGHG4/CCR7/CD79A/BLK/HLA-DQB1/IGHM/PDE4B/CD38/HLA-DRB1/IGKC/SYK/EZR/STAP1/MEF2C/BLNK/MS4A1/PLCG2/IGHA2/BANK1/CD79B/CD19/LYN/FCER2/LAT2/BTK/IGHG1/SCIMP/IGHA1/IGHG3/CD22	38
B/Plasma	GO:0002757	immune response-activating signaling pathway	47/318	500/15651	0.094	4.62639622641509	11.8685255838285	9.98307808440597e-19	9.49390725827007e-16	9.49390725827007e-16	LAPTM5/HLA-DPB1/FCMR/IGHD/PTPN6/CD72/IGLC3/IRF7/BIRC3/FCGR2B/IGHG4/CCR7/CD79A/BLK/HLA-DQB1/IGHM/PDE4B/CD38/APP/HLA-DRB1/IGKC/SYK/EZR/STAP1/MEF2C/BLNK/MS4A1/LILRA4/PLCG2/NOP53/IGHA2/HSP90B1/BANK1/CD79B/TIFA/TLR10/CD19/LYN/FCER2/LAT2/BTK/IGHG1/SCIMP/IGHA1/IGHG3/HSPA1B/CD22	47
B/Plasma	GO:0002399	MHC class II protein complex assembly	11/318	14/15651	0.785714285714286	38.6704851752022	20.3069956865121	7.07544333839105e-17	5.04655996110742e-14	5.04655996110742e-14	HLA-DRA/HLA-DPB1/HLA-DQA1/HLA-DOB/HLA-DRB5/HLA-DQB1/HLA-DRB1/HLA-DMB/HLA-DOA/HLA-DPA1/HLA-DMA	11
B/Plasma	GO:0002503	peptide antigen assembly with MHC class II protein complex	11/318	14/15651	0.785714285714286	38.6704851752022	20.3069956865121	7.07544333839105e-17	5.04655996110742e-14	5.04655996110742e-14	HLA-DRA/HLA-DPB1/HLA-DQA1/HLA-DOB/HLA-DRB5/HLA-DQB1/HLA-DRB1/HLA-DMB/HLA-DOA/HLA-DPA1/HLA-DMA	11
B/Plasma	GO:0002396	MHC protein complex assembly	12/318	19/15651	0.631578947368421	31.0844091360477	18.8959258768724	1.78704340121574e-16	1.0196869647337e-13	1.0196869647337e-13	HLA-DRA/HLA-DPB1/HLA-DQA1/HLA-DOB/TAPBPL/HLA-DRB5/HLA-DQB1/HLA-DRB1/HLA-DMB/HLA-DOA/HLA-DPA1/HLA-DMA	12
B/Plasma	GO:0002501	peptide antigen assembly with MHC protein complex	12/318	19/15651	0.631578947368421	31.0844091360477	18.8959258768724	1.78704340121574e-16	1.0196869647337e-13	1.0196869647337e-13	HLA-DRA/HLA-DPB1/HLA-DQA1/HLA-DOB/TAPBPL/HLA-DRB5/HLA-DQB1/HLA-DRB1/HLA-DMB/HLA-DOA/HLA-DPA1/HLA-DMA	12
B/Plasma	GO:0030183	B cell differentiation	22/318	113/15651	0.194690265486726	9.58206712305894	13.1853217886999	7.9527742773521e-16	4.12532091150646e-13	4.12532091150646e-13	POU2AF1/PAX5/LAPTM5/CD27/FCGR2B/SPIB/DNAJB9/CD79A/IGHM/ZFP36L1/XBP1/SYK/BLNK/MS4A1/PLCG2/IRF8/SLC39A7/CD79B/CD19/SYVN1/TPD52/BTK	22
B/Plasma	GO:0034976	response to endoplasmic reticulum stress	31/318	261/15651	0.118773946360153	5.84569507698981	11.3687885448181	1.96403268370224e-15	9.33897541100414e-13	9.33897541100414e-13	EIF2AK3/RACK1/HM13/FCGR2B/ERLEC1/DNAJB9/UBE2J1/ATF4/MANF/JUN/TMEM258/EEF2/XBP1/APP/PDIA4/HSPA5/DERL3/SELENOK/HSP90B1/PDIA6/SELENOS/SEL1L/DERL1/SEC61B/DNAJC3/EDEM2/SYVN1/CREB3L2/UFM1/HERPUD1/HYOU1	31
B/Plasma	GO:0019886	antigen processing and presentation of exogenous peptide antigen via MHC class II	12/318	25/15651	0.48	23.6241509433962	16.3033010111391	1.65335420412957e-14	7.25695314520254e-12	7.25695314520254e-12	HLA-DRA/HLA-DPB1/HLA-DQA1/HLA-DOB/FCGR2B/HLA-DRB5/HLA-DQB1/HLA-DRB1/HLA-DMB/HLA-DOA/HLA-DPA1/HLA-DMA	12
B/Plasma	GO:0051249	regulation of lymphocyte activation	38/318	437/15651	0.0869565217391304	4.27973748974569	10.0141769198675	3.42014757530684e-14	1.39395443319291e-11	1.39395443319291e-11	HLA-DRA/LAPTM5/HLA-DPB1/SMARCB1/HLA-DQA1/CD27/RIPOR2/PTPN6/HLA-DOB/FCGR2B/HLA-DRB5/GAS6/CCR7/HLA-DQB1/ZFP36L1/CD55/TNFRSF13C/XBP1/CD38/HLA-DRB1/SYK/MEF2C/HLA-DMB/CD24/CD69/RHOH/CD74/HLA-DOA/BANK1/HLA-DPA1/MZB1/IRF4/CD19/LYN/HLA-DMA/BTK/TNFRSF13B/CD22	38
B/Plasma	GO:1903131	mononuclear cell differentiation	37/318	425/15651	0.0870588235294118	4.28477247502775	9.8869880270524	7.36519461531769e-14	2.80172003166685e-11	2.80172003166685e-11	POU2AF1/HLA-DRA/PAX5/LAPTM5/SMARCB1/CD27/IRF7/FCGR2B/GAS6/CCR7/SPIB/DNAJB9/CD79A/IGHM/ZFP36L1/TRIB1/XBP1/APP/HLA-DRB1/SEMA4A/SYK/LY9/BLNK/MS4A1/CD69/RHOH/PLCG2/CD74/IRF8/SLC39A7/CD79B/IRF4/CD19/LYN/SYVN1/TPD52/BTK	37
B/Plasma	GO:0002495	antigen processing and presentation of peptide antigen via MHC class II	12/318	28/15651	0.428571428571429	21.0929919137466	15.3249325544623	9.1578237001648e-14	2.90303011295224e-11	2.90303011295224e-11	HLA-DRA/HLA-DPB1/HLA-DQA1/HLA-DOB/FCGR2B/HLA-DRB5/HLA-DQB1/HLA-DRB1/HLA-DMB/HLA-DOA/HLA-DPA1/HLA-DMA	12
B/Plasma	GO:0030970	retrograde protein transport, ER to cytosol	12/318	28/15651	0.428571428571429	21.0929919137466	15.3249325544623	9.1578237001648e-14	2.90303011295224e-11	2.90303011295224e-11	HM13/ERLEC1/UBE2J1/DERL3/HSP90B1/SELENOS/SEL1L/DERL1/SEC61B/EDEM2/SYVN1/HERPUD1	12
B/Plasma	GO:1903513	endoplasmic reticulum to cytosol transport	12/318	28/15651	0.428571428571429	21.0929919137466	15.3249325544623	9.1578237001648e-14	2.90303011295224e-11	2.90303011295224e-11	HM13/ERLEC1/UBE2J1/DERL3/HSP90B1/SELENOS/SEL1L/DERL1/SEC61B/EDEM2/SYVN1/HERPUD1	12
B/Plasma	GO:0030098	lymphocyte differentiation	33/318	348/15651	0.0948275862068965	4.66712752114509	9.96287102982273	1.65488803033564e-13	4.96989005320797e-11	4.96989005320797e-11	POU2AF1/HLA-DRA/PAX5/LAPTM5/SMARCB1/CD27/FCGR2B/GAS6/CCR7/SPIB/DNAJB9/CD79A/IGHM/ZFP36L1/XBP1/HLA-DRB1/SEMA4A/SYK/LY9/BLNK/MS4A1/CD69/RHOH/PLCG2/CD74/IRF8/SLC39A7/CD79B/IRF4/CD19/SYVN1/TPD52/BTK	33
B/Plasma	GO:0002478	antigen processing and presentation of exogenous peptide antigen	13/318	37/15651	0.351351351351351	17.2924528301887	14.2885253585364	1.81156803268978e-13	5.16840359726395e-11	5.16840359726395e-11	HLA-DRA/HLA-DPB1/HLA-DQA1/HLA-DOB/FCGR2B/HLA-DRB5/HLA-DQB1/HLA-DRB1/HLA-DMB/HLA-DOA/HLA-DPA1/HLA-DMA/MPEG1	13
B/Plasma	GO:0002504	antigen processing and presentation of peptide or polysaccharide antigen via MHC class II	12/318	30/15651	0.4	19.6867924528302	14.7536044725115	2.51057160981537e-13	6.82158171695548e-11	6.82158171695548e-11	HLA-DRA/HLA-DPB1/HLA-DQA1/HLA-DOB/FCGR2B/HLA-DRB5/HLA-DQB1/HLA-DRB1/HLA-DMB/HLA-DOA/HLA-DPA1/HLA-DMA	12
B/Plasma	GO:0002694	regulation of leukocyte activation	39/318	499/15651	0.0781563126252505	3.84661776382955	9.3068263387474	4.72462139968978e-13	1.225394986665e-10	1.225394986665e-10	HLA-DRA/LAPTM5/HLA-DPB1/SMARCB1/HLA-DQA1/CD27/RIPOR2/PTPN6/HLA-DOB/FCGR2B/HLA-DRB5/GAS6/CCR7/HLA-DQB1/ZFP36L1/CD55/TNFRSF13C/XBP1/CD38/HLA-DRB1/SYK/STAP1/MEF2C/HLA-DMB/CD24/CD69/RHOH/CD74/HLA-DOA/BANK1/HLA-DPA1/MZB1/IRF4/CD19/LYN/HLA-DMA/BTK/TNFRSF13B/CD22	39
B/Plasma	GO:0019882	antigen processing and presentation	18/318	99/15651	0.181818181818182	8.94854202401372	11.4253394330496	1.2250008396379e-12	3.03906730042341e-10	3.03906730042341e-10	HLA-DRA/HLA-DPB1/HLA-DQA1/HLA-DOB/TAPBPL/FCGR2B/HLA-DRB5/CCR7/SAR1B/HLA-DQB1/HLA-DRB1/HLA-DMB/CD74/HLA-DOA/HLA-DPA1/FCER2/HLA-DMA/MPEG1	18
B/Plasma	GO:0042100	B cell proliferation	16/318	74/15651	0.216216216216216	10.6415094339623	11.9722601035758	1.34458002338576e-12	3.19673900559965e-10	3.19673900559965e-10	CD180/FCGR2B/CD79A/TNFRSF13C/CD38/MEF2C/MS4A1/CD74/CD40/MZB1/CD19/LYN/BTK/GAPT/TNFRSF13B/CD22	16
B/Plasma	GO:0048002	antigen processing and presentation of peptide antigen	15/318	63/15651	0.238095238095238	11.7183288409704	12.2760688765912	1.51469631919645e-12	3.45714287893398e-10	3.45714287893398e-10	HLA-DRA/HLA-DPB1/HLA-DQA1/HLA-DOB/TAPBPL/FCGR2B/HLA-DRB5/SAR1B/HLA-DQB1/HLA-DRB1/HLA-DMB/HLA-DOA/HLA-DPA1/HLA-DMA/MPEG1	15
B/Plasma	GO:0019884	antigen processing and presentation of exogenous antigen	13/318	43/15651	0.302325581395349	14.8795524352786	13.1248160299428	1.66699265441252e-12	3.65840772541455e-10	3.65840772541455e-10	HLA-DRA/HLA-DPB1/HLA-DQA1/HLA-DOB/FCGR2B/HLA-DRB5/HLA-DQB1/HLA-DRB1/HLA-DMB/HLA-DOA/HLA-DPA1/HLA-DMA/MPEG1	13
B/Plasma	GO:0032527	protein exit from endoplasmic reticulum	13/318	45/15651	0.288888888888889	14.2182389937107	12.7876640613302	3.20797576238003e-12	6.77952211116314e-10	6.77952211116314e-10	HM13/ERLEC1/UBE2J1/SAR1B/DERL3/HSP90B1/SELENOS/SEL1L/DERL1/SEC61B/EDEM2/SYVN1/HERPUD1	13
B/Plasma	GO:0045047	protein targeting to ER	12/318	40/15651	0.3	14.7650943396226	12.5531000171354	1.35175218968924e-11	2.75467785513101e-09	2.75467785513101e-09	TRAM1/SEC61G/SRPRB/SPCS1/SEC61A1/HSPA5/SSR4/SEC61B/SPCS2/SSR3/SPCS3/HERPUD1	12
B/Plasma	GO:0051251	positive regulation of lymphocyte activation	27/318	280/15651	0.0964285714285714	4.74592318059299	9.10843963272085	2.0084481400278e-11	3.92426889820372e-09	3.92426889820373e-09	HLA-DRA/HLA-DPB1/SMARCB1/HLA-DQA1/CD27/PTPN6/HLA-DOB/HLA-DRB5/GAS6/CCR7/HLA-DQB1/CD55/TNFRSF13C/XBP1/CD38/HLA-DRB1/SYK/MEF2C/HLA-DMB/CD24/RHOH/CD74/HLA-DOA/HLA-DPA1/LYN/HLA-DMA/BTK	27
B/Plasma	GO:0046651	lymphocyte proliferation	24/318	220/15651	0.109090909090909	5.36912521440823	9.39866043396806	2.0632328592028e-11	3.92426889820372e-09	3.92426889820373e-09	LAPTM5/HLA-DPB1/CD180/RIPOR2/FCGR2B/CD79A/CD55/TNFRSF13C/CD38/HLA-DRB1/MEF2C/HLA-DMB/MS4A1/CD24/CD74/HLA-DPA1/CD40/MZB1/CD19/LYN/BTK/GAPT/TNFRSF13B/CD22	24
B/Plasma	GO:0032943	mononuclear cell proliferation	24/318	223/15651	0.10762331838565	5.2968948303579	9.30699549429468	2.75257236905801e-11	5.06650901220806e-09	5.06650901220806e-09	LAPTM5/HLA-DPB1/CD180/RIPOR2/FCGR2B/CD79A/CD55/TNFRSF13C/CD38/HLA-DRB1/MEF2C/HLA-DMB/MS4A1/CD24/CD74/HLA-DPA1/CD40/MZB1/CD19/LYN/BTK/GAPT/TNFRSF13B/CD22	24
B/Plasma	GO:0050867	positive regulation of cell activation	29/318	330/15651	0.0878787878787879	4.32512864493997	8.7918248799976	3.42996597128541e-11	6.07611893895899e-09	6.07611893895899e-09	HLA-DRA/HLA-DPB1/SMARCB1/HLA-DQA1/CD27/PTPN6/HLA-DOB/HLA-DRB5/GAS6/CCR7/HLA-DQB1/CD55/TNFRSF13C/XBP1/CD38/APP/HLA-DRB1/SYK/STAP1/MEF2C/HLA-DMB/CD24/RHOH/CD74/HLA-DOA/HLA-DPA1/LYN/HLA-DMA/BTK	29
B/Plasma	GO:0072599	establishment of protein localization to endoplasmic reticulum	12/318	43/15651	0.27906976744186	13.7349714787187	12.0424746103419	3.514054065644e-11	6.07611893895899e-09	6.07611893895899e-09	TRAM1/SEC61G/SRPRB/SPCS1/SEC61A1/HSPA5/SSR4/SEC61B/SPCS2/SSR3/SPCS3/HERPUD1	12
B/Plasma	GO:0050864	regulation of B cell activation	17/318	106/15651	0.160377358490566	7.89328942684229	10.2551317927696	4.26609472104419e-11	7.15951072890534e-09	7.15951072890534e-09	LAPTM5/CD27/FCGR2B/ZFP36L1/TNFRSF13C/XBP1/CD38/SYK/MEF2C/CD74/BANK1/MZB1/CD19/LYN/BTK/TNFRSF13B/CD22	17
B/Plasma	GO:0002696	positive regulation of leukocyte activation	28/318	312/15651	0.0897435897435897	4.41690856313498	8.7794901024011	4.64359614320297e-11	7.57038845517604e-09	7.57038845517604e-09	HLA-DRA/HLA-DPB1/SMARCB1/HLA-DQA1/CD27/PTPN6/HLA-DOB/HLA-DRB5/GAS6/CCR7/HLA-DQB1/CD55/TNFRSF13C/XBP1/CD38/HLA-DRB1/SYK/STAP1/MEF2C/HLA-DMB/CD24/RHOH/CD74/HLA-DOA/HLA-DPA1/LYN/HLA-DMA/BTK	28
B/Plasma	GO:0019724	B cell mediated immunity	20/318	160/15651	0.125	6.15212264150943	9.43329942903419	8.7283923195249e-11	1.3834501826447e-08	1.3834501826447e-08	FCMR/IGHD/CD27/IGHV4-34/IGLC3/FCGR2B/IGHG4/CD55/IGKC/IGLL5/CD74/IGHA2/CD40/CD19/FCER2/IGLC2/BTK/IGHG1/IGHA1/IGHG3	20
B/Plasma	GO:0002460	adaptive immune response based on somatic recombination of immune receptors built from immunoglobulin superfamily domains	29/318	350/15651	0.0828571428571429	4.07797843665768	8.3868108945088	1.41302026031608e-10	2.17910637982799e-08	2.17910637982799e-08	HLA-DRA/STX7/FCMR/IGHD/CD27/IGHV4-34/IGLC3/FCGR2B/IGHG4/CD55/HLA-DRB1/IGKC/SEMA4A/LY9/MEF2C/IGLL5/CD69/CD74/BACH2/IGHA2/CD40/IRF4/CD19/FCER2/IGLC2/BTK/IGHG1/IGHA1/IGHG3	29
B/Plasma	GO:0006959	humoral immune response	24/318	242/15651	0.0991735537190083	4.8810229221893	8.76241516504539	1.53472895253412e-10	2.30451668504202e-08	2.30451668504202e-08	POU2AF1/FCMR/IGHD/FCGR2B/IGHG4/CCR7/CD59/HLA-DQB1/IGHM/CD83/CD55/IGKV3-20/JCHAIN/APP/HLA-DRB1/FAU/POU2F2/MEF2C/BLNK/MS4A1/IGHA2/IGHG1/IGHA1/IGHG3	24
B/Plasma	GO:0002443	leukocyte mediated immunity	31/318	401/15651	0.0773067331670823	3.80480402766668	8.19401868513841	1.81192804478126e-10	2.65099010859535e-08	2.65099010859535e-08	HLA-DRA/STX7/FCMR/IGHD/CD27/IGHV4-34/IGLC3/SLAMF7/FCGR2B/IGHG4/CD55/HLA-DRB1/IGKC/SYK/STAP1/IGLL5/PLCG2/CD74/IGHA2/CD40/CD19/LYN/GZMB/FCER2/IGLC2/LAT2/BTK/IGHG1/SCIMP/IGHA1/IGHG3	31
B/Plasma	GO:0042110	T cell activation	34/318	479/15651	0.0709812108559499	3.49348091542916	7.98196007874371	2.23801637946471e-10	3.19253036530641e-08	3.19253036530641e-08	HLA-DRA/LAPTM5/HLA-DPB1/SMARCB1/HLA-DQA1/CD27/RIPOR2/PTPN6/HLA-DOB/SLAMF7/DDOST/FCGR2B/HLA-DRB5/CCR7/HLA-DQB1/ZFP36L1/CD55/TNFRSF13C/XBP1/CD38/HLA-DRB1/SEMA4A/LY9/HLA-DMB/CD24/CD69/RHOH/CD74/HLA-DOA/HSH2D/HLA-DPA1/IRF4/LYN/HLA-DMA	34
B/Plasma	GO:0070661	leukocyte proliferation	24/318	251/15651	0.0956175298804781	4.70600616402315	8.52392855129202	3.26547425284653e-10	4.54458441140056e-08	4.54458441140056e-08	LAPTM5/HLA-DPB1/CD180/RIPOR2/FCGR2B/CD79A/CD55/TNFRSF13C/CD38/HLA-DRB1/MEF2C/HLA-DMB/MS4A1/CD24/CD74/HLA-DPA1/CD40/MZB1/CD19/LYN/BTK/GAPT/TNFRSF13B/CD22	24
B/Plasma	GO:0006986	response to unfolded protein	18/318	143/15651	0.125874125874126	6.19514447816335	8.98762441942014	6.9467794885084e-10	9.43769613367355e-08	9.43769613367355e-08	EIF2AK3/RACK1/ERLEC1/DNAJB9/ATF4/MANF/XBP1/TRAM1/DNAJC4/HSPA5/DERL3/SELENOS/HSP90AB1/DERL1/DNAJC3/EDEM2/CREB3L2/HERPUD1	18
B/Plasma	GO:0016064	immunoglobulin mediated immune response	18/318	155/15651	0.116129032258065	5.71552038953135	8.49655426316436	2.60093022183511e-09	3.45137391762585e-07	3.45137391762585e-07	FCMR/IGHD/CD27/IGHV4-34/IGLC3/FCGR2B/IGHG4/CD55/IGKC/IGLL5/CD74/IGHA2/CD19/IGLC2/BTK/IGHG1/IGHA1/IGHG3	18
B/Plasma	GO:0050855	regulation of B cell receptor signaling pathway	8/318	20/15651	0.4	19.6867924528302	12.0424136657155	2.71048279445492e-09	3.5150033693545e-07	3.5150033693545e-07	FCMR/PTPN6/CD72/FCGR2B/STAP1/CD19/LYN/CD22	8
B/Plasma	GO:0050870	positive regulation of T cell activation	21/318	218/15651	0.0963302752293578	4.74108533841094	8.01046720715428	3.77094475835722e-09	4.78155795359696e-07	4.78155795359696e-07	HLA-DRA/HLA-DPB1/SMARCB1/HLA-DQA1/CD27/PTPN6/HLA-DOB/HLA-DRB5/CCR7/HLA-DQB1/CD55/TNFRSF13C/XBP1/HLA-DRB1/HLA-DMB/CD24/RHOH/HLA-DOA/HLA-DPA1/LYN/HLA-DMA	21
B/Plasma	GO:0035966	response to topologically incorrect protein	18/318	159/15651	0.113207547169811	5.57173371306515	8.34416546316153	3.92722146161177e-09	4.8714620999906e-07	4.8714620999906e-07	EIF2AK3/RACK1/ERLEC1/DNAJB9/ATF4/MANF/XBP1/TRAM1/DNAJC4/HSPA5/DERL3/SELENOS/HSP90AB1/DERL1/DNAJC3/EDEM2/CREB3L2/HERPUD1	18
B/Plasma	GO:0030968	endoplasmic reticulum unfolded protein response	14/318	91/15651	0.153846153846154	7.57184325108853	9.05441214659001	4.01593681534725e-09	4.87551818475987e-07	4.87551818475987e-07	EIF2AK3/RACK1/ERLEC1/DNAJB9/ATF4/MANF/XBP1/HSPA5/DERL3/SELENOS/DERL1/DNAJC3/EDEM2/HERPUD1	14
B/Plasma	GO:0036503	ERAD pathway	15/318	107/15651	0.14018691588785	6.89957679421619	8.81837405839084	4.17840512714517e-09	4.96707909489382e-07	4.96707909489382e-07	HM13/ERLEC1/DNAJB9/UBE2J1/XBP1/HSPA5/DERL3/HSP90B1/SELENOS/SEL1L/DERL1/SEC61B/EDEM2/SYVN1/HERPUD1	15
B/Plasma	GO:0002449	lymphocyte mediated immunity	25/318	315/15651	0.0793650793650794	3.90610961365678	7.50357765082706	6.69237387697259e-09	7.79320109020522e-07	7.79320109020522e-07	HLA-DRA/STX7/FCMR/IGHD/CD27/IGHV4-34/IGLC3/SLAMF7/FCGR2B/IGHG4/CD55/HLA-DRB1/IGKC/IGLL5/CD74/IGHA2/CD40/CD19/GZMB/FCER2/IGLC2/BTK/IGHG1/IGHA1/IGHG3	25
B/Plasma	GO:0007159	leukocyte cell-cell adhesion	27/318	379/15651	0.0712401055408971	3.5062229302534	7.11292958777351	1.64573946408331e-08	1.87811787641187e-06	1.87811787641187e-06	HLA-DRA/LAPTM5/HLA-DPB1/SMARCB1/HLA-DQA1/CD27/RIPOR2/PTPN6/HLA-DOB/HLA-DRB5/CCR7/HLA-DQB1/CD55/TNFRSF13C/XBP1/HLA-DRB1/SYK/EZR/HLA-DMB/CD24/CD69/RHOH/HLA-DOA/HLA-DPA1/SELL/LYN/HLA-DMA	27
B/Plasma	GO:0002263	cell activation involved in immune response	22/318	260/15651	0.0846153846153846	4.16451378809869	7.40998638937771	1.75494461696374e-08	1.96347333027355e-06	1.96347333027355e-06	POU2AF1/HLA-DRA/CD180/PTPN6/FCGR2B/XBP1/APP/HLA-DRB1/SEMA4A/SYK/LY9/HLA-DMB/CD69/PLCG2/CD74/IRF8/IRF4/CD19/LYN/LAT2/BTK/GAPT	22
B/Plasma	GO:0034620	cellular response to unfolded protein	14/318	102/15651	0.137254901960784	6.75527192008879	8.39792254584437	1.82848734113364e-08	2.00641322471318e-06	2.00641322471318e-06	EIF2AK3/RACK1/ERLEC1/DNAJB9/ATF4/MANF/XBP1/HSPA5/DERL3/SELENOS/DERL1/DNAJC3/EDEM2/HERPUD1	14
B/Plasma	GO:0050863	regulation of T cell activation	25/318	332/15651	0.0753012048192771	3.70609797681291	7.17719115835987	1.91931339810013e-08	2.06634004708666e-06	2.06634004708666e-06	HLA-DRA/LAPTM5/HLA-DPB1/SMARCB1/HLA-DQA1/CD27/RIPOR2/PTPN6/HLA-DOB/HLA-DRB5/CCR7/HLA-DQB1/CD55/TNFRSF13C/XBP1/HLA-DRB1/HLA-DMB/CD24/CD69/RHOH/HLA-DOA/HLA-DPA1/IRF4/LYN/HLA-DMA	25
B/Plasma	GO:1903039	positive regulation of leukocyte cell-cell adhesion	21/318	241/15651	0.0871369294605809	4.2886166131684	7.40930736755459	2.24016008661715e-08	2.36710249152546e-06	2.36710249152546e-06	HLA-DRA/HLA-DPB1/SMARCB1/HLA-DQA1/CD27/PTPN6/HLA-DOB/HLA-DRB5/CCR7/HLA-DQB1/CD55/TNFRSF13C/XBP1/HLA-DRB1/HLA-DMB/CD24/RHOH/HLA-DOA/HLA-DPA1/LYN/HLA-DMA	21
B/Plasma	GO:0031204	post-translational protein targeting to membrane, translocation	6/318	11/15651	0.545454545454545	26.8456260720412	12.3487269583712	2.84674053357889e-08	2.95336390629112e-06	2.95336390629112e-06	SEC61G/SEC61A1/HSPA5/SSR4/SEC61B/SSR3	6
B/Plasma	GO:0019731	antibacterial humoral response	11/318	64/15651	0.171875	8.45916863207547	8.61105390469459	5.84161460378538e-08	5.95218802307131e-06	5.95218802307131e-06	IGHD/IGHG4/IGHM/IGKV3-20/JCHAIN/APP/FAU/IGHA2/IGHG1/IGHA1/IGHG3	11
B/Plasma	GO:0002366	leukocyte activation involved in immune response	21/318	255/15651	0.0823529411764706	4.05316315205327	7.07902285443903	5.9648968530905e-08	5.97117569188323e-06	5.97117569188323e-06	POU2AF1/HLA-DRA/CD180/PTPN6/FCGR2B/XBP1/HLA-DRB1/SEMA4A/SYK/LY9/HLA-DMB/CD69/PLCG2/CD74/IRF8/IRF4/CD19/LYN/LAT2/BTK/GAPT	21
B/Plasma	GO:0050670	regulation of lymphocyte proliferation	18/318	191/15651	0.0942408376963351	4.63824953077151	7.28553726526198	7.04111739608557e-08	6.92700273483867e-06	6.92700273483867e-06	LAPTM5/HLA-DPB1/RIPOR2/FCGR2B/CD55/TNFRSF13C/CD38/HLA-DRB1/MEF2C/HLA-DMB/CD24/CD74/HLA-DPA1/MZB1/LYN/BTK/TNFRSF13B/CD22	18
B/Plasma	GO:0032944	regulation of mononuclear cell proliferation	18/318	193/15651	0.0932642487046632	4.5901847687946	7.2272980677235	8.25995467570893e-08	7.98835616603308e-06	7.98835616603308e-06	LAPTM5/HLA-DPB1/RIPOR2/FCGR2B/CD55/TNFRSF13C/CD38/HLA-DRB1/MEF2C/HLA-DMB/CD24/CD74/HLA-DPA1/MZB1/LYN/BTK/TNFRSF13B/CD22	18
B/Plasma	GO:0035967	cellular response to topologically incorrect protein	14/318	116/15651	0.120689655172414	5.93998048145738	7.69052099090973	9.64157685120601e-08	9.16913958549691e-06	9.16913958549691e-06	EIF2AK3/RACK1/ERLEC1/DNAJB9/ATF4/MANF/XBP1/HSPA5/DERL3/SELENOS/DERL1/DNAJC3/EDEM2/HERPUD1	14
B/Plasma	GO:1903037	regulation of leukocyte cell-cell adhesion	24/318	337/15651	0.0712166172106825	3.5050669055484	6.69494666673418	1.06778392466738e-07	9.98815585926573e-06	9.98815585926573e-06	HLA-DRA/LAPTM5/HLA-DPB1/SMARCB1/HLA-DQA1/CD27/RIPOR2/PTPN6/HLA-DOB/HLA-DRB5/CCR7/HLA-DQB1/CD55/TNFRSF13C/XBP1/HLA-DRB1/HLA-DMB/CD24/CD69/RHOH/HLA-DOA/HLA-DPA1/LYN/HLA-DMA	24
B/Plasma	GO:0002455	humoral immune response mediated by circulating immunoglobulin	9/318	43/15651	0.209302325581395	10.3012286090391	8.79545035153922	1.61906075141628e-07	1.49005816896473e-05	1.49005816896473e-05	FCMR/IGHD/FCGR2B/IGHG4/CD55/IGHA2/IGHG1/IGHA1/IGHG3	9
B/Plasma	GO:0002468	dendritic cell antigen processing and presentation	6/318	14/15651	0.428571428571429	21.0929919137466	10.8315116788083	1.75727573820001e-07	1.58025910693963e-05	1.58025910693963e-05	HLA-DRA/FCGR2B/CCR7/HLA-DRB1/CD74/MPEG1	6
B/Plasma	GO:0050854	regulation of antigen receptor-mediated signaling pathway	11/318	71/15651	0.154929577464789	7.62516609088493	8.05748268958501	1.77246026715976e-07	1.58025910693963e-05	1.58025910693963e-05	LAPTM5/FCMR/PTPN6/CD72/FCGR2B/CCR7/EZR/STAP1/CD19/LYN/CD22	11
B/Plasma	GO:0030888	regulation of B cell proliferation	10/318	57/15651	0.175438596491228	8.63455809334657	8.3157175566328	1.92962897799384e-07	1.69391737668197e-05	1.69391737668197e-05	FCGR2B/TNFRSF13C/CD38/MEF2C/CD74/MZB1/LYN/BTK/TNFRSF13B/CD22	10
B/Plasma	GO:1902235	regulation of endoplasmic reticulum stress-induced intrinsic apoptotic signaling pathway	8/318	33/15651	0.242424242424242	11.9313893653516	9.05267204968515	2.37287747256398e-07	2.0514604330985e-05	2.0514604330985e-05	EIF2AK3/FCGR2B/XBP1/APP/SELENOS/SYVN1/HERPUD1/HYOU1	8
B/Plasma	GO:0032635	interleukin-6 production	14/318	126/15651	0.111111111111111	5.4685534591195	7.25259772109316	2.73479075493407e-07	2.2948111834785e-05	2.2948111834785e-05	POU2AF1/LAPTM5/PTPN6/GAS6/XBP1/APP/SYK/POU2F2/PLCG2/CD74/SELENOK/SELENOS/BTK/SCIMP	14
B/Plasma	GO:0032675	regulation of interleukin-6 production	14/318	126/15651	0.111111111111111	5.4685534591195	7.25259772109316	2.73479075493407e-07	2.2948111834785e-05	2.2948111834785e-05	POU2AF1/LAPTM5/PTPN6/GAS6/XBP1/APP/SYK/POU2F2/PLCG2/CD74/SELENOK/SELENOS/BTK/SCIMP	14
B/Plasma	GO:1905897	regulation of response to endoplasmic reticulum stress	12/318	92/15651	0.130434782608696	6.41960623461854	7.5080640710814	3.41284646564287e-07	2.82227564245771e-05	2.82227564245771e-05	EIF2AK3/RACK1/FCGR2B/DNAJB9/MANF/XBP1/APP/HSPA5/SELENOS/SYVN1/HERPUD1/HYOU1	12
B/Plasma	GO:0070663	regulation of leukocyte proliferation	18/318	214/15651	0.0841121495327103	4.13974607652971	6.6600443945541	3.91707631810582e-07	3.1929767815874e-05	3.1929767815874e-05	LAPTM5/HLA-DPB1/RIPOR2/FCGR2B/CD55/TNFRSF13C/CD38/HLA-DRB1/MEF2C/HLA-DMB/CD24/CD74/HLA-DPA1/MZB1/LYN/BTK/TNFRSF13B/CD22	18
B/Plasma	GO:0022409	positive regulation of cell-cell adhesion	21/318	287/15651	0.0731707317073171	3.60124252185918	6.40511316037608	4.37076981162287e-07	3.51262148522818e-05	3.51262148522818e-05	HLA-DRA/HLA-DPB1/SMARCB1/HLA-DQA1/CD27/PTPN6/HLA-DOB/HLA-DRB5/CCR7/HLA-DQB1/CD55/TNFRSF13C/XBP1/HLA-DRB1/HLA-DMB/CD24/RHOH/HLA-DOA/HLA-DPA1/LYN/HLA-DMA	21
B/Plasma	GO:0006613	cotranslational protein targeting to membrane	7/318	25/15651	0.28	13.7807547169811	9.21000270117538	4.69750574573071e-07	3.72277330349159e-05	3.72277330349159e-05	TRAM1/SEC61G/SRPRB/SEC61A1/SIL1/SEC61B/SSR3	7
B/Plasma	GO:0070059	intrinsic apoptotic signaling pathway in response to endoplasmic reticulum stress	10/318	63/15651	0.158730158730159	7.81221922731357	7.80226784209856	5.12726137864782e-07	4.00769225021431e-05	4.00769225021431e-05	EIF2AK3/FCGR2B/ATF4/XBP1/APP/SELENOK/SELENOS/SYVN1/HERPUD1/HYOU1	10
B/Plasma	GO:0071216	cellular response to biotic stimulus	18/318	221/15651	0.081447963800905	4.00862289763511	6.48691329848775	6.29822819613996e-07	4.85644460637495e-05	4.85644460637495e-05	EIF2AK3/CD180/PTPN6/CD55/TRIB1/PDE4B/XBP1/SYK/STAP1/MEF2C/PLCG2/SELENOS/LY86/CD40/TLR10/LYN/BTK/SCIMP	18
B/Plasma	GO:0050859	negative regulation of B cell receptor signaling pathway	5/318	10/15651	0.5	24.6084905660377	10.7545718645935	7.77870739084169e-07	5.91804058295235e-05	5.91804058295236e-05	PTPN6/CD72/FCGR2B/LYN/CD22	5
B/Plasma	GO:0006620	post-translational protein targeting to endoplasmic reticulum membrane	6/318	18/15651	0.333333333333333	16.4056603773585	9.41786739410439	1.01413188849076e-06	7.53416692821387e-05	7.53416692821387e-05	SEC61G/SEC61A1/HSPA5/SSR4/SEC61B/SSR3	6
B/Plasma	GO:0032755	positive regulation of interleukin-6 production	11/318	84/15651	0.130952380952381	6.44508086253369	7.20607332715363	1.01670321323601e-06	7.53416692821387e-05	7.53416692821387e-05	POU2AF1/LAPTM5/XBP1/APP/SYK/POU2F2/PLCG2/CD74/SELENOK/BTK/SCIMP	11
B/Plasma	GO:0001819	positive regulation of cytokine production	27/318	468/15651	0.0576923076923077	2.8394412191582	5.8181807323437	1.14961598344413e-06	8.40988307888746e-05	8.40988307888746e-05	EIF2AK3/POU2AF1/LAPTM5/HLA-DPB1/IGHD/IRF7/FCGR2B/CCR7/ATF4/CD55/PDE4B/XBP1/APP/SYK/LY9/POU2F2/LTB/PLCG2/CD74/SELENOK/HLA-DPA1/IRF4/TMED10/BTK/SCIMP/UAP1/HSPA1B	27
B/Plasma	GO:0002697	regulation of immune effector process	22/318	332/15651	0.0662650602409639	3.26136621959536	5.99766075587869	1.24050113009366e-06	8.95987271938533e-05	8.95987271938533e-05	HLA-DRA/LAPTM5/STX7/PTPN6/FCGR2B/CD59/DNAJB9/CD55/XBP1/HLA-DRB1/SYK/STAP1/HLA-DMB/CD69/PLCG2/CD74/NCF1/MZB1/LYN/BTK/SCIMP/CD22	22
B/Plasma	GO:0022407	regulation of cell-cell adhesion	26/318	447/15651	0.058165548098434	2.86273268329745	5.75416788619832	1.57171893769231e-06	0.000112102853230904	0.000112102853230904	HLA-DRA/LAPTM5/HLA-DPB1/SMARCB1/SWAP70/HLA-DQA1/CD27/RIPOR2/PTPN6/HLA-DOB/HLA-DRB5/CCR7/HLA-DQB1/CD55/TNFRSF13C/XBP1/HLA-DRB1/SYK/HLA-DMB/CD24/CD69/RHOH/HLA-DOA/HLA-DPA1/LYN/HLA-DMA	26
B/Plasma	GO:0006614	SRP-dependent cotranslational protein targeting to membrane	6/318	20/15651	0.3	14.7650943396226	8.87070162542685	2.0459277319103e-06	0.000144124242447904	0.000144124242447904	TRAM1/SEC61G/SRPRB/SEC61A1/SEC61B/SSR3	6
B/Plasma	GO:0002237	response to molecule of bacterial origin	20/318	293/15651	0.068259385665529	3.3595208963874	5.87147842708703	2.42831796019019e-06	0.000168975393668844	0.000168975393668845	CD180/PTPN6/NR4A1/CCR7/CD55/TRIB1/PDE4B/XBP1/STAP1/MEF2C/CD24/PLCG2/SELENOS/LY86/CD40/IFNAR1/TLR10/LYN/BTK/SCIMP	20
B/Plasma	GO:0002577	regulation of antigen processing and presentation	6/318	21/15651	0.285714285714286	14.0619946091644	8.62574910223515	2.81555362457004e-06	0.000193560831105984	0.000193560831105984	HLA-DOB/TAPBPL/FCGR2B/CCR7/CD74/HLA-DOA	6
B/Plasma	GO:0002285	lymphocyte activation involved in immune response	15/318	176/15651	0.0852272727272727	4.19462907375643	6.13788303195013	3.12988382724271e-06	0.000212608537121987	0.000212608537121987	POU2AF1/HLA-DRA/CD180/FCGR2B/XBP1/HLA-DRB1/SEMA4A/LY9/HLA-DMB/CD69/CD74/IRF8/IRF4/CD19/GAPT	15
B/Plasma	GO:0002861	regulation of inflammatory response to antigenic stimulus	7/318	34/15651	0.205882352941176	10.1329078801332	7.67727139863259	4.4927547640769e-06	0.000294662743492216	0.000294662743492216	FCGR2B/CCR7/HLA-DRB1/SYK/SELENOS/LYN/BTK	7
B/Plasma	GO:0045730	respiratory burst	7/318	34/15651	0.205882352941176	10.1329078801332	7.67727139863259	4.4927547640769e-06	0.000294662743492216	0.000294662743492216	CD52/CD55/JCHAIN/CD24/NCF1/IGHA2/IGHA1	7
B/Plasma	GO:0065002	intracellular protein transmembrane transport	7/318	34/15651	0.205882352941176	10.1329078801332	7.67727139863259	4.4927547640769e-06	0.000294662743492216	0.000294662743492216	TRAM1/SEC61G/SEC61A1/HSPA5/SSR4/SEC61B/SSR3	7
B/Plasma	GO:2000106	regulation of leukocyte apoptotic process	9/318	63/15651	0.142857142857143	7.03099730458221	6.90750763520002	4.75687341857805e-06	0.000308439996890981	0.000308439996890981	IRF7/GAS6/CCR7/MEF2C/CD74/SELENOS/TSC22D3/LYN/BTK	9
B/Plasma	GO:0006457	protein folding	16/318	208/15651	0.0769230769230769	3.78592162554427	5.8249458095235	5.57723799348124e-06	0.000357569887537123	0.000357569887537123	LMAN1/DNAJB11/DNAJC4/PDIA4/SIL1/TXNDC5/CD74/HSPA5/SDF2L1/HSP90B1/PDIA6/HSPA13/HSP90AB1/DNAJC3/PPIB/HSPA1B	16
B/Plasma	GO:0001782	B cell homeostasis	5/318	14/15651	0.357142857142857	17.5774932614555	8.93641487726749	5.77896051676735e-06	0.000364275420221931	0.000364275420221931	MEF2C/CD74/LYN/GAPT/TNFRSF13B	5
B/Plasma	GO:1903573	negative regulation of response to endoplasmic reticulum stress	8/318	49/15651	0.163265306122449	8.0354254909511	7.1032227562043	5.80950985632593e-06	0.000364275420221931	0.000364275420221931	RACK1/DNAJB9/XBP1/HSPA5/SELENOS/SYVN1/HERPUD1/HYOU1	8
B/Plasma	GO:0006487	protein N-linked glycosylation	10/318	82/15651	0.121951219512195	6.0020708697653	6.54008767657999	6.10308571336737e-06	0.000378523990005155	0.000378523990005155	STT3A/DDOST/OSTC/UBE2J1/TMEM258/RPN1/RPN2/DERL3/KRTCAP2/ALG5	10
B/Plasma	GO:0019221	cytokine-mediated signaling pathway	26/318	482/15651	0.053941908713693	2.65485790338996	5.31450616247492	6.19671686388297e-06	0.000380198563713078	0.000380198563713078	LAPTM5/PTPN6/IRF7/BIRC3/CXCR5/GAS6/TNFRSF17/CIITA/CCR7/UGCG/TNFRSF13C/CXCR4/SYK/SP100/EZR/STAP1/CD24/LILRA4/CD74/CD40/IFNAR1/TIFA/LYN/ZBP1/CCR10/HSPA1B	26
B/Plasma	GO:0050869	negative regulation of B cell activation	6/318	24/15651	0.25	12.3042452830189	7.98116979484501	6.63338704949146e-06	0.000402660707493599	0.000402660707493599	LAPTM5/FCGR2B/BANK1/LYN/BTK/TNFRSF13B	6
B/Plasma	GO:0038095	Fc-epsilon receptor signaling pathway	6/318	25/15651	0.24	11.8120754716981	7.79134303918265	8.57979856788675e-06	0.000515329796088019	0.000515329796088019	SYK/LILRA4/PLCG2/LYN/FCER2/BTK	6
B/Plasma	GO:0006958	complement activation, classical pathway	7/318	38/15651	0.184210526315789	9.0662859980139	7.16934364657968	9.8300091854378e-06	0.00058427117095946	0.00058427117095946	IGHD/IGHG4/CD55/IGHA2/IGHG1/IGHA1/IGHG3	7
B/Plasma	GO:0006605	protein targeting	15/318	194/15651	0.077319587628866	3.80543668546975	5.66233938690591	1.02945154342975e-05	0.000605572217196923	0.000605572217196923	LAPTM5/TRAM1/SEC61G/SRPRB/SPCS1/SEC61A1/SIL1/HSPA5/NCF1/SSR4/SEC61B/SPCS2/SSR3/SPCS3/HERPUD1	15
B/Plasma	GO:0002437	inflammatory response to antigenic stimulus	8/318	53/15651	0.150943396226415	7.42897828408686	6.75153617069116	1.06400412269739e-05	0.000619510971848095	0.000619510971848095	FCGR2B/CCR7/HLA-DRB1/SYK/SELENOS/LYN/BTK/IGHG1	8
B/Plasma	GO:0002683	negative regulation of immune system process	25/318	469/15651	0.0533049040511727	2.62350645693366	5.14082844378114	1.15082884355443e-05	0.000663295897103192	0.000663295897103192	LAPTM5/RIPOR2/PTPN6/HLA-DOB/CD72/TAPBPL/FCGR2B/CD59/CD55/TRIB1/HLA-DRB1/SYK/EZR/STAP1/LILRA4/CD69/HLA-DOA/BANK1/SELENOS/TSC22D3/LYN/BTK/DUSP1/TNFRSF13B/CD22	25
B/Plasma	GO:0071219	cellular response to molecule of bacterial origin	15/318	199/15651	0.0753768844221105	3.70982269839765	5.54028655378244	1.39633792723674e-05	0.000789348275583279	0.000789348275583279	CD180/PTPN6/CD55/TRIB1/PDE4B/XBP1/STAP1/MEF2C/PLCG2/SELENOS/LY86/CD40/TLR10/LYN/SCIMP	15
B/Plasma	GO:0001961	positive regulation of cytokine-mediated signaling pathway	8/318	55/15651	0.145454545454545	7.15883361921098	6.58916474930139	1.41103266928662e-05	0.000789348275583279	0.000789348275583279	LAPTM5/GAS6/CXCR4/EZR/CD74/CD40/ZBP1/HSPA1B	8
B/Plasma	GO:0031663	lipopolysaccharide-mediated signaling pathway	8/318	55/15651	0.145454545454545	7.15883361921098	6.58916474930139	1.41103266928662e-05	0.000789348275583279	0.000789348275583279	CD180/PTPN6/CD55/TRIB1/PLCG2/LY86/LYN/SCIMP	8
B/Plasma	GO:0006888	endoplasmic reticulum to Golgi vesicle-mediated transport	12/318	133/15651	0.0902255639097744	4.44062987657824	5.73856183945205	1.71750058474888e-05	0.000951461974424964	0.000951461974424964	TMED2/LMAN1/LMAN2/SAR1B/BET1/TMED9/TMED10/CREB3L2/ERGIC2/ERGIC3/HYOU1/ARF4	12
B/Plasma	GO:0032496	response to lipopolysaccharide	18/318	280/15651	0.0642857142857143	3.16394878706199	5.26177285144793	1.76157995238952e-05	0.00096649761618602	0.00096649761618602	CD180/PTPN6/NR4A1/CCR7/CD55/TRIB1/PDE4B/XBP1/STAP1/MEF2C/PLCG2/SELENOS/LY86/CD40/IFNAR1/LYN/BTK/SCIMP	18
B/Plasma	GO:0001776	leukocyte homeostasis	9/318	74/15651	0.121621621621622	5.98584905660377	6.19113450561623	1.82661313490498e-05	0.00099263376645408	0.00099263376645408	PDE4B/MEF2C/LTB/CD74/TSC22D3/LYN/BTK/GAPT/TNFRSF13B	9
B/Plasma	GO:0038093	Fc receptor signaling pathway	8/318	57/15651	0.140350877192982	6.90764647467726	6.43472993553701	1.84868072299324e-05	0.000995148321264095	0.000995148321264095	FCMR/FCGR2B/SYK/LILRA4/PLCG2/LYN/FCER2/BTK	8
B/Plasma	GO:0045785	positive regulation of cell adhesion	23/318	423/15651	0.0543735224586288	2.67610062893082	5.03275746567172	1.89850353443596e-05	0.00101241693154127	0.00101241693154127	HLA-DRA/HLA-DPB1/SMARCB1/HLA-DQA1/CD27/PTPN6/HLA-DOB/HLA-DRB5/ANKRD28/CCR7/HLA-DQB1/CD55/TNFRSF13C/XBP1/HLA-DRB1/SYK/HLA-DMB/CD24/RHOH/HLA-DOA/HLA-DPA1/LYN/HLA-DMA	23
B/Plasma	GO:0006956	complement activation	8/318	58/15651	0.137931034482759	6.78854912166558	6.36027719386288	2.10703578724797e-05	0.00111321724092934	0.00111321724092934	IGHD/IGHG4/CD59/CD55/IGHA2/IGHG1/IGHA1/IGHG3	8
B/Plasma	GO:0031664	regulation of lipopolysaccharide-mediated signaling pathway	6/318	29/15651	0.206896551724138	10.1828236824984	7.1279409121032	2.14890308253036e-05	0.00112492119164388	0.00112492119164388	CD180/PTPN6/CD55/TRIB1/LY86/SCIMP	6
B/Plasma	GO:0050858	negative regulation of antigen receptor-mediated signaling pathway	7/318	44/15651	0.159090909090909	7.82997427101201	6.53345424225132	2.68882687151352e-05	0.00139476782989601	0.00139476782989601	LAPTM5/PTPN6/CD72/FCGR2B/EZR/LYN/CD22	7
B/Plasma	GO:0097190	apoptotic signaling pathway	25/318	495/15651	0.0505050505050505	2.48570611778159	4.8372705238526	2.84705010727352e-05	0.00146353764973898	0.00146353764973898	EIF2AK3/RACK1/LAPTM5/CD27/BIRC3/FCGR2B/ATF4/XBP1/CD38/APP/ITM2C/SYK/SP100/LTB/CD24/CD74/PYCR1/SELENOK/SELENOS/SYVN1/PDK1/BTK/HERPUD1/HSPA1B/HYOU1	25
B/Plasma	GO:0060760	positive regulation of response to cytokine stimulus	8/318	61/15651	0.131147540983607	6.45468605010826	6.14707882801453	3.07058561378645e-05	0.00155889232017193	0.00155889232017193	LAPTM5/GAS6/CXCR4/EZR/CD74/CD40/ZBP1/HSPA1B	8
B/Plasma	GO:1902236	negative regulation of endoplasmic reticulum stress-induced intrinsic apoptotic signaling pathway	5/318	19/15651	0.263157894736842	12.9518371400199	7.50691255623361	3.08718598281507e-05	0.00155889232017193	0.00155889232017193	XBP1/SELENOS/SYVN1/HERPUD1/HYOU1	5
B/Plasma	GO:0002864	regulation of acute inflammatory response to antigenic stimulus	4/318	10/15651	0.4	19.6867924528302	8.51254982992478	3.18856667665746e-05	0.0015684449531903	0.0015684449531903	FCGR2B/CCR7/SELENOS/BTK	4
B/Plasma	GO:0006616	SRP-dependent cotranslational protein targeting to membrane, translocation	4/318	10/15651	0.4	19.6867924528302	8.51254982992478	3.18856667665746e-05	0.0015684449531903	0.0015684449531903	TRAM1/SEC61G/SEC61A1/SEC61B	4
B/Plasma	GO:0071287	cellular response to manganese ion	4/318	10/15651	0.4	19.6867924528302	8.51254982992478	3.18856667665746e-05	0.0015684449531903	0.0015684449531903	EIF2AK3/ATF4/APP/HSP90B1	4
B/Plasma	GO:1903706	regulation of hemopoiesis	20/318	350/15651	0.0571428571428571	2.81239892183288	4.93838645579652	3.33329353093361e-05	0.00162562161431685	0.00162562161431685	HLA-DRA/KLF13/SMARCB1/CD27/IRF7/FCGR2B/GAS6/ZFP36L1/TRIB1/XBP1/HLA-DRB1/SYK/MEF2C/CD69/RHOH/CD74/IRF4/LYN/BTK/HSPA1B	20
B/Plasma	GO:0071222	cellular response to lipopolysaccharide	14/318	190/15651	0.0736842105263158	3.62651439920556	5.24559745008026	3.47162550114591e-05	0.00167873687368971	0.00167873687368971	CD180/PTPN6/CD55/TRIB1/PDE4B/XBP1/STAP1/MEF2C/PLCG2/SELENOS/LY86/CD40/LYN/SCIMP	14
B/Plasma	GO:0071887	leukocyte apoptotic process	9/318	82/15651	0.109756097560976	5.40186378278877	5.75533130764127	4.20175267640295e-05	0.00201472275391221	0.00201472275391221	IRF7/GAS6/CCR7/MEF2C/CD74/SELENOS/TSC22D3/LYN/BTK	9
B/Plasma	GO:0050871	positive regulation of B cell activation	8/318	65/15651	0.123076923076923	6.05747460087083	5.88410231563593	4.90535889036495e-05	0.00233249815236853	0.00233249815236853	CD27/TNFRSF13C/XBP1/CD38/SYK/MEF2C/CD74/BTK	8
B/Plasma	GO:0097193	intrinsic apoptotic signaling pathway	17/318	278/15651	0.0611510791366906	3.00967150807656	4.86883798059505	5.64861247052637e-05	0.00266371758320855	0.00266371758320855	EIF2AK3/RACK1/LAPTM5/BIRC3/FCGR2B/ATF4/XBP1/APP/CD24/CD74/PYCR1/SELENOK/SELENOS/SYVN1/PDK1/HERPUD1/HYOU1	17
B/Plasma	GO:1902105	regulation of leukocyte differentiation	17/318	281/15651	0.0604982206405694	2.97753978379104	4.8172437130862	6.45267376039598e-05	0.00299717984717858	0.00299717984717858	HLA-DRA/SMARCB1/CD27/IRF7/FCGR2B/GAS6/ZFP36L1/TRIB1/XBP1/HLA-DRB1/SYK/CD69/RHOH/CD74/IRF4/LYN/BTK	17
B/Plasma	GO:2001242	regulation of intrinsic apoptotic signaling pathway	12/318	152/15651	0.0789473684210526	3.88555114200596	5.14820573261565	6.46079777782975e-05	0.00299717984717858	0.00299717984717858	EIF2AK3/RACK1/FCGR2B/ATF4/XBP1/APP/CD74/PYCR1/SELENOS/SYVN1/HERPUD1/HYOU1	12
B/Plasma	GO:0032735	positive regulation of interleukin-12 production	6/318	35/15651	0.171428571428571	8.43719676549865	6.34330446139742	6.62692500226296e-05	0.00301147335939071	0.00301147335939071	LAPTM5/CCR7/SYK/LTB/PLCG2/SCIMP	6
B/Plasma	GO:2000107	negative regulation of leukocyte apoptotic process	6/318	35/15651	0.171428571428571	8.43719676549865	6.34330446139742	6.62692500226296e-05	0.00301147335939071	0.00301147335939071	IRF7/GAS6/CCR7/CD74/SELENOS/TSC22D3	6
B/Plasma	GO:0002438	acute inflammatory response to antigenic stimulus	5/318	22/15651	0.227272727272727	11.1856775300172	6.88482380848245	6.64994117215615e-05	0.00301147335939071	0.00301147335939071	FCGR2B/CCR7/SELENOS/BTK/IGHG1	5
B/Plasma	GO:0070665	positive regulation of leukocyte proliferation	11/318	131/15651	0.083969465648855	4.13272360651015	5.18524202439803	7.45109125542377e-05	0.00334771076405103	0.00334771076405103	HLA-DPB1/CD55/TNFRSF13C/CD38/MEF2C/HLA-DMB/CD24/CD74/HLA-DPA1/LYN/BTK	11
B/Plasma	GO:0001959	regulation of cytokine-mediated signaling pathway	12/318	155/15651	0.0774193548387097	3.81034692635423	5.06376034575031	7.80701151711318e-05	0.00348021935286311	0.00348021935286311	LAPTM5/PTPN6/GAS6/CXCR4/SYK/EZR/STAP1/CD24/CD74/CD40/ZBP1/HSPA1B	12
B/Plasma	GO:0003094	glomerular filtration	5/318	23/15651	0.217391304347826	10.6993437243642	6.70365614920664	8.35656132424227e-05	0.00369632084621135	0.00369632084621135	GAS6/IGKV3-20/JCHAIN/IGHA2/IGHA1	5
B/Plasma	GO:0006612	protein targeting to membrane	10/318	112/15651	0.0892857142857143	4.39437331536388	5.19175566770066	9.44138311885551e-05	0.00414404092893766	0.00414404092893766	TRAM1/SEC61G/SRPRB/SEC61A1/SIL1/HSPA5/NCF1/SSR4/SEC61B/SSR3	10
B/Plasma	GO:0071806	protein transmembrane transport	8/318	72/15651	0.111111111111111	5.4685534591195	5.47293865930455	0.000102861332539193	0.0044047085710161	0.0044047085710161	TRAM1/SEC61G/SEC61A1/HSPA5/SSR4/SEC61B/TMED10/SSR3	8
B/Plasma	GO:0002327	immature B cell differentiation	4/318	13/15651	0.307692307692308	15.1436865021771	7.34684464443772	0.000103440404576964	0.0044047085710161	0.0044047085710161	LAPTM5/SPIB/IGHM/SYVN1	4
B/Plasma	GO:0045579	positive regulation of B cell differentiation	4/318	13/15651	0.307692307692308	15.1436865021771	7.34684464443772	0.000103440404576964	0.0044047085710161	0.0044047085710161	CD27/XBP1/SYK/BTK	4
B/Plasma	GO:1904152	regulation of retrograde protein transport, ER to cytosol	4/318	13/15651	0.307692307692308	15.1436865021771	7.34684464443772	0.000103440404576964	0.0044047085710161	0.0044047085710161	ERLEC1/UBE2J1/DERL3/EDEM2	4
B/Plasma	GO:0006890	retrograde vesicle-mediated transport, Golgi to endoplasmic reticulum	7/318	54/15651	0.12962962962963	6.37997903563941	5.70314075567022	0.000104452805585649	0.00441487191608675	0.00441487191608675	KDELR2/KDELR1/LMAN2/TMED10/ERGIC2/ERGIC3/ARF4	7
B/Plasma	GO:2001243	negative regulation of intrinsic apoptotic signaling pathway	9/318	93/15651	0.0967741935483871	4.76293365794279	5.24141220192622	0.000113470568192599	0.00476075780961007	0.00476075780961007	RACK1/ATF4/XBP1/CD74/PYCR1/SELENOS/SYVN1/HERPUD1/HYOU1	9
B/Plasma	GO:0050671	positive regulation of lymphocyte proliferation	10/318	116/15651	0.0862068965517241	4.24284320104099	5.0484316287171	0.000126711223295444	0.00523879437285145	0.00523879437285145	HLA-DPB1/CD55/TNFRSF13C/CD38/MEF2C/HLA-DMB/CD24/CD74/HLA-DPA1/BTK	10
B/Plasma	GO:0070861	regulation of protein exit from endoplasmic reticulum	5/318	25/15651	0.2	9.84339622641509	6.37268337718991	0.000127618720263994	0.00523879437285145	0.00523879437285145	ERLEC1/UBE2J1/SAR1B/DERL3/EDEM2	5
B/Plasma	GO:0097205	renal filtration	5/318	25/15651	0.2	9.84339622641509	6.37268337718991	0.000127618720263994	0.00523879437285145	0.00523879437285145	GAS6/IGKV3-20/JCHAIN/IGHA2/IGHA1	5
B/Plasma	GO:0060759	regulation of response to cytokine stimulus	12/318	164/15651	0.0731707317073171	3.60124252185918	4.82254493148041	0.000133916253518268	0.00538117001813548	0.00538117001813548	LAPTM5/PTPN6/GAS6/CXCR4/SYK/EZR/STAP1/CD24/CD74/CD40/ZBP1/HSPA1B	12
B/Plasma	GO:1902107	positive regulation of leukocyte differentiation	12/318	164/15651	0.0731707317073171	3.60124252185918	4.82254493148041	0.000133916253518268	0.00538117001813548	0.00538117001813548	HLA-DRA/SMARCB1/CD27/GAS6/ZFP36L1/TRIB1/XBP1/HLA-DRB1/SYK/RHOH/CD74/BTK	12
B/Plasma	GO:1903708	positive regulation of hemopoiesis	12/318	164/15651	0.0731707317073171	3.60124252185918	4.82254493148041	0.000133916253518268	0.00538117001813548	0.00538117001813548	HLA-DRA/SMARCB1/CD27/GAS6/ZFP36L1/TRIB1/XBP1/HLA-DRB1/SYK/RHOH/CD74/BTK	12
B/Plasma	GO:0032946	positive regulation of mononuclear cell proliferation	10/318	117/15651	0.0854700854700855	4.20657958393807	5.01360906209762	0.000136104214544916	0.00543084369365937	0.00543084369365937	HLA-DPB1/CD55/TNFRSF13C/CD38/MEF2C/HLA-DMB/CD24/CD74/HLA-DPA1/BTK	10
B/Plasma	GO:0002524	hypersensitivity	4/318	14/15651	0.285714285714286	14.0619946091644	7.04131807572672	0.000142504982201043	0.00564675991971633	0.00564675991971633	FCGR2B/CCR7/BTK/IGHG1	4
B/Plasma	GO:0002224	toll-like receptor signaling pathway	8/318	76/15651	0.105263157894737	5.18073485600794	5.26141497869056	0.00015106256894753	0.00594457254079038	0.00594457254079038	IRF7/BIRC3/APP/PLCG2/HSP90B1/TLR10/BTK/SCIMP	8
B/Plasma	GO:0002862	negative regulation of inflammatory response to antigenic stimulus	5/318	26/15651	0.192307692307692	9.46480406386067	6.22086438696713	0.000155393598030789	0.0060318086419298	0.0060318086419298	FCGR2B/HLA-DRB1/SYK/SELENOS/LYN	5
B/Plasma	GO:0045577	regulation of B cell differentiation	5/318	26/15651	0.192307692307692	9.46480406386067	6.22086438696713	0.000155393598030789	0.0060318086419298	0.0060318086419298	CD27/ZFP36L1/XBP1/SYK/BTK	5
B/Plasma	GO:0002700	regulation of production of molecular mediator of immune response	11/318	143/15651	0.0769230769230769	3.78592162554427	4.81965753552716	0.000163514935339371	0.00630416365571928	0.00630416365571928	LAPTM5/FCGR2B/DNAJB9/CD55/XBP1/PLCG2/CD74/MZB1/BTK/SCIMP/CD22	11
B/Plasma	GO:0002699	positive regulation of immune effector process	14/318	223/15651	0.062780269058296	3.08985531770877	4.52658833728618	0.00019331938631514	0.00740322428398784	0.00740322428398784	HLA-DRA/LAPTM5/STX7/DNAJB9/CD55/XBP1/HLA-DRB1/STAP1/HLA-DMB/PLCG2/CD74/MZB1/BTK/SCIMP	14
B/Plasma	GO:0048193	Golgi vesicle transport	17/318	308/15651	0.0551948051948052	2.71652168586131	4.38153891560168	0.000195925202586324	0.00745299470638376	0.00745299470638376	TMED2/RACK1/LAPTM5/KDELR2/KDELR1/LMAN1/LMAN2/SAR1B/WIPI1/BET1/TMED9/TMED10/CREB3L2/ERGIC2/ERGIC3/HYOU1/ARF4	17
B/Plasma	GO:0002335	mature B cell differentiation	5/318	28/15651	0.178571428571429	8.78874663072776	5.94048000975091	0.000224566039307805	0.0084859193396711	0.0084859193396711	POU2AF1/FCGR2B/XBP1/IRF8/CD19	5
B/Plasma	GO:0009100	glycoprotein metabolic process	18/318	342/15651	0.0526315789473684	2.59036742800397	4.28246948488011	0.000229923620129888	0.00863121168724434	0.00863121168724434	TMEM59/STT3A/DDOST/OSTC/UBE2J1/TMEM258/ITM2C/RPN1/RPN2/DERL3/KRTCAP2/EDEM2/ALG5/SYVN1/BTK/CHPF/GMPPB/ST6GALNAC4	18
B/Plasma	GO:0060326	cell chemotaxis	16/318	285/15651	0.056140350877193	2.7630585898709	4.32579489389432	0.000248571322318258	0.00923644534572939	0.00923644534572939	SWAP70/RIPOR2/NR4A1/CXCR5/GAS6/CCR7/PDE4B/APP/CXCR4/SYK/STAP1/CD74/LYN/DUSP1/PPIB/CCR10	16
B/Plasma	GO:0010042	response to manganese ion	4/318	16/15651	0.25	12.3042452830189	6.51493045392429	0.000250902388466186	0.00923644534572939	0.00923644534572939	EIF2AK3/ATF4/APP/HSP90B1	4
B/Plasma	GO:0045655	regulation of monocyte differentiation	4/318	16/15651	0.25	12.3042452830189	6.51493045392429	0.000250902388466186	0.00923644534572939	0.00923644534572939	IRF7/ZFP36L1/HLA-DRB1/CD74	4
B/Plasma	GO:0048872	homeostasis of number of cells	13/318	204/15651	0.0637254901960784	3.13637624861265	4.42311177626202	0.00028152221894072	0.0102972165466394	0.0102972165466394	KLF13/ZFP36L1/PDE4B/MEF2C/SLC1A5/LTB/CD74/TSC22D3/LYN/BTK/GAPT/HSPA1B/TNFRSF13B	13
B/Plasma	GO:0030595	leukocyte chemotaxis	13/318	206/15651	0.0631067961165049	3.10592599377175	4.38167258321723	0.000309448474643289	0.0112465795943606	0.0112465795943606	SWAP70/RIPOR2/GAS6/CCR7/PDE4B/APP/CXCR4/SYK/STAP1/CD74/LYN/DUSP1/PPIB	13
B/Plasma	GO:2001233	regulation of apoptotic signaling pathway	16/318	291/15651	0.0549828178694158	2.70608830966738	4.23067395498624	0.000313822093403835	0.0113031695335998	0.0113031695335998	EIF2AK3/RACK1/FCGR2B/ATF4/XBP1/APP/ITM2C/SP100/LTB/CD74/PYCR1/SELENOS/SYVN1/HERPUD1/HSPA1B/HYOU1	16
B/Plasma	GO:0090317	negative regulation of intracellular protein transport	5/318	30/15651	0.166666666666667	8.20283018867925	5.6867816108454	0.000314967394995158	0.0113031695335998	0.0113031695335998	ERLEC1/UBE2J1/SP100/DERL3/UFM1	5
B/Plasma	GO:0033157	regulation of intracellular protein transport	10/318	130/15651	0.0769230769230769	3.78592162554427	4.59343826954447	0.000322460855441476	0.0114430534761413	0.0114430534761413	GAS6/ERLEC1/UBE2J1/SAR1B/XBP1/SP100/DERL3/EDEM2/UFM1/ERGIC3	10
B/Plasma	GO:0060263	regulation of respiratory burst	4/318	17/15651	0.235294117647059	11.5804661487236	6.28566703816578	0.000322876202183447	0.0114430534761413	0.0114430534761413	JCHAIN/NCF1/IGHA2/IGHA1	4
B/Plasma	GO:0019730	antimicrobial humoral response	11/318	155/15651	0.0709677419354839	3.49281801582471	4.4916280261813	0.000330156409992177	0.0116288424408356	0.0116288424408356	IGHD/IGHG4/IGHM/IGKV3-20/JCHAIN/APP/FAU/IGHA2/IGHG1/IGHA1/IGHG3	11
B/Plasma	GO:0002312	B cell activation involved in immune response	7/318	66/15651	0.106060606060606	5.21998284734134	4.94750695372878	0.000373145882516165	0.0130623951266088	0.0130623951266088	POU2AF1/CD180/FCGR2B/XBP1/IRF8/CD19/GAPT	7
B/Plasma	GO:0006984	ER-nucleus signaling pathway	6/318	48/15651	0.125	6.15212264150943	5.14825345934515	0.000401456203753021	0.0139677384061874	0.0139677384061874	EIF2AK3/ATF4/MANF/XBP1/HSPA5/SELENOS	6
B/Plasma	GO:0002286	T cell activation involved in immune response	9/318	110/15651	0.0818181818181818	4.02684391080617	4.58779550086636	0.000405545476502083	0.0140244999328538	0.0140244999328538	HLA-DRA/FCGR2B/HLA-DRB1/SEMA4A/LY9/HLA-DMB/CD69/CD74/IRF4	9
B/Plasma	GO:0042742	defense response to bacterium	14/318	241/15651	0.0580912863070539	2.85907774211227	4.18853275761392	0.000426953835927365	0.0146758951072382	0.0146758951072382	IGHD/IGHG4/IGHM/IGKV3-20/JCHAIN/APP/FAU/SYK/IGHA2/FCER2/MPEG1/IGHG1/IGHA1/IGHG3	14
B/Plasma	GO:0045619	regulation of lymphocyte differentiation	12/318	187/15651	0.0641711229946524	3.1583089496519	4.27593069460441	0.000450334843573966	0.0153868899247488	0.0153868899247488	HLA-DRA/SMARCB1/CD27/GAS6/ZFP36L1/XBP1/HLA-DRB1/SYK/CD69/RHOH/IRF4/BTK	12
B/Plasma	GO:0002702	positive regulation of production of molecular mediator of immune response	9/318	112/15651	0.0803571428571429	3.95493598382749	4.51962828375123	0.000463243551319142	0.0157337363323037	0.0157337363323037	LAPTM5/DNAJB9/CD55/XBP1/PLCG2/CD74/MZB1/BTK/SCIMP	9
B/Plasma	GO:0045621	positive regulation of lymphocyte differentiation	9/318	113/15651	0.079646017699115	3.91993655034229	4.48613398925812	0.00049452680495534	0.0166968636039951	0.0166968636039951	HLA-DRA/SMARCB1/CD27/GAS6/XBP1/HLA-DRB1/SYK/RHOH/BTK	9
B/Plasma	GO:0048199	vesicle targeting, to, from or within Golgi	5/318	33/15651	0.151515151515152	7.45711835334477	5.34736920305033	0.000499059737200575	0.0167507932968617	0.0167507932968617	TMED2/SAR1B/WIPI1/TMED9/TMED10	5
B/Plasma	GO:0002260	lymphocyte homeostasis	6/318	51/15651	0.117647058823529	5.79023307436182	4.93442550707625	0.000559890465351879	0.0185865637606581	0.0185865637606581	MEF2C/CD74/TSC22D3/LYN/GAPT/TNFRSF13B	6
B/Plasma	GO:0002688	regulation of leukocyte chemotaxis	9/318	115/15651	0.0782608695652174	3.85176374077112	4.42028243712852	0.000562305820424059	0.0185865637606581	0.0185865637606581	SWAP70/RIPOR2/GAS6/CCR7/APP/STAP1/CD74/LYN/DUSP1	9
B/Plasma	GO:0050764	regulation of phagocytosis	8/318	92/15651	0.0869565217391304	4.27973748974569	4.54359194069227	0.000563525329581819	0.0185865637606581	0.0185865637606581	RACK1/FCGR2B/GAS6/LMAN2/SYK/STAP1/PLCG2/BTK	8
B/Plasma	GO:0032615	interleukin-12 production	6/318	52/15651	0.115384615384615	5.6788824383164	4.8669018626452	0.000622264266242339	0.0202893708753073	0.0202893708753073	LAPTM5/CCR7/SYK/LTB/PLCG2/SCIMP	6
B/Plasma	GO:0032655	regulation of interleukin-12 production	6/318	52/15651	0.115384615384615	5.6788824383164	4.8669018626452	0.000622264266242339	0.0202893708753073	0.0202893708753073	LAPTM5/CCR7/SYK/LTB/PLCG2/SCIMP	6
B/Plasma	GO:0030890	positive regulation of B cell proliferation	5/318	35/15651	0.142857142857143	7.03099730458221	5.14393437676744	0.000660341883193071	0.0214085840085208	0.0214085840085208	TNFRSF13C/CD38/MEF2C/CD74/BTK	5
B/Plasma	GO:0002637	regulation of immunoglobulin production	6/318	53/15651	0.113207547169811	5.57173371306515	4.80110900404319	0.00068989330315421	0.0222402891965984	0.0222402891965984	FCGR2B/DNAJB9/XBP1/MZB1/BTK/CD22	6
B/Plasma	GO:0009101	glycoprotein biosynthetic process	15/318	285/15651	0.0526315789473684	2.59036742800397	3.90208433174031	0.000754601996441947	0.0241896572567289	0.0241896572567289	TMEM59/STT3A/DDOST/OSTC/UBE2J1/TMEM258/ITM2C/RPN1/RPN2/DERL3/KRTCAP2/ALG5/CHPF/GMPPB/ST6GALNAC4	15
B/Plasma	GO:1900102	negative regulation of endoplasmic reticulum unfolded protein response	4/318	21/15651	0.19047619047619	9.37466307277628	5.53037607524651	0.00076150490452	0.0242745641630789	0.0242745641630789	RACK1/DNAJB9/XBP1/HSPA5	4
B/Plasma	GO:0032613	interleukin-10 production	6/318	55/15651	0.109090909090909	5.36912521440823	4.67440551702236	0.000842107522280006	0.0265139598325625	0.0265139598325625	FCGR2B/HLA-DRB1/SYK/PLCG2/IRF4/BTK	6
B/Plasma	GO:0032653	regulation of interleukin-10 production	6/318	55/15651	0.109090909090909	5.36912521440823	4.67440551702236	0.000842107522280006	0.0265139598325625	0.0265139598325625	FCGR2B/HLA-DRB1/SYK/PLCG2/IRF4/BTK	6
B/Plasma	GO:0097028	dendritic cell differentiation	5/318	37/15651	0.135135135135135	6.65094339622642	4.95589269818375	0.000857756916684114	0.0265139598325625	0.0265139598325625	FCGR2B/GAS6/CCR7/IRF8/LYN	5
B/Plasma	GO:0070664	negative regulation of leukocyte proliferation	7/318	76/15651	0.0921052631578947	4.53314299900695	4.44642679746049	0.000881423126764836	0.0265139598325625	0.0265139598325625	LAPTM5/RIPOR2/FCGR2B/HLA-DRB1/LYN/BTK/TNFRSF13B	7
B/Plasma	GO:0002604	regulation of dendritic cell antigen processing and presentation	3/318	10/15651	0.3	14.7650943396226	6.27052779525609	0.000896809366926841	0.0265139598325625	0.0265139598325625	FCGR2B/CCR7/CD74	3
B/Plasma	GO:0006868	glutamine transport	3/318	10/15651	0.3	14.7650943396226	6.27052779525609	0.000896809366926841	0.0265139598325625	0.0265139598325625	SLC1A4/SLC38A5/SLC1A5	3
B/Plasma	GO:0035437	maintenance of protein localization in endoplasmic reticulum	3/318	10/15651	0.3	14.7650943396226	6.27052779525609	0.000896809366926841	0.0265139598325625	0.0265139598325625	KDELR2/KDELR1/HSPA5	3
B/Plasma	GO:0036500	ATF6-mediated unfolded protein response	3/318	10/15651	0.3	14.7650943396226	6.27052779525609	0.000896809366926841	0.0265139598325625	0.0265139598325625	MANF/XBP1/HSPA5	3
B/Plasma	GO:0044346	fibroblast apoptotic process	3/318	10/15651	0.3	14.7650943396226	6.27052779525609	0.000896809366926841	0.0265139598325625	0.0265139598325625	GAS6/BTG1/STK17A	3
B/Plasma	GO:0045657	positive regulation of monocyte differentiation	3/318	10/15651	0.3	14.7650943396226	6.27052779525609	0.000896809366926841	0.0265139598325625	0.0265139598325625	ZFP36L1/HLA-DRB1/CD74	3
B/Plasma	GO:0048194	Golgi vesicle budding	3/318	10/15651	0.3	14.7650943396226	6.27052779525609	0.000896809366926841	0.0265139598325625	0.0265139598325625	TMED2/TMED9/TMED10	3
B/Plasma	GO:0097048	dendritic cell apoptotic process	3/318	10/15651	0.3	14.7650943396226	6.27052779525609	0.000896809366926841	0.0265139598325625	0.0265139598325625	GAS6/CCR7/LYN	3
B/Plasma	GO:0097278	complement-dependent cytotoxicity	3/318	10/15651	0.3	14.7650943396226	6.27052779525609	0.000896809366926841	0.0265139598325625	0.0265139598325625	CD59/CD55/IGHG1	3
B/Plasma	GO:2000668	regulation of dendritic cell apoptotic process	3/318	10/15651	0.3	14.7650943396226	6.27052779525609	0.000896809366926841	0.0265139598325625	0.0265139598325625	GAS6/CCR7/LYN	3
B/Plasma	GO:0002440	production of molecular mediator of immune response	11/318	177/15651	0.0621468926553672	3.05868244323633	3.96672287652863	0.00100463749662005	0.0295487709057424	0.0295487709057424	LAPTM5/FCGR2B/DNAJB9/CD55/XBP1/PLCG2/CD74/MZB1/BTK/SCIMP/CD22	11
B/Plasma	GO:0071248	cellular response to metal ion	10/318	151/15651	0.0662251655629139	3.25940272397851	4.01766235411364	0.00104394791262173	0.0305475219970234	0.0305475219970234	EIF2AK3/SERPINF1/ATF4/APP/MEF2C/PLCG2/CPNE5/HSP90B1/CLIC4/HVCN1	10
B/Plasma	GO:0062207	regulation of pattern recognition receptor signaling pathway	11/318	178/15651	0.0617977528089888	3.04149883400466	3.94483677067948	0.00105187268521317	0.0306223752133996	0.0306223752133996	IRF7/BIRC3/APP/SYK/LILRA4/PLCG2/NOP53/HSP90B1/LYN/BTK/HSPA1B	11
B/Plasma	GO:0009620	response to fungus	6/318	58/15651	0.103448275862069	5.09141184124919	4.49551569445956	0.00111746963467598	0.0323669123627469	0.0323669123627469	APP/SYK/PLCG2/ZBP1/BTK/SCIMP	6
B/Plasma	GO:0002753	cytoplasmic pattern recognition receptor signaling pathway	11/318	180/15651	0.0611111111111111	3.00770440251572	3.90152140469215	0.00115185199908157	0.0331942803371688	0.0331942803371688	IRF7/BIRC3/SYK/LILRA4/PLCG2/NOP53/TIFA/LYN/BTK/SCIMP/HSPA1B	11
B/Plasma	GO:0031666	positive regulation of lipopolysaccharide-mediated signaling pathway	3/318	11/15651	0.272727272727273	13.4228130360206	5.93546953782873	0.00121462362021922	0.0348273486279943	0.0348273486279943	CD180/LY86/SCIMP	3
B/Plasma	GO:0002833	positive regulation of response to biotic stimulus	18/318	396/15651	0.0454545454545455	2.23713550600343	3.59100426947089	0.00127907607876147	0.0364920405270646	0.0364920405270646	CD180/IRF7/BIRC3/APP/HLA-DRB1/SYK/LILRA4/PLCG2/NOP53/HSP90B1/LY86/TIFA/TLR10/LYN/ZBP1/BTK/SCIMP/HSPA1B	18
B/Plasma	GO:0002221	pattern recognition receptor signaling pathway	14/318	270/15651	0.0518518518518519	2.55199161425577	3.70455570356078	0.00129348060869936	0.0367183653943642	0.0367183653943642	IRF7/BIRC3/APP/SYK/LILRA4/PLCG2/NOP53/HSP90B1/TIFA/TLR10/LYN/BTK/SCIMP/HSPA1B	14
B/Plasma	GO:0002274	myeloid leukocyte activation	12/318	211/15651	0.0568720379146919	2.79907001699007	3.78898432391366	0.00129987904130066	0.0367183653943642	0.0367183653943642	PTPN6/FCGR2B/APP/SYK/STAP1/RHOH/PLCG2/CD74/LYN/FCER2/LAT2/BTK	12
B/Plasma	GO:0071322	cellular response to carbohydrate stimulus	9/318	130/15651	0.0692307692307692	3.40732946298984	3.96921405875485	0.0013517558522461	0.0379956595710159	0.0379956595710159	GLCCI1/RACK1/SMARCB1/SERPINF1/GAS6/ZFP36L1/XBP1/HLA-DRB1/NCF1	9
B/Plasma	GO:0031295	T cell costimulation	5/318	41/15651	0.121951219512195	6.0020708697653	4.6184631253215	0.00138019893558154	0.0386049761099425	0.0386049761099425	PTPN6/CCR7/TNFRSF13C/CD24/LYN	5
B/Plasma	GO:0002218	activation of innate immune response	15/318	303/15651	0.0495049504950495	2.43648421445918	3.63624753602921	0.00139590286901102	0.0388537647345214	0.0388537647345214	IRF7/BIRC3/APP/SYK/LILRA4/PLCG2/NOP53/HSP90B1/TIFA/TLR10/LYN/ZBP1/BTK/SCIMP/HSPA1B	15
B/Plasma	GO:0009743	response to carbohydrate	11/318	185/15651	0.0594594594594595	2.92641509433962	3.79580502909113	0.0014364765573896	0.0397890060022576	0.0397890060022576	GLCCI1/RACK1/SMARCB1/SERPINF1/GAS6/ZFP36L1/XBP1/HLA-DRB1/NCF1/SELENOS/LYN	11
B/Plasma	GO:0031294	lymphocyte costimulation	5/318	42/15651	0.119047619047619	5.85916442048518	4.54104559592012	0.00154102799636846	0.0424787717259827	0.0424787717259827	PTPN6/CCR7/TNFRSF13C/CD24/LYN	5
B/Plasma	GO:0045661	regulation of myoblast differentiation	6/318	62/15651	0.0967741935483871	4.76293365794279	4.27533786229035	0.00158613862941723	0.043139518826602	0.043139518826602	SMARCB1/RIPOR2/ID3/BTG1/ZFP36L1/MEF2C	6
B/Plasma	GO:0030889	negative regulation of B cell proliferation	3/318	12/15651	0.25	12.3042452830189	5.64137368915	0.0015952398304264	0.043139518826602	0.043139518826602	FCGR2B/LYN/TNFRSF13B	3
B/Plasma	GO:0034975	protein folding in endoplasmic reticulum	3/318	12/15651	0.25	12.3042452830189	5.64137368915	0.0015952398304264	0.043139518826602	0.043139518826602	HSPA5/HSP90B1/DNAJC3	3
B/Plasma	GO:0071888	macrophage apoptotic process	3/318	12/15651	0.25	12.3042452830189	5.64137368915	0.0015952398304264	0.043139518826602	0.043139518826602	IRF7/MEF2C/SELENOS	3
B/Plasma	GO:0072594	establishment of protein localization to organelle	16/318	339/15651	0.0471976401179941	2.3229253631658	3.54630753503863	0.00160280049997696	0.0431395266644742	0.0431395266644742	LAPTM5/XBP1/TRAM1/SEC61G/SYK/SRPRB/SPCS1/SEC61A1/HSPA5/SSR4/SEC61B/SPCS2/UFM1/SSR3/SPCS3/HERPUD1	16
B/Plasma	GO:0002313	mature B cell differentiation involved in immune response	4/318	26/15651	0.153846153846154	7.57184325108853	4.82970962221907	0.00175607572563559	0.0470430426782944	0.0470430426782944	POU2AF1/FCGR2B/XBP1/IRF8	4
B/Plasma	GO:0032640	tumor necrosis factor production	10/318	163/15651	0.0613496932515337	3.01944669521935	3.73237858936453	0.0018551708487524	0.0492353714557264	0.0492353714557264	PTPN6/FCGR2B/GAS6/APP/SYK/LILRA4/PLCG2/SELENOK/SELENOS/BTK	10
B/Plasma	GO:0032680	regulation of tumor necrosis factor production	10/318	163/15651	0.0613496932515337	3.01944669521935	3.73237858936453	0.0018551708487524	0.0492353714557264	0.0492353714557264	PTPN6/FCGR2B/GAS6/APP/SYK/LILRA4/PLCG2/SELENOK/SELENOS/BTK	10
Endothelial/Fibroblast	GO:0001525	angiogenesis	64/323	489/15651	0.130879345603272	6.34177287317898	17.4211687660028	2.19469347174576e-33	1.25229209497813e-29	1.25229209497813e-29	ROBO4/PDGFRA/CLEC14A/SERPINF1/EFNA1/JUP/NOTCH4/HSPB1/PTK2/PXDN/EGFL7/FLT1/PTPRB/CDH5/ECSCR/AQP1/NOTCH3/ENG/COL15A1/KDR/PARVA/PDGFRB/ITGA5/MCAM/MMP2/ITGB1/CD34/COL4A1/MMP14/TGFBR2/THY1/NRP1/MFGE8/COL18A1/HSPG2/COL4A2/TCF21/EMP2/FN1/CALCRL/ITGAV/ID1/ACVRL1/LOXL2/CLDN5/EMILIN1/JAG1/PLXND1/IGFBP7/CTNND1/TIE1/DCN/EPAS1/MMRN2/ADAM15/CD93/FBN1/RAMP2/SPARC/BCAM/MDK/TJP1/SOX18/PTPRM	64
Endothelial/Fibroblast	GO:0031589	cell-substrate adhesion	45/323	320/15651	0.140625	6.8139996130031	15.2538837430509	8.28697606764559e-25	2.36427427209929e-21	2.36427427209929e-21	CD63/EFNA1/JUP/PTK2/PLPP3/FZD4/LAMC1/ITGA1/SGCE/KDR/ANTXR1/PARVA/ITGA5/EFEMP2/ITGB1/CD34/MMP14/THY1/NRP1/VWF/TGFB1I1/EMP2/FN1/ITGAV/VCL/ACVRL1/LAMB1/CTTN/EMILIN1/CDH11/JAG1/FERMT2/DLC1/ACTN1/CCDC80/EDIL3/LAMB2/ADAM15/ACTN4/SORBS3/BCAM/MDK/ITGA6/NID1/COL3A1	45
Endothelial/Fibroblast	GO:0030198	extracellular matrix organization	39/323	258/15651	0.151162790697674	7.32460940312478	14.8695427535471	9.36400848579824e-23	1.42746154724127e-19	1.42746154724127e-19	LTBP4/LRP1/PLOD1/LAMC1/PXDN/CRTAP/APP/COL1A1/ENG/COL15A1/CST3/COL1A2/EFEMP2/COL5A1/MMP2/ITGB1/COL4A1/MMP14/COL18A1/SERPINH1/DDR2/TIMP3/COL4A2/COL5A2/FSCN1/LOXL2/LAMB1/EMILIN1/COL12A1/AEBP1/TIE1/CCDC80/PHLDB1/LAMB2/ADAM15/FBN1/RAMP2/NID1/COL3A1	39
Endothelial/Fibroblast	GO:0043062	extracellular structure organization	39/323	259/15651	0.150579150579151	7.29632905793897	14.8321960716711	1.08263091662827e-22	1.42746154724127e-19	1.42746154724127e-19	LTBP4/LRP1/PLOD1/LAMC1/PXDN/CRTAP/APP/COL1A1/ENG/COL15A1/CST3/COL1A2/EFEMP2/COL5A1/MMP2/ITGB1/COL4A1/MMP14/COL18A1/SERPINH1/DDR2/TIMP3/COL4A2/COL5A2/FSCN1/LOXL2/LAMB1/EMILIN1/COL12A1/AEBP1/TIE1/CCDC80/PHLDB1/LAMB2/ADAM15/FBN1/RAMP2/NID1/COL3A1	39
Endothelial/Fibroblast	GO:0045229	external encapsulating structure organization	39/323	260/15651	0.15	7.26826625386997	14.7950479363084	1.25084257557069e-22	1.42746154724127e-19	1.42746154724127e-19	LTBP4/LRP1/PLOD1/LAMC1/PXDN/CRTAP/APP/COL1A1/ENG/COL15A1/CST3/COL1A2/EFEMP2/COL5A1/MMP2/ITGB1/COL4A1/MMP14/COL18A1/SERPINH1/DDR2/TIMP3/COL4A2/COL5A2/FSCN1/LOXL2/LAMB1/EMILIN1/COL12A1/AEBP1/TIE1/CCDC80/PHLDB1/LAMB2/ADAM15/FBN1/RAMP2/NID1/COL3A1	39
Endothelial/Fibroblast	GO:0007229	integrin-mediated signaling pathway	24/323	107/15651	0.224299065420561	10.8684355198056	14.8687510166249	1.62118580339346e-18	1.54174769902718e-15	1.54174769902718e-15	CD63/PTK2/PLPP3/LAMC1/ITGA1/NME2/ITGA5/ITGB1/TIMP1/THY1/NRP1/EMP2/FN1/DST/ITGAV/LAMB1/FERMT2/LAMB2/ADAM15/LIMS2/ITGA6/NID1/PTN/COL3A1	24
Endothelial/Fibroblast	GO:0007160	cell-matrix adhesion	31/323	220/15651	0.140909090909091	6.82776526878694	12.6366524735715	2.24809782072273e-17	1.83252088072056e-14	1.83252088072056e-14	CD63/JUP/PTK2/PLPP3/ITGA1/SGCE/KDR/ITGA5/EFEMP2/ITGB1/CD34/MMP14/THY1/NRP1/EMP2/FN1/ITGAV/VCL/ACVRL1/CTTN/EMILIN1/CDH11/JAG1/FERMT2/DLC1/ACTN1/ADAM15/BCAM/ITGA6/NID1/COL3A1	31
Endothelial/Fibroblast	GO:0009611	response to wounding	43/323	469/15651	0.0916844349680171	4.44257923122116	10.9880735665875	1.55431100680741e-16	1.10861232560538e-13	1.10861232560538e-13	PDGFRA/RHOC/HSPB1/PTK2/SERPING1/MYL9/CD59/ENG/CD151/KDR/MYLK/ITGA5/MCAM/COL5A1/MMP2/ITGB1/CD34/CAV1/NRP1/PLAT/CSRP1/SERPINE2/VWF/DDR2/MAP1B/NREP/FN1/DST/ITGAV/VCL/ACVRL1/F2R/ANXA5/EMILIN1/DPYSL3/FERMT2/IL6ST/ARF4/TPM1/MDK/TFPI/PTN/COL3A1	43
Endothelial/Fibroblast	GO:0030199	collagen fibril organization	18/323	62/15651	0.290322580645161	14.0676121042645	14.965755197561	2.33883948204482e-16	1.48282423161642e-13	1.48282423161642e-13	PLOD1/PXDN/CRTAP/COL1A1/COL1A2/EFEMP2/COL5A1/COL4A1/SERPINH1/DDR2/COL4A2/COL5A2/LOXL2/EMILIN1/COL12A1/AEBP1/FBN1/COL3A1	18
Endothelial/Fibroblast	GO:0007507	heart development	38/323	400/15651	0.095	4.60323529411765	10.5971515245479	3.28996322165449e-15	1.87725301427605e-12	1.87725301427605e-12	PDGFRA/EFNA1/PDLIM1/PTK2/SOX4/PDLIM7/FHL2/ENG/KDR/PARVA/PDGFRB/MMP2/TGFBR2/NRP1/INSR/EMP2/FN1/ACVRL1/CPE/CLDN5/EMILIN1/CDH11/JAG1/PLXND1/HEG1/GJA1/TIE1/DLC1/FBN1/RAMP2/SPRY1/TPM1/FKBP1A/ECE1/SOX18/PDLIM3/BMPR2/COL3A1	38
Endothelial/Fibroblast	GO:0043542	endothelial cell migration	27/323	214/15651	0.126168224299065	6.11349497989063	10.9334935921937	4.55241989142456e-14	2.36146435458805e-11	2.36146435458805e-11	CLEC14A/SERPINF1/EFNA1/JUP/HSPB1/PTK2/PLPP3/CDH5/KDR/NRP1/TGFB1I1/EMP2/FN1/NR2F2/ID1/ACVRL1/LOXL2/FSTL1/PLXND1/CTNND1/RAB13/DCN/MMRN2/SPARC/SOX18/PTN/PTPRM	27
Endothelial/Fibroblast	GO:0042060	wound healing	35/323	373/15651	0.0938337801608579	4.54672598544145	10.0638576721676	6.35206715532193e-14	3.02040793235558e-11	3.02040793235558e-11	PDGFRA/RHOC/HSPB1/PTK2/SERPING1/MYL9/CD59/ENG/CD151/KDR/MYLK/ITGA5/MCAM/COL5A1/ITGB1/CD34/CAV1/PLAT/CSRP1/SERPINE2/VWF/DDR2/FN1/DST/ITGAV/VCL/ACVRL1/F2R/ANXA5/EMILIN1/FERMT2/IL6ST/TPM1/TFPI/COL3A1	35
Endothelial/Fibroblast	GO:0045446	endothelial cell differentiation	18/323	91/15651	0.197802197802198	9.58452692818018	11.9219680425521	3.47794782127041e-13	1.52655155908992e-10	1.52655155908992e-10	ROBO4/NOTCH4/CDH5/KDR/NRP1/COL18A1/NR2F2/VCL/ACVRL1/CLDN5/FSTL1/JAG1/TIE1/PECAM1/FBN1/TJP1/SOX18/BMPR2	18
Endothelial/Fibroblast	GO:0003158	endothelium development	19/323	112/15651	0.169642857142857	8.22006302521008	11.1315118469087	1.38809292985386e-12	5.65747018410438e-10	5.65747018410438e-10	ROBO4/NOTCH4/CDH5/KDR/CD34/NRP1/COL18A1/NR2F2/VCL/ACVRL1/CLDN5/FSTL1/JAG1/TIE1/PECAM1/FBN1/TJP1/SOX18/BMPR2	19
Endothelial/Fibroblast	GO:0030336	negative regulation of cell migration	28/323	269/15651	0.104089219330855	5.04365440169415	9.71089936402026	1.90499991980729e-12	7.24661969494691e-10	7.24661969494691e-10	CD63/SERPINF1/JUP/LRP1/HYAL2/ENG/TIMP1/THY1/IGFBP5/CLIC4/NR2F2/VCL/ACVRL1/CLDN5/EMILIN1/CDH11/JAG1/DPYSL3/PFN2/GJA1/DLC1/DCN/NBL1/MMRN2/ADAM15/TPM1/COL3A1/PTPRM	28
Endothelial/Fibroblast	GO:0007178	cell surface receptor protein serine/threonine kinase signaling pathway	30/323	311/15651	0.0964630225080386	4.67412620827651	9.5002989454895	2.14556142442008e-12	7.6516084298381e-10	7.6516084298381e-10	LTBP4/LRP1/PTK2/CDH5/TSC22D1/RBPMS/CRIM1/ENG/KDR/COL1A2/CAV1/TGFBR2/DKK3/NREP/TGFB1I1/MAP1LC3A/ID1/ACVRL1/CLDN5/FSTL1/EMILIN1/NFIA/FERMT2/NBL1/FBN1/SPRY1/FKBP1A/BMPR2/WWTR1/COL3A1	30
Endothelial/Fibroblast	GO:2000146	negative regulation of cell motility	28/323	283/15651	0.0989399293286219	4.79414499666335	9.35005470635005	6.55146697883e-12	2.19898062242376e-09	2.19898062242376e-09	CD63/SERPINF1/JUP/LRP1/HYAL2/ENG/TIMP1/THY1/IGFBP5/CLIC4/NR2F2/VCL/ACVRL1/CLDN5/EMILIN1/CDH11/JAG1/DPYSL3/PFN2/GJA1/DLC1/DCN/NBL1/MMRN2/ADAM15/TPM1/COL3A1/PTPRM	28
Endothelial/Fibroblast	GO:0035909	aorta morphogenesis	10/323	23/15651	0.434782608695652	21.0674384170144	13.9804078694911	1.10052987147645e-11	3.48867969258035e-09	3.48867969258035e-09	LRP1/SOX4/ENG/MYLK/PDGFRB/EFEMP2/TGFBR2/ACVRL1/JAG1/COL3A1	10
Endothelial/Fibroblast	GO:0030855	epithelial cell differentiation	37/323	496/15651	0.0745967741935484	3.61459477679017	8.58979785000175	1.25477338098247e-11	3.64392818642078e-09	3.64392818642078e-09	ROBO4/PODXL/NFIB/CD63/NOTCH4/ACTA2/CDH5/SOX4/KDR/NME2/CD34/COL4A1/CAV1/NRP1/CLIC4/COL18A1/MAP1B/TCF21/LGALS3/NR2F2/VCL/ACVRL1/TUBB/CNN3/CLDN5/FSTL1/JAG1/TIE1/IL6ST/RAB13/PECAM1/FBN1/TAGLN/SPRY1/TJP1/SOX18/BMPR2	37
Endothelial/Fibroblast	GO:0048729	tissue morphogenesis	32/323	378/15651	0.0846560846560847	4.10201975527053	8.86224943806513	1.27722684417132e-11	3.64392818642078e-09	3.64392818642078e-09	PODXL/RHOC/NOTCH4/ACTA2/ENG/CD151/KDR/MYLK/ITGA5/EFEMP2/COL5A1/MMP2/ITGB1/COL4A1/TGFBR2/NRP1/TCF21/ITGAV/VCL/ACVRL1/FERMT2/GJA1/CTNND1/TIE1/DLC1/MMRN2/TPM1/MDK/FKBP1A/SOX18/BMPR2/COL3A1	32
Endothelial/Fibroblast	GO:0040013	negative regulation of locomotion	28/323	292/15651	0.0958904109589041	4.6463802536155	9.13035361169966	1.39174516524891e-11	3.78157043471918e-09	3.78157043471918e-09	CD63/SERPINF1/JUP/LRP1/HYAL2/ENG/TIMP1/THY1/IGFBP5/CLIC4/NR2F2/VCL/ACVRL1/CLDN5/EMILIN1/CDH11/JAG1/DPYSL3/PFN2/GJA1/DLC1/DCN/NBL1/MMRN2/ADAM15/TPM1/COL3A1/PTPRM	28
Endothelial/Fibroblast	GO:0045765	regulation of angiogenesis	27/323	275/15651	0.0981818181818182	4.75741063889671	9.12533903242932	1.89500643954645e-11	4.91495761093276e-09	4.91495761093276e-09	SERPINF1/EFNA1/JUP/HSPB1/FLT1/CDH5/ECSCR/AQP1/KDR/ITGA5/ITGB1/CD34/NRP1/HSPG2/COL4A2/EMP2/CLDN5/EMILIN1/PLXND1/CTNND1/TIE1/DCN/RAMP2/SPARC/MDK/TJP1/PTPRM	27
Endothelial/Fibroblast	GO:1901342	regulation of vasculature development	27/323	282/15651	0.0957446808510638	4.63931888544892	8.95236016772041	3.39255712848265e-11	8.41649172831392e-09	8.41649172831393e-09	SERPINF1/EFNA1/JUP/HSPB1/FLT1/CDH5/ECSCR/AQP1/KDR/ITGA5/ITGB1/CD34/NRP1/HSPG2/COL4A2/EMP2/CLDN5/EMILIN1/PLXND1/CTNND1/TIE1/DCN/RAMP2/SPARC/MDK/TJP1/PTPRM	27
Endothelial/Fibroblast	GO:0007044	cell-substrate junction assembly	16/323	91/15651	0.175824175824176	8.51957949171572	10.4429967013534	4.81136236859338e-11	1.14390140313308e-08	1.14390140313308e-08	PTK2/LAMC1/KDR/MMP14/THY1/NRP1/FN1/DST/VCL/ACVRL1/CTTN/CDH11/FERMT2/DLC1/ACTN1/ITGA6	16
Endothelial/Fibroblast	GO:0051017	actin filament bundle assembly	20/323	153/15651	0.130718954248366	6.33400109269714	9.624466688381	5.06086087398814e-11	1.15509088587905e-08	1.15509088587905e-08	MARCKS/RHOC/PDLIM1/MYL9/PARVA/PLS3/NRP1/CALD1/EPS8/FSCN1/SYNPO/DPYSL3/PFN2/FERMT2/DLC1/ACTN1/SORBS3/TPM1/TJP1/MYO1B	20
Endothelial/Fibroblast	GO:0010810	regulation of cell-substrate adhesion	22/323	189/15651	0.116402116402116	5.64027716349698	9.3166048425268	5.48776802964934e-11	1.20435401450689e-08	1.20435401450689e-08	JUP/PTK2/PLPP3/FZD4/KDR/ITGA5/EFEMP2/MMP14/THY1/NRP1/EMP2/FN1/VCL/ACVRL1/JAG1/FERMT2/DLC1/CCDC80/EDIL3/ADAM15/ACTN4/MDK	22
Endothelial/Fibroblast	GO:0007015	actin filament organization	33/323	425/15651	0.0776470588235294	3.7623966490621	8.38114350860824	6.09156126428585e-11	1.2415532970603e-08	1.2415532970603e-08	MARCKS/RHOC/PDLIM1/TPM4/TPM2/MYL9/CDC42EP1/KANK2/MARCKSL1/PARVA/PLS3/ENAH/NRP1/CALD1/EPS8/GSN/EMP2/FSCN1/ESAM/SYNPO/CNN3/DSTN/SPTBN1/CTTN/DPYSL3/PFN2/FERMT2/DLC1/ACTN1/SORBS3/TPM1/TJP1/MYO1B	33
Endothelial/Fibroblast	GO:0071560	cellular response to transforming growth factor beta stimulus	24/323	228/15651	0.105263157894737	5.10053772201401	9.05397918861873	6.09244520113713e-11	1.2415532970603e-08	1.2415532970603e-08	LTBP4/PTK2/ACTA2/CDH5/TSC22D1/COL1A1/HYAL2/ENG/COL1A2/TGFBR2/DDR2/DKK3/COL4A2/NREP/TGFB1I1/ID1/ACVRL1/CLDN5/EMILIN1/FERMT2/FBN1/SPRY1/FKBP1A/COL3A1	24
Endothelial/Fibroblast	GO:0001570	vasculogenesis	13/323	55/15651	0.236363636363636	11.4530256121587	11.2728163616337	6.45070025722112e-11	1.26923088509323e-08	1.26923088509323e-08	EGFL7/ENG/KDR/PDGFRB/CD34/CAV1/TGFBR2/NRP1/EMP2/ITGAV/TIE1/RAMP2/SOX18	13
Endothelial/Fibroblast	GO:0061572	actin filament bundle organization	20/323	156/15651	0.128205128205128	6.21219337937604	9.49735595458556	7.2427610719648e-11	1.37757315588771e-08	1.37757315588771e-08	MARCKS/RHOC/PDLIM1/MYL9/PARVA/PLS3/NRP1/CALD1/EPS8/FSCN1/SYNPO/DPYSL3/PFN2/FERMT2/DLC1/ACTN1/SORBS3/TPM1/TJP1/MYO1B	20
Endothelial/Fibroblast	GO:0071559	response to transforming growth factor beta	24/323	234/15651	0.102564102564103	4.96975470350083	8.88152107529099	1.05059100832024e-10	1.93376525595977e-08	1.93376525595977e-08	LTBP4/PTK2/ACTA2/CDH5/TSC22D1/COL1A1/HYAL2/ENG/COL1A2/TGFBR2/DDR2/DKK3/COL4A2/NREP/TGFB1I1/ID1/ACVRL1/CLDN5/EMILIN1/FERMT2/FBN1/SPRY1/FKBP1A/COL3A1	24
Endothelial/Fibroblast	GO:0071711	basement membrane organization	10/323	28/15651	0.357142857142857	17.3053958425475	12.53556265964	1.15180649487356e-10	2.03727835029535e-08	2.03727835029535e-08	LAMC1/PXDN/ITGB1/COL4A1/LAMB1/PHLDB1/LAMB2/RAMP2/NID1/COL3A1	10
Endothelial/Fibroblast	GO:0003007	heart morphogenesis	21/323	178/15651	0.117977528089888	5.71661390753818	9.18689498197897	1.17823669049679e-10	2.03727835029535e-08	2.03727835029535e-08	EFNA1/PTK2/SOX4/FHL2/ENG/PARVA/TGFBR2/NRP1/INSR/EMP2/ACVRL1/CPE/CLDN5/JAG1/PLXND1/DLC1/SPRY1/TPM1/FKBP1A/SOX18/BMPR2	21
Endothelial/Fibroblast	GO:0048844	artery morphogenesis	12/323	47/15651	0.25531914893617	12.3715170278638	11.3335261340231	1.33257441093745e-10	2.23637340847325e-08	2.23637340847325e-08	LRP1/SOX4/ENG/MYLK/PDGFRB/EFEMP2/TGFBR2/NRP1/ACVRL1/JAG1/MDK/COL3A1	12
Endothelial/Fibroblast	GO:0061298	retina vasculature development in camera-type eye	7/323	10/15651	0.7	33.9185758513932	15.1155678267781	1.70110646906406e-10	2.77328957499415e-08	2.77328957499415e-08	PDGFRA/FZD4/PDGFRB/COL4A1/NRP1/ACVRL1/BMPR2	7
Endothelial/Fibroblast	GO:0090287	regulation of cellular response to growth factor stimulus	25/323	262/15651	0.0954198473282443	4.62357904190202	8.58615790533023	2.00607979070122e-10	3.17963646826143e-08	3.17963646826143e-08	LTBP4/CD63/TMEM204/CDH5/TSC22D1/CRIM1/ENG/KDR/ITGA5/ITGB1/CAV1/NRP1/DKK3/NREP/TGFB1I1/NR2F2/ACVRL1/FSTL1/EMILIN1/DCN/NBL1/MMRN2/FBN1/SPRY1/FKBP1A	25
Endothelial/Fibroblast	GO:1903053	regulation of extracellular matrix organization	13/323	60/15651	0.216666666666667	10.4986068111455	10.7007504567862	2.09335382356974e-10	3.22829105872674e-08	3.22829105872674e-08	LRP1/LAMC1/CST3/EFEMP2/DDR2/TIMP3/FSCN1/LAMB1/EMILIN1/AEBP1/TIE1/LAMB2/NID1	13
Endothelial/Fibroblast	GO:0150115	cell-substrate junction organization	16/323	101/15651	0.158415841584158	7.67605676976366	9.77082415746704	2.45179887343576e-10	3.68156957153274e-08	3.68156957153274e-08	PTK2/LAMC1/KDR/MMP14/THY1/NRP1/FN1/DST/VCL/ACVRL1/CTTN/CDH11/FERMT2/DLC1/ACTN1/ITGA6	16
Endothelial/Fibroblast	GO:0060840	artery development	13/323	61/15651	0.213114754098361	10.3264985027661	10.5943952419214	2.61143125961309e-10	3.82072481214161e-08	3.82072481214161e-08	LRP1/SOX4/ENG/MYLK/PDGFRB/EFEMP2/TGFBR2/NRP1/ACVRL1/JAG1/MDK/BMPR2/COL3A1	13
Endothelial/Fibroblast	GO:0141091	transforming growth factor beta receptor superfamily signaling pathway	26/323	289/15651	0.0899653979238754	4.35928310497391	8.36733838964991	3.13600706043408e-10	4.47351407170921e-08	4.47351407170921e-08	LTBP4/PTK2/CDH5/TSC22D1/CRIM1/ENG/KDR/COL1A2/CAV1/TGFBR2/DKK3/NREP/TGFB1I1/ID1/ACVRL1/CLDN5/FSTL1/EMILIN1/NFIA/FERMT2/NBL1/FBN1/SPRY1/FKBP1A/BMPR2/COL3A1	26
Endothelial/Fibroblast	GO:0001935	endothelial cell proliferation	18/323	136/15651	0.132352941176471	6.41317610635585	9.20367780116615	3.8784082357247e-10	5.39760912025491e-08	5.39760912025491e-08	CAV2/EGFL7/FLT1/ENG/KDR/CD34/CAV1/MMP14/NRP1/NR2F2/ACVRL1/LOXL2/TIE1/MMRN2/SPARC/MDK/BMPR2/PTPRM	18
Endothelial/Fibroblast	GO:0035987	endodermal cell differentiation	11/323	42/15651	0.261904761904762	12.6906236178682	11.0126153314224	5.90658061919222e-10	8.02451166978829e-08	8.02451166978829e-08	ITGA5/COL5A1/MMP2/MMP14/COL6A1/COL4A2/FN1/COL5A2/ITGAV/LAMB1/COL12A1	11
Endothelial/Fibroblast	GO:0007492	endoderm development	12/323	55/15651	0.218181818181818	10.5720236419927	10.3227207823817	9.65083945039225e-10	1.28064395125438e-07	1.28064395125438e-07	LAMC1/ITGA5/COL5A1/MMP2/MMP14/COL6A1/COL4A2/FN1/COL5A2/ITGAV/LAMB1/COL12A1	12
Endothelial/Fibroblast	GO:0035904	aorta development	10/323	34/15651	0.294117647058824	14.2515024585686	11.228492702837	1.0310900588159e-09	1.33713633536443e-07	1.33713633536443e-07	LRP1/SOX4/ENG/MYLK/PDGFRB/EFEMP2/TGFBR2/ACVRL1/JAG1/COL3A1	10
Endothelial/Fibroblast	GO:0035924	cellular response to vascular endothelial growth factor stimulus	13/323	68/15651	0.191176470588235	9.26347659806957	9.91305255822961	1.09572751612682e-09	1.3893824904488e-07	1.3893824904488e-07	CD63/PDGFRA/HSPB1/FLT1/KDR/PDGFRB/ITGA5/ITGB1/NRP1/NR2F2/EMILIN1/DCN/RAMP2	13
Endothelial/Fibroblast	GO:0032963	collagen metabolic process	15/323	97/15651	0.154639175257732	7.49305799368038	9.31171741614549	1.27583278762056e-09	1.58258736655716e-07	1.58258736655716e-07	PLOD1/COL1A1/CST3/RCN3/COL5A1/MMP2/ITGB1/MMP14/DDR2/PCOLCE/F2R/EMILIN1/VIM/ADAM15/MRC2	15
Endothelial/Fibroblast	GO:0034329	cell junction assembly	33/323	479/15651	0.0688935281837161	3.33824337338495	7.54486960008979	1.3451908595686e-09	1.63311894568052e-07	1.63311894568052e-07	RHOC/JUP/PTK2/LAMC1/CDH5/APP/KDR/PCDH17/CAV1/MMP14/THY1/NRP1/SDC2/MAP1B/FN1/DST/FSCN1/VCL/ACVRL1/ESAM/CLDN5/CTTN/CDH11/PLXND1/FERMT2/GJA1/DLC1/ACTN1/RAB13/PECAM1/RAMP2/TJP1/ITGA6	33
Endothelial/Fibroblast	GO:0001704	formation of primary germ layer	14/323	83/15651	0.168674698795181	8.17315080756462	9.51148401697577	1.40853975090596e-09	1.67440162888946e-07	1.67440162888946e-07	ITGA5/COL5A1/MMP2/ITGB1/MMP14/COL6A1/COL4A2/FN1/COL5A2/ITGAV/LAMB1/COL12A1/GJA1/BMPR2	14
Endothelial/Fibroblast	GO:0001569	branching involved in blood vessel morphogenesis	8/323	19/15651	0.421052631578947	20.4021508880561	12.283866593972	1.87209233610346e-09	2.18003242240946e-07	2.18003242240946e-07	NOTCH4/ENG/KDR/COL4A1/TGFBR2/NRP1/CTNND1/MDK	8
Endothelial/Fibroblast	GO:0038084	vascular endothelial growth factor signaling pathway	11/323	47/15651	0.234042553191489	11.3405572755418	10.3060106963347	2.19199223015292e-09	2.50150153305051e-07	2.50150153305051e-07	CD63/PDGFRA/FLT1/KDR/PDGFRB/ITGA5/ITGB1/NRP1/NR2F2/EMILIN1/DCN	11
Endothelial/Fibroblast	GO:2001046	positive regulation of integrin-mediated signaling pathway	7/323	13/15651	0.538461538461538	26.0912121933794	13.1376715859664	2.30597919785383e-09	2.57998378489293e-07	2.57998378489293e-07	CD63/LAMC1/EMP2/LAMB1/LAMB2/LIMS2/NID1	7
Endothelial/Fibroblast	GO:0008015	blood circulation	31/323	439/15651	0.0706150341685649	3.4216591324217	7.47081188017998	2.43381236602231e-09	2.67064103086986e-07	2.67064103086986e-07	JUP/SERPING1/CDH5/APP/PLVAP/ITGA1/CYB5R3/ENG/YWHAE/COL1A2/MMP2/ITGB1/CAV1/GSN/NR2F2/AKAP12/ACVRL1/F2R/CLDN5/RARRES2/EMILIN1/FERMT2/GJA1/PECAM1/FBN1/RAMP2/TPM1/FKBP1A/TJP1/ECE1/BMPR2	31
Endothelial/Fibroblast	GO:0002009	morphogenesis of an epithelium	25/323	296/15651	0.0844594594594595	4.09249226006192	7.79731811129611	2.5857361235657e-09	2.78381326812564e-07	2.78381326812564e-07	PODXL/RHOC/NOTCH4/ENG/CD151/KDR/ITGA5/COL5A1/MMP2/ITGB1/COL4A1/TGFBR2/NRP1/TCF21/ITGAV/VCL/ACVRL1/FERMT2/GJA1/CTNND1/TIE1/DLC1/MMRN2/MDK/SOX18	25
Endothelial/Fibroblast	GO:0001706	endoderm formation	11/323	49/15651	0.224489795918367	10.8776773867442	10.0526005807146	3.53432536213846e-09	3.7346037993263e-07	3.7346037993263e-07	ITGA5/COL5A1/MMP2/MMP14/COL6A1/COL4A2/FN1/COL5A2/ITGAV/LAMB1/COL12A1	11
Endothelial/Fibroblast	GO:0061437	renal system vasculature development	9/323	29/15651	0.310344827586207	15.0377922493861	10.9836119088648	4.23251232167199e-09	4.31262773347507e-07	4.31262773347507e-07	PDGFRA/ACTA2/AQP1/NOTCH3/PDGFRB/CD34/NRP1/TCF21/PECAM1	9
Endothelial/Fibroblast	GO:0061440	kidney vasculature development	9/323	29/15651	0.310344827586207	15.0377922493861	10.9836119088648	4.23251232167199e-09	4.31262773347507e-07	4.31262773347507e-07	PDGFRA/ACTA2/AQP1/NOTCH3/PDGFRB/CD34/NRP1/TCF21/PECAM1	9
Endothelial/Fibroblast	GO:0007179	transforming growth factor beta receptor signaling pathway	19/323	182/15651	0.104395604395604	5.05850032320621	7.99439946597995	7.26941669127525e-09	7.27706870884502e-07	7.27706870884501e-07	LTBP4/PTK2/CDH5/TSC22D1/ENG/COL1A2/TGFBR2/DKK3/NREP/TGFB1I1/ID1/ACVRL1/CLDN5/EMILIN1/FERMT2/FBN1/SPRY1/FKBP1A/COL3A1	19
Endothelial/Fibroblast	GO:2001044	regulation of integrin-mediated signaling pathway	8/323	22/15651	0.363636363636364	17.6200394033211	11.323833631966	7.50350664111433e-09	7.38189808520661e-07	7.38189808520661e-07	CD63/LAMC1/TIMP1/EMP2/LAMB1/LAMB2/LIMS2/NID1	8
Endothelial/Fibroblast	GO:0034446	substrate adhesion-dependent cell spreading	14/323	95/15651	0.147368421052632	7.14075281081962	8.7146537682011	8.71110319413826e-09	8.42467030944965e-07	8.42467030944965e-07	EFNA1/PTK2/LAMC1/ANTXR1/PARVA/NRP1/TGFB1I1/FN1/ITGAV/LAMB1/FERMT2/LAMB2/ACTN4/MDK	14
Endothelial/Fibroblast	GO:0010718	positive regulation of epithelial to mesenchymal transition	11/323	55/15651	0.2	9.69102167182662	9.37262520312977	1.29977050688227e-08	1.23608175204504e-06	1.23608175204504e-06	PTK2/COL1A1/ENG/TGFBR2/TGFB1I1/EMP2/LOXL2/JAG1/FERMT2/MDK/WWTR1	11
Endothelial/Fibroblast	GO:0050673	epithelial cell proliferation	24/323	298/15651	0.0805369127516778	3.9024248342926	7.34324764548484	1.38059352064393e-08	1.29008809274235e-06	1.29008809274235e-06	CAV2/NFIB/LAMC1/EGFL7/FLT1/ENG/KDR/NME2/CD34/CAV1/MMP14/NRP1/NR2F2/ACVRL1/LOXL2/LAMB1/NUPR1/TIE1/MMRN2/SPARC/MDK/BMPR2/PTN/PTPRM	24
Endothelial/Fibroblast	GO:0001952	regulation of cell-matrix adhesion	15/323	115/15651	0.130434782608696	6.32023152510432	8.3123827495839	1.41380629993598e-08	1.29008809274235e-06	1.29008809274235e-06	JUP/PTK2/PLPP3/KDR/EFEMP2/MMP14/THY1/NRP1/EMP2/VCL/ACVRL1/JAG1/FERMT2/DLC1/ADAM15	15
Endothelial/Fibroblast	GO:0001501	skeletal system development	25/323	322/15651	0.077639751552795	3.76204257446686	7.26970986636952	1.42438748410039e-08	1.29008809274235e-06	1.29008809274235e-06	NFIB/PDGFRA/ETS2/COL1A1/MGP/HYAL2/PPIB/COL1A2/PLS3/COL5A1/TIMP1/MMP14/TGFBR2/COL18A1/DDR2/FRZB/ACVRL1/LOXL2/CDH11/NFIA/GJA1/FBN1/MDK/BMPR2/COL3A1	25
Endothelial/Fibroblast	GO:0045785	positive regulation of cell adhesion	29/323	423/15651	0.0685579196217494	3.32198142414861	7.02786122117574	1.58339735917387e-08	1.41169770803845e-06	1.41169770803845e-06	PODXL/CD63/JUP/PTK2/PLPP3/LAMC1/SOX4/CD81/KDR/ITGA5/EFEMP2/CAV1/TGFBR2/THY1/NRP1/EMP2/FN1/ITGAV/LAMB1/FERMT2/IL6ST/CCDC80/EDIL3/LAMB2/TPM1/MDK/TJP1/NID1/IGFBP2	29
Endothelial/Fibroblast	GO:0060485	mesenchyme development	22/323	257/15651	0.0856031128404669	4.14790810856393	7.38632738558475	1.8835929280729e-08	1.65350480732061e-06	1.65350480732061e-06	EFNA1/NOTCH4/PTK2/ACTA2/COL1A1/SOX4/ENG/TGFBR2/NRP1/TCF21/TGFB1I1/EMP2/FN1/FRZB/ACVRL1/LOXL2/JAG1/FERMT2/SPRY1/MDK/BMPR2/WWTR1	22
Endothelial/Fibroblast	GO:0035633	maintenance of blood-brain barrier	9/323	34/15651	0.264705882352941	12.8263522127117	10.0209096996205	2.02409302705183e-08	1.74992042611481e-06	1.74992042611481e-06	LAMC1/CDH5/ITGB1/VCL/ESAM/CLDN5/GJA1/PECAM1/TJP1	9
Endothelial/Fibroblast	GO:0048598	embryonic morphogenesis	25/323	330/15651	0.0757575757575758	3.67084154235857	7.11831532819516	2.32053969640902e-08	1.97626858324028e-06	1.97626858324028e-06	PDGFRA/FLT1/ENG/ITGA5/COL5A1/MMP2/ITGB1/MMP14/TGFBR2/COL6A1/COL4A2/TCF21/FN1/COL5A2/ITGAV/LAMB1/COL12A1/GJA1/DLC1/FBN1/MAP3K20/SPARC/ECE1/SOX18/BMPR2	25
Endothelial/Fibroblast	GO:0001503	ossification	24/323	310/15651	0.0774193548387097	3.75136322780385	7.10260441187036	2.9560406546862e-08	2.48046587877051e-06	2.48046587877051e-06	RRBP1/PTK2/TPM4/PTPRB/COL1A1/MGP/PDLIM7/FHL2/CRIM1/CLEC11A/MMP14/IGFBP5/COL6A1/DDR2/CDH11/FERMT2/IL6ST/CLEC3B/MDK/MRC2/BMPR2/PTN/WWTR1/IGFBP2	24
Endothelial/Fibroblast	GO:0072012	glomerulus vasculature development	8/323	27/15651	0.296296296296296	14.3570691434469	10.0835307564157	4.7608616452832e-08	3.93702558666463e-06	3.93702558666463e-06	PDGFRA/ACTA2/AQP1/NOTCH3/PDGFRB/CD34/TCF21/PECAM1	8
Endothelial/Fibroblast	GO:0045216	cell-cell junction organization	18/323	184/15651	0.0978260869565217	4.74017364382824	7.40821060955529	5.01873010347311e-08	4.09098199577394e-06	4.09098199577394e-06	RHOC/JUP/CDH5/CAV1/FSCN1/VCL/ACVRL1/F2R/ESAM/CLDN5/CDH11/FERMT2/GJA1/RAB13/PECAM1/RAMP2/LIMS2/TJP1	18
Endothelial/Fibroblast	GO:0042692	muscle cell differentiation	24/323	319/15651	0.0752351097178683	3.64552539379058	6.92984557782065	5.09951705283377e-08	4.09828793006613e-06	4.09828793006613e-06	CAV2/PDGFRA/NOTCH4/LAMC1/TMEM204/MYL9/FHL2/CD81/ENG/PDGFRB/EFEMP2/ITGB1/EHD2/MMP14/CSRP1/SELENON/COL6A1/LAMB1/ACTN1/LAMB2/ACTN4/RAMP2/TPM1/NID1	24
Endothelial/Fibroblast	GO:0090092	regulation of transmembrane receptor protein serine/threonine kinase signaling pathway	20/323	230/15651	0.0869565217391304	4.21348768340288	7.1268886811058	6.53302919200238e-08	5.17742563466189e-06	5.17742563466189e-06	LTBP4/LRP1/CDH5/TSC22D1/CRIM1/ENG/KDR/CAV1/TGFBR2/DKK3/NREP/TGFB1I1/ACVRL1/FSTL1/EMILIN1/NBL1/FBN1/SPRY1/FKBP1A/BMPR2	20
Endothelial/Fibroblast	GO:0001937	negative regulation of endothelial cell proliferation	9/323	39/15651	0.230769230769231	11.1819480828769	9.24165169879634	7.46779498040216e-08	5.83715591207873e-06	5.83715591207873e-06	CAV2/FLT1/ENG/CAV1/NR2F2/ACVRL1/MMRN2/SPARC/PTPRM	9
Endothelial/Fibroblast	GO:0048010	vascular endothelial growth factor receptor signaling pathway	10/323	52/15651	0.192307692307692	9.31829006906406	8.72173806671796	8.94890590864685e-08	6.90033204253229e-06	6.90033204253229e-06	CLEC14A/HSPB1/PTK2/TMEM204/FLT1/KDR/ITGA5/NRP1/EMILIN1/MMRN2	10
Endothelial/Fibroblast	GO:0007369	gastrulation	14/323	114/15651	0.12280701754386	5.95062734234968	7.70095818339707	9.36446557824002e-08	7.12448541192501e-06	7.12448541192501e-06	ITGA5/COL5A1/MMP2/ITGB1/MMP14/COL6A1/COL4A2/FN1/COL5A2/ITGAV/LAMB1/COL12A1/GJA1/BMPR2	14
Endothelial/Fibroblast	GO:0010717	regulation of epithelial to mesenchymal transition	13/323	99/15651	0.131313131313131	6.36279200675486	7.77018060077982	1.21701813834626e-07	9.13724407553124e-06	9.13724407553124e-06	EFNA1/PTK2/COL1A1/ENG/TGFBR2/TGFB1I1/EMP2/LOXL2/JAG1/FERMT2/SPRY1/MDK/WWTR1	13
Endothelial/Fibroblast	GO:0048041	focal adhesion assembly	12/323	83/15651	0.144578313253012	7.00555783505539	7.96327428400276	1.27044890329939e-07	9.41452135354065e-06	9.41452135354065e-06	PTK2/KDR/MMP14/THY1/NRP1/VCL/ACVRL1/CTTN/CDH11/FERMT2/DLC1/ACTN1	12
Endothelial/Fibroblast	GO:0048771	tissue remodeling	14/323	118/15651	0.11864406779661	5.74891116125308	7.51662811384308	1.45107912561246e-07	1.06152019112112e-05	1.06152019112112e-05	CST3/MMP2/CAV1/MMP14/DDR2/BGN/ACVRL1/F2R/GJA1/TIE1/EPAS1/MDK/BMPR2/PTN	14
Endothelial/Fibroblast	GO:0045766	positive regulation of angiogenesis	16/323	158/15651	0.10126582278481	4.90684641611475	7.16477915014963	1.74281720763304e-07	1.25879936541192e-05	1.25879936541192e-05	JUP/HSPB1/FLT1/CDH5/AQP1/KDR/ITGA5/ITGB1/CD34/NRP1/EMP2/EMILIN1/TIE1/RAMP2/MDK/TJP1	16
Endothelial/Fibroblast	GO:0001936	regulation of endothelial cell proliferation	14/323	120/15651	0.116666666666667	5.6530959752322	7.42760174941617	1.7939680279764e-07	1.27954769595417e-05	1.27954769595417e-05	CAV2/EGFL7/FLT1/ENG/KDR/CAV1/NRP1/NR2F2/ACVRL1/TIE1/MMRN2/SPARC/MDK/PTPRM	14
Endothelial/Fibroblast	GO:0007043	cell-cell junction assembly	15/323	139/15651	0.107913669064748	5.22896852796401	7.26981972480661	1.84334015324028e-07	1.29853073017149e-05	1.29853073017149e-05	RHOC/JUP/CDH5/CAV1/FSCN1/VCL/ACVRL1/ESAM/CLDN5/CDH11/GJA1/RAB13/PECAM1/RAMP2/TJP1	15
Endothelial/Fibroblast	GO:0010811	positive regulation of cell-substrate adhesion	13/323	104/15651	0.125	6.05688854489164	7.51090793049159	2.19401813614793e-07	1.52671554693416e-05	1.52671554693416e-05	JUP/PLPP3/KDR/ITGA5/EFEMP2/THY1/NRP1/EMP2/FN1/FERMT2/CCDC80/EDIL3/MDK	13
Endothelial/Fibroblast	GO:0010594	regulation of endothelial cell migration	16/323	161/15651	0.0993788819875776	4.81541449531758	7.06390159667883	2.26090305762231e-07	1.55430275262565e-05	1.55430275262565e-05	SERPINF1/EFNA1/JUP/HSPB1/PTK2/PLPP3/KDR/NRP1/EMP2/NR2F2/ACVRL1/DCN/MMRN2/SPARC/PTN/PTPRM	16
Endothelial/Fibroblast	GO:1904018	positive regulation of vasculature development	16/323	162/15651	0.0987654320987654	4.78568971448228	7.03082873056198	2.46242187466514e-07	1.67268800200468e-05	1.67268800200468e-05	JUP/HSPB1/FLT1/CDH5/AQP1/KDR/ITGA5/ITGB1/CD34/NRP1/EMP2/EMILIN1/TIE1/RAMP2/MDK/TJP1	16
Endothelial/Fibroblast	GO:0007517	muscle organ development	19/323	230/15651	0.0826086956521739	4.00281329923274	6.65965400281657	3.12347832412893e-07	2.05109121867812e-05	2.05109121867812e-05	CAV2/COL6A3/ID3/SGCE/ENG/MYLK/EFEMP2/ITGB1/FHL1/CAV1/SELENON/COL6A1/TCF21/VAMP5/TAGLN/TPM1/FKBP1A/COL3A1/LMNA	19
Endothelial/Fibroblast	GO:0032835	glomerulus development	10/323	59/15651	0.169491525423729	8.21273023036155	8.05731732635702	3.12732099588146e-07	2.05109121867812e-05	2.05109121867812e-05	PODXL/PDGFRA/ACTA2/AQP1/NOTCH3/PDGFRB/CD34/TCF21/JAG1/PECAM1	10
Endothelial/Fibroblast	GO:0043297	apical junction assembly	10/323	59/15651	0.169491525423729	8.21273023036155	8.05731732635702	3.12732099588146e-07	2.05109121867812e-05	2.05109121867812e-05	RHOC/CDH5/VCL/ACVRL1/ESAM/CLDN5/RAB13/PECAM1/RAMP2/TJP1	10
Endothelial/Fibroblast	GO:0001667	ameboidal-type cell migration	17/323	188/15651	0.0904255319148936	4.38157894736842	6.77122529369266	3.69604240820375e-07	2.39654749786484e-05	2.39654749786484e-05	CD63/PDLIM1/PTK2/ACTA2/HYAL2/KANK2/MMP2/ITGB1/TIMP1/NRP1/DDR2/FN1/TNS1/AKAP12/PFN2/GJA1/BMPR2	17
Endothelial/Fibroblast	GO:0050678	regulation of epithelial cell proliferation	20/323	256/15651	0.078125	3.78555534055728	6.52315372535632	3.74176624558453e-07	2.39893462891071e-05	2.39893462891071e-05	CAV2/NFIB/LAMC1/EGFL7/FLT1/ENG/KDR/NME2/CAV1/NRP1/NR2F2/ACVRL1/LAMB1/NUPR1/TIE1/MMRN2/SPARC/MDK/PTN/PTPRM	20
Endothelial/Fibroblast	GO:0048762	mesenchymal cell differentiation	18/323	211/15651	0.0853080568720379	4.13361113964169	6.65240020549513	3.99418910393598e-07	2.53231589189541e-05	2.53231589189541e-05	EFNA1/NOTCH4/PTK2/COL1A1/ENG/TGFBR2/NRP1/TCF21/TGFB1I1/EMP2/FN1/FRZB/LOXL2/JAG1/FERMT2/SPRY1/MDK/WWTR1	18
Endothelial/Fibroblast	GO:0007596	blood coagulation	18/323	212/15651	0.0849056603773585	4.11411297388866	6.62686917437425	4.28415596846774e-07	2.68162613357615e-05	2.68162613357615e-05	PDGFRA/HSPB1/SERPING1/MYL9/CD59/CAV1/PLAT/CSRP1/SERPINE2/VWF/FN1/VCL/F2R/ANXA5/EMILIN1/IL6ST/TFPI/COL3A1	18
Endothelial/Fibroblast	GO:0044319	wound healing, spreading of cells	8/323	35/15651	0.228571428571429	11.0754533392304	8.66222388428968	4.37068402423031e-07	2.68162613357615e-05	2.68162613357615e-05	RHOC/CD151/ITGA5/COL5A1/ITGB1/ITGAV/ACVRL1/FERMT2	8
Endothelial/Fibroblast	GO:0090505	epiboly involved in wound healing	8/323	35/15651	0.228571428571429	11.0754533392304	8.66222388428968	4.37068402423031e-07	2.68162613357615e-05	2.68162613357615e-05	RHOC/CD151/ITGA5/COL5A1/ITGB1/ITGAV/ACVRL1/FERMT2	8
Endothelial/Fibroblast	GO:0050817	coagulation	18/323	215/15651	0.0837209302325581	4.05670674634603	6.55120676728556	5.27288850541657e-07	3.200755511905e-05	3.200755511905e-05	PDGFRA/HSPB1/SERPING1/MYL9/CD59/CAV1/PLAT/CSRP1/SERPINE2/VWF/FN1/VCL/F2R/ANXA5/EMILIN1/IL6ST/TFPI/COL3A1	18
Endothelial/Fibroblast	GO:1903034	regulation of response to wounding	15/323	151/15651	0.0993377483443709	4.81342136017879	6.83522957269622	5.44721777453276e-07	3.24674655388623e-05	3.24674655388623e-05	PDGFRA/PTK2/SERPING1/MYLK/ITGB1/CAV1/PLAT/SERPINE2/DDR2/F2R/EMILIN1/FERMT2/MDK/TFPI/PTN	15
Endothelial/Fibroblast	GO:0085029	extracellular matrix assembly	8/323	36/15651	0.222222222222222	10.7678018575851	8.51712034140424	5.51935534046554e-07	3.24674655388623e-05	3.24674655388623e-05	LTBP4/PXDN/EFEMP2/EMILIN1/TIE1/FBN1/RAMP2/COL3A1	8
Endothelial/Fibroblast	GO:0090504	epiboly	8/323	36/15651	0.222222222222222	10.7678018575851	8.51712034140424	5.51935534046554e-07	3.24674655388623e-05	3.24674655388623e-05	RHOC/CD151/ITGA5/COL5A1/ITGB1/ITGAV/ACVRL1/FERMT2	8
Endothelial/Fibroblast	GO:0043534	blood vessel endothelial cell migration	13/323	113/15651	0.115044247787611	5.57448149264363	7.08433719603889	5.83008409290645e-07	3.38577311420795e-05	3.38577311420795e-05	CLEC14A/EFNA1/JUP/HSPB1/CDH5/KDR/NRP1/EMP2/ID1/ACVRL1/CTNND1/MMRN2/SOX18	13
Endothelial/Fibroblast	GO:0055001	muscle cell development	14/323	132/15651	0.106060606060606	5.139178159302	6.93242061518314	5.87436975651222e-07	3.38577311420795e-05	3.38577311420795e-05	CAV2/PDGFRA/MYL9/FHL2/ENG/PDGFRB/EFEMP2/CSRP1/SELENON/COL6A1/ACTN1/ACTN4/RAMP2/TPM1	14
Endothelial/Fibroblast	GO:0032964	collagen biosynthetic process	9/323	49/15651	0.183673469387755	8.8999178618816	8.03981703153443	6.0384613312316e-07	3.44554603560075e-05	3.44554603560075e-05	PLOD1/COL1A1/RCN3/COL5A1/DDR2/PCOLCE/F2R/EMILIN1/VIM	9
Endothelial/Fibroblast	GO:0007599	hemostasis	18/323	218/15651	0.0825688073394495	4.00088050671741	6.47690396025734	6.46517020402422e-07	3.65250110734279e-05	3.65250110734279e-05	PDGFRA/HSPB1/SERPING1/MYL9/CD59/CAV1/PLAT/CSRP1/SERPINE2/VWF/FN1/VCL/F2R/ANXA5/EMILIN1/IL6ST/TFPI/COL3A1	18
Endothelial/Fibroblast	GO:0010761	fibroblast migration	8/323	38/15651	0.210526315789474	10.201075444028	8.24333399305191	8.60494130125696e-07	4.81370539852669e-05	4.81370539852669e-05	PDLIM1/PTK2/ACTA2/HYAL2/ITGB1/DDR2/TNS1/AKAP12	8
Endothelial/Fibroblast	GO:0001649	osteoblast differentiation	16/323	178/15651	0.0898876404494382	4.35551535812433	6.53578346877997	8.858876872546e-07	4.86045686872572e-05	4.86045686872572e-05	RRBP1/PTK2/TPM4/PTPRB/COL1A1/FHL2/CRIM1/IGFBP5/COL6A1/DDR2/FERMT2/IL6ST/MRC2/BMPR2/WWTR1/IGFBP2	16
Endothelial/Fibroblast	GO:0051897	positive regulation of phosphatidylinositol 3-kinase/protein kinase B signal transduction	16/323	178/15651	0.0898876404494382	4.35551535812433	6.53578346877997	8.858876872546e-07	4.86045686872572e-05	4.86045686872572e-05	PDGFRA/PTK2/FLT1/APP/ENG/KDR/PDGFRB/ITGB1/INSR/DDR2/FN1/RAMP3/F2R/FERMT2/DCN/PECAM1	16
Endothelial/Fibroblast	GO:0022617	extracellular matrix disassembly	10/323	66/15651	0.151515151515152	7.34168308471714	7.49443307597053	9.2418722398599e-07	4.97491726421138e-05	4.97491726421138e-05	LRP1/LAMC1/ENG/CST3/MMP2/MMP14/DDR2/TIMP3/FSCN1/ADAM15	10
Endothelial/Fibroblast	GO:1903036	positive regulation of response to wounding	10/323	66/15651	0.151515151515152	7.34168308471714	7.49443307597053	9.2418722398599e-07	4.97491726421138e-05	4.97491726421138e-05	PTK2/MYLK/ITGB1/PLAT/DDR2/F2R/EMILIN1/FERMT2/MDK/PTN	10
Endothelial/Fibroblast	GO:0072001	renal system development	18/323	224/15651	0.0803571428571429	3.8937140645732	6.33219923241107	9.61332121398536e-07	5.12650568663555e-05	5.12650568663556e-05	PODXL/PDGFRA/SERPINF1/ACTA2/SOX4/AQP1/ID3/HYAL2/NOTCH3/KANK2/PDGFRB/CD34/COL4A1/NRP1/TCF21/JAG1/PECAM1/FBN1	18
Endothelial/Fibroblast	GO:0048251	elastic fiber assembly	5/323	11/15651	0.454545454545455	22.0250492541514	10.1258310368995	1.51443274651807e-06	8.00125301077046e-05	8.00125301077046e-05	LTBP4/EFEMP2/EMILIN1/FBN1/COL3A1	5
Endothelial/Fibroblast	GO:0002064	epithelial cell development	13/323	123/15651	0.105691056910569	5.12127161519293	6.66103504711512	1.55026425345682e-06	8.115420027729e-05	8.115420027729e-05	ROBO4/PODXL/ACTA2/CDH5/COL18A1/VCL/CLDN5/JAG1/IL6ST/RAB13/PECAM1/TJP1/SOX18	13
Endothelial/Fibroblast	GO:0031032	actomyosin structure organization	16/323	186/15651	0.0860215053763441	4.16818136422651	6.30967850331967	1.59078735117251e-06	8.2518478416276e-05	8.2518478416276e-05	PDGFRA/RHOC/PDLIM1/MYL9/PDGFRB/NRP1/CSRP1/EPB41L2/SYNPO/CNN3/PFN2/FERMT2/DLC1/SORBS3/TPM1/TJP1	16
Endothelial/Fibroblast	GO:0032970	regulation of actin filament-based process	23/323	359/15651	0.064066852367688	3.10436627370491	5.85533973722332	1.65317766534058e-06	8.49822680939941e-05	8.49822680939941e-05	PDGFRA/RHOC/JUP/LRP1/ACTA2/CDC42EP1/KANK2/PDGFRB/CAV1/NRP1/EPS8/GSN/FSCN1/ESAM/SYNPO/SPTBN1/CTTN/PFN2/FERMT2/DLC1/SORBS3/TPM1/TJP1	23
Endothelial/Fibroblast	GO:0003206	cardiac chamber morphogenesis	11/323	87/15651	0.126436781609195	6.12650795345361	6.96043427568364	1.69030687550197e-06	8.58488518791659e-05	8.58488518791659e-05	SOX4/FHL2/ENG/PARVA/TGFBR2/NRP1/CPE/JAG1/TPM1/FKBP1A/BMPR2	11
Endothelial/Fibroblast	GO:0061041	regulation of wound healing	13/323	124/15651	0.104838709677419	5.07997103765105	6.62124766072225	1.70012622894247e-06	8.58488518791659e-05	8.58488518791659e-05	PDGFRA/PTK2/SERPING1/MYLK/ITGB1/CAV1/PLAT/SERPINE2/DDR2/F2R/EMILIN1/FERMT2/TFPI	13
Endothelial/Fibroblast	GO:0051896	regulation of phosphatidylinositol 3-kinase/protein kinase B signal transduction	18/323	237/15651	0.0759493670886076	3.68013481208606	6.03516046441908	2.16667978181401e-06	0.000108448024868691	0.000108448024868691	PDGFRA/PTK2/FLT1/APP/HYAL2/ENG/KDR/RCN3/PDGFRB/ITGB1/INSR/DDR2/FN1/RAMP3/F2R/FERMT2/DCN/PECAM1	18
Endothelial/Fibroblast	GO:0014909	smooth muscle cell migration	9/323	57/15651	0.157894736842105	7.65080658302102	7.3021149798892	2.28742715735524e-06	0.000113496168346687	0.000113496168346687	LRP1/PARVA/PDGFRB/NRP1/PLAT/IGFBP5/DDR2/TPM1/MDK	9
Endothelial/Fibroblast	GO:0050680	negative regulation of epithelial cell proliferation	11/323	90/15651	0.122222222222222	5.92229102167183	6.79806756432274	2.37674754574775e-06	0.000116911392207213	0.000116911392207213	CAV2/NFIB/FLT1/ENG/CAV1/NR2F2/ACVRL1/NUPR1/MMRN2/SPARC/PTPRM	11
Endothelial/Fibroblast	GO:0050878	regulation of body fluid levels	21/323	316/15651	0.0664556962025316	3.2201179605753	5.7875317645721	2.66089564775773e-06	0.000129769833898338	0.000129769833898338	PDGFRA/HSPB1/SERPING1/MYL9/AQP1/CD59/HYAL2/CAV1/PLAT/CSRP1/SERPINE2/VWF/FN1/VCL/F2R/ANXA5/EMILIN1/IL6ST/ADCY4/TFPI/COL3A1	21
Endothelial/Fibroblast	GO:0048754	branching morphogenesis of an epithelial tube	10/323	74/15651	0.135135135135135	6.54798761609907	6.94424634890201	2.71969096587688e-06	0.000131513191960114	0.000131513191960114	NOTCH4/ENG/KDR/COL4A1/TGFBR2/NRP1/TCF21/CTNND1/TIE1/MDK	10
Endothelial/Fibroblast	GO:0001822	kidney development	17/323	218/15651	0.0779816513761468	3.77860936745534	5.99716848964633	2.91034685097501e-06	0.000139549908669441	0.000139549908669441	PODXL/PDGFRA/SERPINF1/ACTA2/SOX4/AQP1/ID3/HYAL2/NOTCH3/KANK2/PDGFRB/CD34/NRP1/TCF21/JAG1/PECAM1/FBN1	17
Endothelial/Fibroblast	GO:0001837	epithelial to mesenchymal transition	14/323	151/15651	0.0927152317880795	4.49252660283353	6.26005333908258	2.97857331677378e-06	0.000141631161212593	0.000141631161212593	EFNA1/NOTCH4/PTK2/COL1A1/ENG/TGFBR2/TGFB1I1/EMP2/LOXL2/JAG1/FERMT2/SPRY1/MDK/WWTR1	14
Endothelial/Fibroblast	GO:0001654	eye development	18/323	244/15651	0.0737704918032787	3.57455717403441	5.88374847723175	3.27451558945933e-06	0.000153150704536516	0.000153150704536516	PDGFRA/SERPINF1/FZD4/PXDN/FLT1/SOX4/PDGFRB/COL5A1/COL4A1/THY1/NRP1/COL5A2/ACVRL1/C12orf57/FBN1/SPRY1/BMPR2/PTPRM	18
Endothelial/Fibroblast	GO:0003018	vascular process in circulatory system	18/323	244/15651	0.0737704918032787	3.57455717403441	5.88374847723175	3.27451558945933e-06	0.000153150704536516	0.000153150704536516	LRP1/CDH5/PLVAP/ITGA1/MMP2/ITGB1/CAV1/INSR/AKAP12/F2R/CLDN5/FERMT2/PECAM1/FBN1/RAMP2/TJP1/ECE1/BMPR2	18
Endothelial/Fibroblast	GO:0003151	outflow tract morphogenesis	9/323	60/15651	0.15	7.26826625386997	7.06157800959315	3.560040747466e-06	0.000165151158577569	0.000165151158577569	ENG/PARVA/TGFBR2/NRP1/CLDN5/JAG1/PLXND1/SOX18/BMPR2	9
Endothelial/Fibroblast	GO:0002040	sprouting angiogenesis	13/323	133/15651	0.0977443609022556	4.73621359901301	6.2813837953813	3.74686085657175e-06	0.000172416032641923	0.000172416032641923	CLEC14A/FLT1/CDH5/KDR/PARVA/ITGA5/NRP1/ACVRL1/LOXL2/CTNND1/MMRN2/RAMP2/TJP1	13
Endothelial/Fibroblast	GO:0002011	morphogenesis of an epithelial sheet	8/323	46/15651	0.173913043478261	8.42697536680576	7.32275828842973	3.97715153829036e-06	0.000181549013419878	0.000181549013419878	RHOC/CD151/ITGA5/COL5A1/ITGB1/ITGAV/ACVRL1/FERMT2	8
Endothelial/Fibroblast	GO:0060562	epithelial tube morphogenesis	15/323	177/15651	0.0847457627118644	4.10636511518077	6.03328059021186	4.0615992131844e-06	0.000182746647842974	0.000182746647842974	PODXL/NOTCH4/ENG/KDR/COL4A1/TGFBR2/NRP1/TCF21/ACVRL1/CTNND1/TIE1/DLC1/MMRN2/MDK/SOX18	15
Endothelial/Fibroblast	GO:0010763	positive regulation of fibroblast migration	5/323	13/15651	0.384615384615385	18.6365801381281	9.2344521248536	4.07748263975003e-06	0.000182746647842974	0.000182746647842974	PTK2/ACTA2/ITGB1/DDR2/AKAP12	5
Endothelial/Fibroblast	GO:0150063	visual system development	18/323	248/15651	0.0725806451612903	3.51690302606611	5.79969762797375	4.11628218259089e-06	0.000182746647842974	0.000182746647842974	PDGFRA/SERPINF1/FZD4/PXDN/FLT1/SOX4/PDGFRB/COL5A1/COL4A1/THY1/NRP1/COL5A2/ACVRL1/C12orf57/FBN1/SPRY1/BMPR2/PTPRM	18
Endothelial/Fibroblast	GO:0001945	lymph vessel development	6/323	22/15651	0.272727272727273	13.2150295524909	8.32254118689476	4.16352334728123e-06	0.000182746647842974	0.000182746647842974	TMEM204/NR2F2/ACVRL1/TIE1/SOX18/BMPR2	6
Endothelial/Fibroblast	GO:0035313	wound healing, spreading of epidermal cells	6/323	22/15651	0.272727272727273	13.2150295524909	8.32254118689476	4.16352334728123e-06	0.000182746647842974	0.000182746647842974	ITGA5/COL5A1/ITGB1/ITGAV/ACVRL1/FERMT2	6
Endothelial/Fibroblast	GO:0061138	morphogenesis of a branching epithelium	10/323	78/15651	0.128205128205128	6.21219337937604	6.69880546624509	4.42872582675732e-06	0.000192903126469292	0.000192903126469292	NOTCH4/ENG/KDR/COL4A1/TGFBR2/NRP1/TCF21/CTNND1/TIE1/MDK	10
Endothelial/Fibroblast	GO:0030038	contractile actin filament bundle assembly	11/323	97/15651	0.11340206185567	5.49490919536561	6.44616516273469	4.9983066769793e-06	0.000214438630818375	0.000214438630818375	RHOC/PDLIM1/MYL9/NRP1/SYNPO/PFN2/FERMT2/DLC1/SORBS3/TPM1/TJP1	11
Endothelial/Fibroblast	GO:0043149	stress fiber assembly	11/323	97/15651	0.11340206185567	5.49490919536561	6.44616516273469	4.9983066769793e-06	0.000214438630818375	0.000214438630818375	RHOC/PDLIM1/MYL9/NRP1/SYNPO/PFN2/FERMT2/DLC1/SORBS3/TPM1/TJP1	11
Endothelial/Fibroblast	GO:0048880	sensory system development	18/323	253/15651	0.0711462450592885	3.44739901369327	5.69703083227112	5.44056846501089e-06	0.00023167077359218	0.00023167077359218	PDGFRA/SERPINF1/FZD4/PXDN/FLT1/SOX4/PDGFRB/COL5A1/COL4A1/THY1/NRP1/COL5A2/ACVRL1/C12orf57/FBN1/SPRY1/BMPR2/PTPRM	18
Endothelial/Fibroblast	GO:0072224	metanephric glomerulus development	5/323	14/15651	0.357142857142857	17.3053958425475	8.86001245785501	6.23570376556038e-06	0.000263562412491019	0.000263562412491019	PDGFRA/AQP1/PDGFRB/CD34/TCF21	5
Endothelial/Fibroblast	GO:0051893	regulation of focal adhesion assembly	9/323	65/15651	0.138461538461538	6.70916884972613	6.6954214012331	7.03234026256089e-06	0.00029289440538812	0.00029289440538812	PTK2/KDR/MMP14/THY1/NRP1/VCL/ACVRL1/FERMT2/DLC1	9
Endothelial/Fibroblast	GO:0090109	regulation of cell-substrate junction assembly	9/323	65/15651	0.138461538461538	6.70916884972613	6.6954214012331	7.03234026256089e-06	0.00029289440538812	0.00029289440538812	PTK2/KDR/MMP14/THY1/NRP1/VCL/ACVRL1/FERMT2/DLC1	9
Endothelial/Fibroblast	GO:0050900	leukocyte migration	21/323	337/15651	0.0623145400593472	3.01945779092521	5.44027803467829	7.2499196009681e-06	0.000299768414805246	0.000299768414805246	PTK2/FLT1/APP/PLVAP/CD81/PPIB/MMP2/ITGB1/CD34/MMP14/THY1/EPS8/EMP2/LGALS3/RARRES2/EMILIN1/NBL1/PECAM1/MDK/ITGA6/PTN	21
Endothelial/Fibroblast	GO:0070830	bicellular tight junction assembly	8/323	50/15651	0.16	7.7528173374613	6.94239743409293	7.61684042753738e-06	0.000309707848504399	0.000309707848504399	CDH5/ACVRL1/ESAM/CLDN5/RAB13/PECAM1/RAMP2/TJP1	8
Endothelial/Fibroblast	GO:1905517	macrophage migration	8/323	50/15651	0.16	7.7528173374613	6.94239743409293	7.61684042753738e-06	0.000309707848504399	0.000309707848504399	PTK2/CD81/MMP2/MMP14/LGALS3/RARRES2/EMILIN1/MDK	8
Endothelial/Fibroblast	GO:0060326	cell chemotaxis	19/323	285/15651	0.0666666666666667	3.23034055727554	5.51605875706918	7.65313821225381e-06	0.000309707848504399	0.000309707848504399	PDGFRA/HSPB1/PTK2/FLT1/APP/ITGA1/ENG/PPIB/KDR/PARVA/PDGFRB/MMP2/NRP1/LGALS3/RARRES2/RAB13/NBL1/MDK/PTN	19
Endothelial/Fibroblast	GO:0014812	muscle cell migration	9/323	66/15651	0.136363636363636	6.60751477624543	6.62681241741074	7.99678547917799e-06	0.000321335619325279	0.000321335619325279	LRP1/PARVA/PDGFRB/NRP1/PLAT/IGFBP5/DDR2/TPM1/MDK	9
Endothelial/Fibroblast	GO:0061564	axon development	23/323	397/15651	0.0579345088161209	2.80722290241829	5.29457116675876	8.82184637195426e-06	0.000351611976563455	0.000351611976563455	ROBO4/NFIB/EFNA1/JUP/PTK2/APP/NOTCH3/ENAH/MMP2/THY1/NRP1/MAP1B/NREP/CTTN/PLXND1/VIM/PGRMC1/C12orf57/ECE1/BMPR2/PTN/PALLD/PTPRM	23
Endothelial/Fibroblast	GO:0001885	endothelial cell development	8/323	51/15651	0.156862745098039	7.60080131123657	6.8538585228179	8.87348836753199e-06	0.000351611976563455	0.000351611976563455	ROBO4/CDH5/COL18A1/VCL/CLDN5/PECAM1/TJP1/SOX18	8
Endothelial/Fibroblast	GO:1902903	regulation of supramolecular fiber organization	21/323	342/15651	0.0614035087719298	2.97531367117484	5.36156279998062	9.0832403183292e-06	0.000356097380055199	0.000356097380055199	RHOC/CDH5/APP/CDC42EP1/KANK2/NRP1/HSPG2/MAP1B/EPS8/GSN/ESAM/SYNPO/SPTBN1/CTTN/CRYAB/PFN2/FERMT2/DLC1/SORBS3/TPM1/TJP1	21
Endothelial/Fibroblast	GO:0032956	regulation of actin cytoskeleton organization	20/323	315/15651	0.0634920634920635	3.0765148164529	5.40443063925696	9.11149973502613e-06	0.000356097380055199	0.000356097380055199	PDGFRA/RHOC/LRP1/CDC42EP1/KANK2/PDGFRB/NRP1/EPS8/GSN/FSCN1/ESAM/SYNPO/SPTBN1/CTTN/PFN2/FERMT2/DLC1/SORBS3/TPM1/TJP1	20
Endothelial/Fibroblast	GO:0043010	camera-type eye development	15/323	191/15651	0.0785340314136126	3.80537500202616	5.66263472512997	1.02749652632163e-05	0.000398836406747702	0.000398836406747702	PDGFRA/SERPINF1/FZD4/FLT1/SOX4/PDGFRB/COL4A1/THY1/NRP1/ACVRL1/C12orf57/FBN1/SPRY1/BMPR2/PTPRM	15
Endothelial/Fibroblast	GO:0043491	phosphatidylinositol 3-kinase/protein kinase B signal transduction	18/323	266/15651	0.0676691729323308	3.27891710700901	5.44172114119375	1.08549482758736e-05	0.000418502262581993	0.000418502262581993	PDGFRA/PTK2/FLT1/APP/HYAL2/ENG/KDR/RCN3/PDGFRB/ITGB1/INSR/DDR2/FN1/RAMP3/F2R/FERMT2/DCN/PECAM1	18
Endothelial/Fibroblast	GO:0007162	negative regulation of cell adhesion	18/323	267/15651	0.0674157303370786	3.26663651859324	5.42273726202529	1.14248860244503e-05	0.000437519460775257	0.000437519460775257	PODXL/EFNA1/NOTCH4/PTK2/FZD4/MMP2/MMP14/SERPINE2/LGALS3/ACVRL1/LAMB1/JAG1/PLXND1/DLC1/ADAM15/ACTN4/MDK/LGALS1	18
Endothelial/Fibroblast	GO:0046718	symbiont entry into host cell	12/323	126/15651	0.0952380952380952	4.61477222467934	5.9137926196036	1.15710655817947e-05	0.000440163334731472	0.000440163334731472	CAV2/LRP1/NECTIN2/CD81/HYAL2/ITGA5/ITGB1/CAV1/NRP1/INSR/ITGAV/LGALS1	12
Endothelial/Fibroblast	GO:0007423	sensory organ development	21/323	348/15651	0.0603448275862069	2.92401515960286	5.26896736538336	1.18305358527918e-05	0.0004439742444359	0.0004439742444359	PDGFRA/SERPINF1/FZD4/PXDN/FLT1/SOX4/PDGFRB/COL5A1/COL4A1/THY1/NRP1/COL5A2/ACVRL1/JAG1/C12orf57/FBN1/SPRY1/SPARC/ECE1/BMPR2/PTPRM	21
Endothelial/Fibroblast	GO:0003205	cardiac chamber development	11/323	106/15651	0.10377358490566	5.02836030141948	6.04089883952677	1.18472281129767e-05	0.0004439742444359	0.0004439742444359	SOX4/FHL2/ENG/PARVA/TGFBR2/NRP1/CPE/JAG1/TPM1/FKBP1A/BMPR2	11
Endothelial/Fibroblast	GO:0051149	positive regulation of muscle cell differentiation	8/323	53/15651	0.150943396226415	7.31397862024651	6.68378190217119	1.19165036158889e-05	0.0004439742444359	0.0004439742444359	NOTCH4/LAMC1/ENG/EFEMP2/MMP14/LAMB1/LAMB2/NID1	8
Endothelial/Fibroblast	GO:0060317	cardiac epithelial to mesenchymal transition	6/323	26/15651	0.230769230769231	11.1819480828769	7.54263731776147	1.19824804842497e-05	0.0004439742444359	0.0004439742444359	EFNA1/ENG/TGFBR2/EMP2/JAG1/SPRY1	6
Endothelial/Fibroblast	GO:0001763	morphogenesis of a branching structure	10/323	89/15651	0.112359550561798	5.44439419765541	6.10366312631274	1.46488364624794e-05	0.00053766409056323	0.00053766409056323	NOTCH4/ENG/KDR/COL4A1/TGFBR2/NRP1/TCF21/CTNND1/TIE1/MDK	10
Endothelial/Fibroblast	GO:0050818	regulation of coagulation	9/323	71/15651	0.126760563380282	6.14219683425631	6.30390748041052	1.46995440111924e-05	0.00053766409056323	0.00053766409056323	PDGFRA/SERPING1/CAV1/PLAT/SERPINE2/F2R/ANXA5/EMILIN1/TFPI	9
Endothelial/Fibroblast	GO:0001954	positive regulation of cell-matrix adhesion	8/323	55/15651	0.145454545454545	7.04801576132845	6.52233846537392	1.57941599959672e-05	0.000570389094537906	0.000570389094537906	JUP/PLPP3/KDR/EFEMP2/THY1/NRP1/EMP2/FERMT2	8
Endothelial/Fibroblast	GO:0003179	heart valve morphogenesis	8/323	55/15651	0.145454545454545	7.04801576132845	6.52233846537392	1.57941599959672e-05	0.000570389094537906	0.000570389094537906	EFNA1/SOX4/TGFBR2/EMILIN1/CDH11/JAG1/TIE1/BMPR2	8
Endothelial/Fibroblast	GO:0006935	chemotaxis	23/323	412/15651	0.0558252427184466	2.70501818509724	5.09114041438694	1.60246969490634e-05	0.000571480754945975	0.000571480754945975	PDGFRA/HSPB1/PTK2/FLT1/APP/ECSCR/ITGA1/ENG/PPIB/KDR/PARVA/PDGFRB/MMP2/NRP1/LGALS3/ITGAV/CTTN/RARRES2/RAB13/NBL1/MDK/BMPR2/PTN	23
Endothelial/Fibroblast	GO:0042330	taxis	23/323	412/15651	0.0558252427184466	2.70501818509724	5.09114041438694	1.60246969490634e-05	0.000571480754945975	0.000571480754945975	PDGFRA/HSPB1/PTK2/FLT1/APP/ECSCR/ITGA1/ENG/PPIB/KDR/PARVA/PDGFRB/MMP2/NRP1/LGALS3/ITGAV/CTTN/RARRES2/RAB13/NBL1/MDK/BMPR2/PTN	23
Endothelial/Fibroblast	GO:0044409	symbiont entry into host	12/323	131/15651	0.0916030534351145	4.43863588022594	5.73709004232735	1.71997424333828e-05	0.000609575964750823	0.000609575964750823	CAV2/LRP1/NECTIN2/CD81/HYAL2/ITGA5/ITGB1/CAV1/NRP1/INSR/ITGAV/LGALS1	12
Endothelial/Fibroblast	GO:0060041	retina development in camera-type eye	10/323	91/15651	0.10989010989011	5.32473718232232	6.00608267775723	1.78530202648651e-05	0.000628823047106916	0.000628823047106916	PDGFRA/SERPINF1/FZD4/PDGFRB/COL4A1/THY1/NRP1/ACVRL1/BMPR2/PTPRM	10
Endothelial/Fibroblast	GO:0150116	regulation of cell-substrate junction organization	9/323	73/15651	0.123287671232877	5.97391746893422	6.18329321407072	1.84819896608487e-05	0.000646983024569342	0.000646983024569342	PTK2/KDR/MMP14/THY1/NRP1/VCL/ACVRL1/FERMT2/DLC1	9
Endothelial/Fibroblast	GO:0072657	protein localization to membrane	23/323	416/15651	0.0552884615384615	2.67900839485592	5.03841562180184	1.86857990222032e-05	0.000650129080613973	0.000650129080613973	JUP/LRP1/LAMC1/CD81/ITGB1/EHD2/CAV1/MMP14/THY1/GSN/EMP2/LGALS3/VAMP5/RAMP3/CPE/LAMB1/SPTBN1/FERMT2/PGRMC1/RAB13/RAB34/RAMP2/PTN	23
Endothelial/Fibroblast	GO:1900746	regulation of vascular endothelial growth factor signaling pathway	6/323	28/15651	0.214285714285714	10.3832375055285	7.21381822536974	1.89370022646916e-05	0.000654875969226243	0.000654875969226243	CD63/ITGA5/ITGB1/NR2F2/EMILIN1/DCN	6
Endothelial/Fibroblast	GO:0050921	positive regulation of chemotaxis	12/323	134/15651	0.0895522388059701	4.33926343514625	5.63527205423227	2.16170080122154e-05	0.000743052094684946	0.000743052094684946	PDGFRA/HSPB1/PTK2/APP/KDR/PDGFRB/NRP1/CTTN/RARRES2/MDK/BMPR2/PTN	12
Endothelial/Fibroblast	GO:0060395	SMAD protein signal transduction	9/323	75/15651	0.12	5.81461300309597	6.067080161394	2.30621492617051e-05	0.00078797978255862	0.00078797978255862	LRP1/RBPMS/ENG/TGFBR2/MAP1LC3A/ACVRL1/EMILIN1/BMPR2/WWTR1	9
Endothelial/Fibroblast	GO:0007266	Rho protein signal transduction	12/323	135/15651	0.0888888888888889	4.30712074303406	5.60199525104398	2.32942643167929e-05	0.000791173048759646	0.000791173048759645	ARHGAP29/CDC42EP1/KANK2/COL1A2/NRP1/EPS8/DOCK9/F2R/HEG1/FERMT2/DLC1/COL3A1	12
Endothelial/Fibroblast	GO:0120192	tight junction assembly	8/323	58/15651	0.137931034482759	6.6834632219494	6.29474146384778	2.35647450648066e-05	0.000795623877750215	0.000795623877750215	CDH5/ACVRL1/ESAM/CLDN5/RAB13/PECAM1/RAMP2/TJP1	8
Endothelial/Fibroblast	GO:0003176	aortic valve development	7/323	43/15651	0.162790697674419	7.88804089567283	6.56556345068443	2.54294255186595e-05	0.000853531188291007	0.000853531188291007	EFNA1/TGFBR2/EMILIN1/CDH11/JAG1/TIE1/BMPR2	7
Endothelial/Fibroblast	GO:1902547	regulation of cellular response to vascular endothelial growth factor stimulus	6/323	30/15651	0.2	9.69102167182662	6.91660111387806	2.88261438495656e-05	0.000961882905296031	0.000961882905296031	CD63/ITGA5/ITGB1/NR2F2/EMILIN1/DCN	6
Endothelial/Fibroblast	GO:0030162	regulation of proteolysis	12/323	138/15651	0.0869565217391304	4.21348768340288	5.50407030832653	2.90244633874614e-05	0.000962869698191015	0.000962869698191015	APP/CST3/RCN3/TIMP1/MMP14/PLAT/SERPINE2/TIMP2/TIMP3/GSN/CLEC3B/TMEM98	12
Endothelial/Fibroblast	GO:0090303	positive regulation of wound healing	8/323	60/15651	0.133333333333333	6.46068111455108	6.15178489779488	3.03498013592407e-05	0.00100101714772155	0.00100101714772155	PTK2/MYLK/ITGB1/PLAT/DDR2/F2R/EMILIN1/FERMT2	8
Endothelial/Fibroblast	GO:0060537	muscle tissue development	17/323	261/15651	0.0651340996168582	3.15607985480944	5.09895843532264	3.10832251810133e-05	0.00101931541886702	0.00101931541886702	CAV2/PDGFRA/FHL2/ENG/MYLK/PDGFRB/EFEMP2/CAV1/CSRP1/IGFBP5/SELENON/COL6A1/TCF21/GJA1/TPM1/FKBP1A/COL3A1	17
Endothelial/Fibroblast	GO:0016525	negative regulation of angiogenesis	10/323	97/15651	0.103092783505155	4.99537199578692	5.72977709938199	3.13252452820617e-05	0.00102138199759682	0.00102138199759682	SERPINF1/ECSCR/HSPG2/COL4A2/CLDN5/EMILIN1/CTNND1/DCN/SPARC/PTPRM	10
Endothelial/Fibroblast	GO:0001894	tissue homeostasis	14/323	186/15651	0.0752688172043011	3.64715869369819	5.27202151148981	3.25426570258085e-05	0.00104908701123878	0.00104908701123878	HSPB1/LAMC1/CDH5/ITGB1/CD34/VCL/F2R/ESAM/CLDN5/GJA1/PECAM1/TJP1/WWTR1/COL3A1	14
Endothelial/Fibroblast	GO:0060249	anatomical structure homeostasis	14/323	186/15651	0.0752688172043011	3.64715869369819	5.27202151148981	3.25426570258085e-05	0.00104908701123878	0.00104908701123878	HSPB1/LAMC1/CDH5/ITGB1/CD34/VCL/F2R/ESAM/CLDN5/GJA1/PECAM1/TJP1/WWTR1/COL3A1	14
Endothelial/Fibroblast	GO:0008360	regulation of cell shape	11/323	118/15651	0.0932203389830508	4.51700162669885	5.5667483357808	3.27430981073122e-05	0.00104961863932766	0.00104961863932766	PALMD/PTK2/CDC42EP1/KDR/PARVA/FBLIM1/EPS8/FN1/PLXND1/FERMT2/TPM1	11
Endothelial/Fibroblast	GO:0062042	regulation of cardiac epithelial to mesenchymal transition	4/323	10/15651	0.4	19.3820433436533	8.44067569053129	3.38961270459561e-05	0.00108051006102919	0.00108051006102919	ENG/TGFBR2/EMP2/JAG1	4
Endothelial/Fibroblast	GO:2000181	negative regulation of blood vessel morphogenesis	10/323	98/15651	0.102040816326531	4.94439881215644	5.68594242046393	3.42567396015591e-05	0.00108374802617215	0.00108374802617215	SERPINF1/ECSCR/HSPG2/COL4A2/CLDN5/EMILIN1/CTNND1/DCN/SPARC/PTPRM	10
Endothelial/Fibroblast	GO:0110053	regulation of actin filament organization	16/323	237/15651	0.0675105485232067	3.2712309440765	5.11438571576435	3.44677444519654e-05	0.00108374802617215	0.00108374802617215	RHOC/CDC42EP1/KANK2/NRP1/EPS8/GSN/ESAM/SYNPO/SPTBN1/CTTN/PFN2/FERMT2/DLC1/SORBS3/TPM1/TJP1	16
Endothelial/Fibroblast	GO:0061028	establishment of endothelial barrier	7/323	45/15651	0.155555555555556	7.5374613003096	6.37507462439717	3.4567497504965e-05	0.00108374802617215	0.00108374802617215	ROBO4/CDH5/VCL/CLDN5/PECAM1/TJP1/SOX18	7
Endothelial/Fibroblast	GO:0033627	cell adhesion mediated by integrin	9/323	79/15651	0.113924050632911	5.52020221812909	5.8467550364861	3.51594330893986e-05	0.00109628265141043	0.00109628265141043	PODXL/EFNA1/PTK2/PLPP3/ITGA5/ITGB1/ITGAV/EMILIN1/FBN1	9
Endothelial/Fibroblast	GO:1901343	negative regulation of vasculature development	10/323	99/15651	0.101010101010101	4.89445538981143	5.64269911687784	3.74197157794672e-05	0.00116041792520457	0.00116041792520457	SERPINF1/ECSCR/HSPG2/COL4A2/CLDN5/EMILIN1/CTNND1/DCN/SPARC/PTPRM	10
Endothelial/Fibroblast	GO:0090066	regulation of anatomical structure size	22/323	406/15651	0.0541871921182266	2.62564626576583	4.81771427272424	3.85236998426164e-05	0.00118819584487551	0.00118819584487551	JUP/AQP1/CDC42EP1/ITGA1/KANK2/MMP2/ITGB1/CAV1/NRP1/MAP1B/EPS8/GSN/F2R/ESAM/SPTBN1/CTTN/VIM/PFN2/PECAM1/FBN1/ECE1/BMPR2	22
Endothelial/Fibroblast	GO:0007409	axonogenesis	20/323	349/15651	0.0573065902578797	2.776797040638	4.87295188361968	3.99071801282643e-05	0.00122424930006385	0.00122424930006385	ROBO4/NFIB/EFNA1/JUP/PTK2/APP/NOTCH3/ENAH/THY1/NRP1/MAP1B/CTTN/PLXND1/VIM/PGRMC1/C12orf57/ECE1/BMPR2/PALLD/PTPRM	20
Endothelial/Fibroblast	GO:0009612	response to mechanical stimulus	14/323	190/15651	0.0736842105263158	3.57037640540981	5.17452420287322	4.11558912934737e-05	0.00124912508362	0.00124912508362	JUP/PTK2/COL1A1/AQP1/MMP2/MMP14/DDR2/MAP1B/GSN/PECAM1/FBN1/MDK/PTN/IGFBP2	14
Endothelial/Fibroblast	GO:0061448	connective tissue development	14/323	190/15651	0.0736842105263158	3.57037640540981	5.17452420287322	4.11558912934737e-05	0.00124912508362	0.00124912508362	NFIB/ACTA2/MGP/HYAL2/PDGFRB/TIMP1/CD34/TGFBR2/ACVRL1/LOXL2/NFIA/MDK/BMPR2/COL3A1	14
Endothelial/Fibroblast	GO:0010762	regulation of fibroblast migration	6/323	32/15651	0.1875	9.08533281733746	6.646024905944	4.24903743439429e-05	0.00127605303161336	0.00127605303161336	PTK2/ACTA2/HYAL2/ITGB1/DDR2/AKAP12	6
Endothelial/Fibroblast	GO:0045601	regulation of endothelial cell differentiation	6/323	32/15651	0.1875	9.08533281733746	6.646024905944	4.24903743439429e-05	0.00127605303161336	0.00127605303161336	NOTCH4/CDH5/VCL/ACVRL1/CLDN5/JAG1	6
Endothelial/Fibroblast	GO:0051492	regulation of stress fiber assembly	9/323	81/15651	0.111111111111111	5.38390092879257	5.74215115293031	4.29890323112575e-05	0.00128426920611537	0.00128426920611537	RHOC/NRP1/SYNPO/PFN2/FERMT2/DLC1/SORBS3/TPM1/TJP1	9
Endothelial/Fibroblast	GO:1905314	semi-lunar valve development	7/323	47/15651	0.148936170212766	7.21671826625387	6.19594894558085	4.62443723191187e-05	0.00137432493985881	0.00137432493985881	EFNA1/TGFBR2/EMILIN1/CDH11/JAG1/TIE1/BMPR2	7
Endothelial/Fibroblast	GO:0030510	regulation of BMP signaling pathway	9/323	83/15651	0.108433734939759	5.25416837629154	5.64095968454324	5.22434916734169e-05	0.00154456665019957	0.00154456665019957	CDH5/CRIM1/ENG/KDR/CAV1/ACVRL1/FSTL1/NBL1/FBN1	9
Endothelial/Fibroblast	GO:0097529	myeloid leukocyte migration	14/323	195/15651	0.0717948717948718	3.47882829245058	5.05627727617038	5.46843710721634e-05	0.00160839701720497	0.00160839701720497	PTK2/FLT1/APP/CD81/PPIB/MMP2/MMP14/EMP2/LGALS3/RARRES2/EMILIN1/NBL1/PECAM1/MDK	14
Endothelial/Fibroblast	GO:1905477	positive regulation of protein localization to membrane	9/323	84/15651	0.107142857142857	5.19161875276426	5.59158126693759	5.74673116601978e-05	0.0016815819504261	0.0016815819504261	LRP1/LAMC1/CD81/ITGB1/LGALS3/RAMP3/LAMB1/SPTBN1/PGRMC1	9
Endothelial/Fibroblast	GO:0043114	regulation of vascular permeability	7/323	49/15651	0.142857142857143	6.92215833701902	6.0270334823543	6.0972123592715e-05	0.00175485415466036	0.00175485415466036	CDH5/PLVAP/AKAP12/CLDN5/FERMT2/RAMP2/TJP1	7
Endothelial/Fibroblast	GO:0003170	heart valve development	8/323	66/15651	0.121212121212121	5.87334646777371	5.75919175885096	6.12015381663882e-05	0.00175485415466036	0.00175485415466036	EFNA1/SOX4/TGFBR2/EMILIN1/CDH11/JAG1/TIE1/BMPR2	8
Endothelial/Fibroblast	GO:0030193	regulation of blood coagulation	8/323	66/15651	0.121212121212121	5.87334646777371	5.75919175885096	6.12015381663882e-05	0.00175485415466036	0.00175485415466036	PDGFRA/SERPING1/CAV1/PLAT/SERPINE2/F2R/EMILIN1/TFPI	8
Endothelial/Fibroblast	GO:0120193	tight junction organization	8/323	66/15651	0.121212121212121	5.87334646777371	5.75919175885096	6.12015381663882e-05	0.00175485415466036	0.00175485415466036	CDH5/ACVRL1/ESAM/CLDN5/RAB13/PECAM1/RAMP2/TJP1	8
Endothelial/Fibroblast	GO:0090288	negative regulation of cellular response to growth factor stimulus	9/323	85/15651	0.105882352941176	5.13054088508468	5.54298318726015	6.31245469434244e-05	0.00178694601604939	0.00178694601604939	CRIM1/CAV1/NR2F2/EMILIN1/DCN/NBL1/MMRN2/FBN1/SPRY1	9
Endothelial/Fibroblast	GO:0040008	regulation of growth	23/323	450/15651	0.0511111111111111	2.47659442724458	4.61367595926642	6.32602690574792e-05	0.00178694601604939	0.00178694601604939	MEG3/LTBP4/JUP/APP/HYAL2/PPIB/FHL1/MMP14/NRP1/IGFBP5/INSR/MAP1B/CCDC85B/MT1E/FRZB/ACVRL1/CTTN/CRYAB/IGFBP7/VIM/GJA1/ADAM15/BMPR2	23
Endothelial/Fibroblast	GO:0048667	cell morphogenesis involved in neuron differentiation	23/323	450/15651	0.0511111111111111	2.47659442724458	4.61367595926642	6.32602690574792e-05	0.00178694601604939	0.00178694601604939	ROBO4/NFIB/EFNA1/JUP/PTK2/FZD4/APP/NOTCH3/ENAH/THY1/NRP1/SDC2/MAP1B/CTTN/PLXND1/VIM/PGRMC1/C12orf57/ECE1/BMPR2/PTN/PALLD/PTPRM	23
Endothelial/Fibroblast	GO:0030509	BMP signaling pathway	11/323	127/15651	0.0866141732283465	4.19689914921625	5.25103200996092	6.45798314326349e-05	0.00180633587330693	0.00180633587330693	CDH5/CRIM1/ENG/KDR/CAV1/ACVRL1/FSTL1/NFIA/NBL1/FBN1/BMPR2	11
Endothelial/Fibroblast	GO:0051216	cartilage development	11/323	127/15651	0.0866141732283465	4.19689914921625	5.25103200996092	6.45798314326349e-05	0.00180633587330693	0.00180633587330693	NFIB/MGP/HYAL2/TIMP1/TGFBR2/ACVRL1/LOXL2/NFIA/MDK/BMPR2/COL3A1	11
Endothelial/Fibroblast	GO:1900046	regulation of hemostasis	8/323	67/15651	0.119402985074627	5.785684580195	5.6984624274279	6.82699302951405e-05	0.00190023523055645	0.00190023523055645	PDGFRA/SERPING1/CAV1/PLAT/SERPINE2/F2R/EMILIN1/TFPI	8
Endothelial/Fibroblast	GO:0035023	regulation of Rho protein signal transduction	9/323	87/15651	0.103448275862069	5.01259741646205	5.44804003927208	7.58540861500149e-05	0.00209505095713334	0.00209505095713334	KANK2/NRP1/EPS8/DOCK9/F2R/HEG1/FERMT2/DLC1/COL3A1	9
Endothelial/Fibroblast	GO:0030324	lung development	8/323	68/15651	0.117647058823529	5.70060098342743	5.63894676181058	7.60034258896952e-05	0.00209505095713334	0.00209505095713334	NFIB/RCN3/IGFBP5/TCF21/EPAS1/FBN1/BMPR2/COL3A1	8
Endothelial/Fibroblast	GO:0044403	biological process involved in symbiotic interaction	13/323	177/15651	0.0734463276836158	3.55884976649	4.96987896045629	7.98122983501739e-05	0.00218946622301006	0.00218946622301006	CAV2/LRP1/NECTIN2/CD81/HYAL2/ITGA5/ITGB1/CAV1/NRP1/INSR/FN1/ITGAV/LGALS1	13
Endothelial/Fibroblast	GO:0110020	regulation of actomyosin structure organization	9/323	88/15651	0.102272727272727	4.95563608218407	5.40165314291657	8.2987148822809e-05	0.002265668283172	0.002265668283172	RHOC/NRP1/SYNPO/PFN2/FERMT2/DLC1/SORBS3/TPM1/TJP1	9
Endothelial/Fibroblast	GO:0051493	regulation of cytoskeleton organization	24/323	490/15651	0.0489795918367347	2.37331142983509	4.48351716739323	8.52543067079751e-05	0.00231648130512241	0.00231648130512241	PDGFRA/RHOC/LRP1/PTK2/CDH5/CDC42EP1/KANK2/PDGFRB/NRP1/CLIC4/MAP1B/EPS8/GSN/FSCN1/ESAM/SYNPO/SPTBN1/CTTN/PFN2/FERMT2/DLC1/SORBS3/TPM1/TJP1	24
Endothelial/Fibroblast	GO:0010715	regulation of extracellular matrix disassembly	5/323	23/15651	0.217391304347826	10.5337192085072	6.64186829820417	8.99534926296851e-05	0.0023903021822713	0.0023903021822713	LRP1/CST3/DDR2/TIMP3/FSCN1	5
Endothelial/Fibroblast	GO:0150105	protein localization to cell-cell junction	5/323	23/15651	0.217391304347826	10.5337192085072	6.64186829820417	8.99534926296851e-05	0.0023903021822713	0.0023903021822713	CDH5/VCL/CTNND1/PECAM1/TJP1	5
Endothelial/Fibroblast	GO:0010596	negative regulation of endothelial cell migration	7/323	52/15651	0.134615384615385	6.52280304834484	5.79066625253607	9.00657148945547e-05	0.0023903021822713	0.0023903021822713	SERPINF1/JUP/NR2F2/ACVRL1/DCN/MMRN2/PTPRM	7
Endothelial/Fibroblast	GO:0014910	regulation of smooth muscle cell migration	7/323	52/15651	0.134615384615385	6.52280304834484	5.79066625253607	9.00657148945547e-05	0.0023903021822713	0.0023903021822713	LRP1/PDGFRB/NRP1/IGFBP5/DDR2/TPM1/MDK	7
Endothelial/Fibroblast	GO:0060411	cardiac septum morphogenesis	7/323	52/15651	0.134615384615385	6.52280304834484	5.79066625253607	9.00657148945547e-05	0.0023903021822713	0.0023903021822713	SOX4/ENG/PARVA/TGFBR2/NRP1/JAG1/BMPR2	7
Endothelial/Fibroblast	GO:1902905	positive regulation of supramolecular fiber organization	12/323	155/15651	0.0774193548387097	3.75136322780385	4.997118635665	9.05376796792579e-05	0.0023917037048604	0.0023917037048604	RHOC/APP/CDC42EP1/NRP1/MAP1B/GSN/SYNPO/CTTN/PFN2/FERMT2/SORBS3/TPM1	12
Endothelial/Fibroblast	GO:0030323	respiratory tube development	8/323	70/15651	0.114285714285714	5.53772666961521	5.52338574844235	9.36604078828907e-05	0.00246279395105887	0.00246279395105887	NFIB/RCN3/IGFBP5/TCF21/EPAS1/FBN1/BMPR2/COL3A1	8
Endothelial/Fibroblast	GO:1904705	regulation of vascular associated smooth muscle cell proliferation	7/323	53/15651	0.132075471698113	6.3997312927157	5.71598804201075	0.000101957986176091	0.00266868013358154	0.00266868013358154	RGS5/EFEMP2/MMP2/IGFBP5/DDR2/GJA1/TPM1	7
Endothelial/Fibroblast	GO:0071772	response to BMP	11/323	134/15651	0.082089552238806	3.97765814888406	5.02503443629281	0.000105033630057503	0.00272419042321868	0.00272419042321868	CDH5/CRIM1/ENG/KDR/CAV1/ACVRL1/FSTL1/NFIA/NBL1/FBN1/BMPR2	11
Endothelial/Fibroblast	GO:0071773	cellular response to BMP stimulus	11/323	134/15651	0.082089552238806	3.97765814888406	5.02503443629281	0.000105033630057503	0.00272419042321868	0.00272419042321868	CDH5/CRIM1/ENG/KDR/CAV1/ACVRL1/FSTL1/NFIA/NBL1/FBN1/BMPR2	11
Endothelial/Fibroblast	GO:0007411	axon guidance	13/323	182/15651	0.0714285714285714	3.46107916850951	4.84781284307592	0.000105905627648251	0.00273437787946117	0.00273437787946117	ROBO4/NFIB/EFNA1/PTK2/APP/NOTCH3/ENAH/NRP1/PGRMC1/ECE1/BMPR2/PALLD/PTPRM	13
Endothelial/Fibroblast	GO:0034109	homotypic cell-cell adhesion	9/323	91/15651	0.0989010989010989	4.79226346409009	5.26659700715787	0.0001078532606852	0.00277212029490878	0.00277212029490878	PDGFRA/JUP/HSPB1/PLPP3/MYL9/CSRP1/SERPINE2/VCL/IL6ST	9
Endothelial/Fibroblast	GO:0001946	lymphangiogenesis	4/323	13/15651	0.307692307692308	14.9092641105025	7.28284239429721	0.000109877676888722	0.00281148889832756	0.00281148889832756	ACVRL1/TIE1/SOX18/BMPR2	4
Endothelial/Fibroblast	GO:0097485	neuron projection guidance	13/323	183/15651	0.0710382513661202	3.44216616758869	4.82391181418592	0.00011192703009694	0.00285114122202295	0.00285114122202295	ROBO4/NFIB/EFNA1/PTK2/APP/NOTCH3/ENAH/NRP1/PGRMC1/ECE1/BMPR2/PALLD/PTPRM	13
Endothelial/Fibroblast	GO:0003208	cardiac ventricle morphogenesis	7/323	54/15651	0.12962962962963	6.281217750258	5.64320860245216	0.000115096737673685	0.00290593798746038	0.00290593798746038	SOX4/ENG/TGFBR2/CPE/JAG1/TPM1/FKBP1A	7
Endothelial/Fibroblast	GO:1990874	vascular associated smooth muscle cell proliferation	7/323	54/15651	0.12962962962963	6.281217750258	5.64320860245216	0.000115096737673685	0.00290593798746038	0.00290593798746038	RGS5/EFEMP2/MMP2/IGFBP5/DDR2/GJA1/TPM1	7
Endothelial/Fibroblast	GO:0003180	aortic valve morphogenesis	6/323	38/15651	0.157894736842105	7.65080658302102	5.9585230357626	0.000116645448375163	0.002932065764003	0.00293206576400299	EFNA1/TGFBR2/EMILIN1/CDH11/JAG1/TIE1	6
Endothelial/Fibroblast	GO:0050920	regulation of chemotaxis	13/323	185/15651	0.0702702702702703	3.40495356037152	4.77660404510763	0.000124861824957369	0.00312483146143311	0.00312483146143311	PDGFRA/HSPB1/PTK2/APP/KDR/PDGFRB/NRP1/CTTN/RARRES2/NBL1/MDK/BMPR2/PTN	13
Endothelial/Fibroblast	GO:0045861	negative regulation of proteolysis	7/323	55/15651	0.127272727272727	6.1670137911624	5.57224288612197	0.000129578363585019	0.00322870804635859	0.00322870804635859	CST3/TIMP1/PLAT/SERPINE2/TIMP2/TIMP3/TMEM98	7
Endothelial/Fibroblast	GO:0032231	regulation of actin filament bundle assembly	9/323	95/15651	0.0947368421052632	4.59048394981261	5.09543787982629	0.000150458737416269	0.00373268502477056	0.00373268502477056	RHOC/NRP1/SYNPO/PFN2/FERMT2/DLC1/SORBS3/TPM1/TJP1	9
Endothelial/Fibroblast	GO:0051701	biological process involved in interaction with host	12/323	164/15651	0.0731707317073171	3.54549573359511	4.75692533278821	0.00015489743129672	0.00382616771852418	0.00382616771852418	CAV2/LRP1/NECTIN2/CD81/HYAL2/ITGA5/ITGB1/CAV1/NRP1/INSR/ITGAV/LGALS1	12
Endothelial/Fibroblast	GO:1905521	regulation of macrophage migration	6/323	40/15651	0.15	7.26826625386997	5.76205972505172	0.000156656455629274	0.00385293851646827	0.00385293851646827	PTK2/CD81/MMP14/RARRES2/EMILIN1/MDK	6
Endothelial/Fibroblast	GO:0010812	negative regulation of cell-substrate adhesion	7/323	57/15651	0.12280701754386	5.95062734234968	5.43543848782324	0.000162979078852603	0.00399123872932597	0.00399123872932597	FZD4/MMP14/ACVRL1/JAG1/DLC1/ADAM15/ACTN4	7
Endothelial/Fibroblast	GO:0048660	regulation of smooth muscle cell proliferation	10/323	119/15651	0.0840336134453782	4.0718578453053	4.88288605867622	0.00017778998228989	0.00431689208062176	0.00431689208062176	RGS5/NOTCH3/PDGFRB/EFEMP2/MMP2/IGFBP5/DDR2/GJA1/TPM1/BMPR2	10
Endothelial/Fibroblast	GO:0072006	nephron development	10/323	119/15651	0.0840336134453782	4.0718578453053	4.88288605867622	0.00017778998228989	0.00431689208062176	0.00431689208062176	PODXL/PDGFRA/ACTA2/AQP1/NOTCH3/PDGFRB/CD34/TCF21/JAG1/PECAM1	10
Endothelial/Fibroblast	GO:0010712	regulation of collagen metabolic process	6/323	41/15651	0.146341463414634	7.09099146719021	5.6688394092021	0.000180360986613864	0.00436076182041825	0.00436076182041825	CST3/ITGB1/DDR2/F2R/EMILIN1/VIM	6
Endothelial/Fibroblast	GO:0006956	complement activation	7/323	58/15651	0.120689655172414	5.84803031920572	5.36945455201314	0.000182114379568575	0.00438457658151176	0.00438457658151176	SERPING1/A2M/CD59/C1S/CFH/C1R/COLEC11	7
Endothelial/Fibroblast	GO:0090090	negative regulation of canonical Wnt signaling pathway	10/323	120/15651	0.0833333333333333	4.03792569659443	4.8493524179877	0.000190471457938974	0.00456651318907474	0.00456651318907474	IGFBP4/IGFBP6/APP/CAV1/DKK3/FRZB/MDK/RBMS3/WWTR1/IGFBP2	10
Endothelial/Fibroblast	GO:0001974	blood vessel remodeling	5/323	27/15651	0.185185185185185	8.97316821465428	6.0191113825286	0.000201683925827727	0.00481509824591217	0.00481509824591217	CST3/BGN/ACVRL1/EPAS1/BMPR2	5
Endothelial/Fibroblast	GO:0048659	smooth muscle cell proliferation	10/323	121/15651	0.0826446280991736	4.00455440984571	4.81618007500109	0.000203904866374258	0.00484783819804799	0.00484783819804799	RGS5/NOTCH3/PDGFRB/EFEMP2/MMP2/IGFBP5/DDR2/GJA1/TPM1/BMPR2	10
Endothelial/Fibroblast	GO:0030574	collagen catabolic process	6/323	42/15651	0.142857142857143	6.92215833701902	5.57869740992136	0.000206809575634863	0.00489649559573664	0.00489649559573664	CST3/MMP2/ITGB1/MMP14/ADAM15/MRC2	6
Endothelial/Fibroblast	GO:0017015	regulation of transforming growth factor beta receptor signaling pathway	10/323	122/15651	0.0819672131147541	3.97173019337157	4.78336182735108	0.000218125244740626	0.0051430687871488	0.0051430687871488	LTBP4/TSC22D1/ENG/DKK3/NREP/TGFB1I1/EMILIN1/FBN1/SPRY1/FKBP1A	10
Endothelial/Fibroblast	GO:0032233	positive regulation of actin filament bundle assembly	7/323	60/15651	0.116666666666667	5.6530959752322	5.24199178599661	0.000225831235849553	0.00530285198254136	0.00530285198254136	RHOC/NRP1/SYNPO/PFN2/FERMT2/SORBS3/TPM1	7
Endothelial/Fibroblast	GO:0030168	platelet activation	10/323	123/15651	0.0813008130081301	3.93943970399456	4.7508906753463	0.000233168767547891	0.00545270896568962	0.00545270896568962	PDGFRA/HSPB1/MYL9/CSRP1/SERPINE2/VWF/VCL/F2R/IL6ST/COL3A1	10
Endothelial/Fibroblast	GO:0008217	regulation of blood pressure	11/323	147/15651	0.0748299319727891	3.62589246224806	4.64332850691832	0.000238443639959528	0.00555330371269007	0.00555330371269007	ENG/COL1A2/NR2F2/ACVRL1/F2R/RARRES2/EMILIN1/RAMP2/TPM1/ECE1/BMPR2	11
Endothelial/Fibroblast	GO:0030947	regulation of vascular endothelial growth factor receptor signaling pathway	5/323	28/15651	0.178571428571429	8.65269792127377	5.88338211680216	0.000241411517906647	0.00559956959827369	0.00559956959827369	TMEM204/ITGA5/NRP1/EMILIN1/MMRN2	5
Endothelial/Fibroblast	GO:0030048	actin filament-based movement	10/323	125/15651	0.08	3.87640866873065	4.68696262930447	0.00026587572894784	0.00607829701850256	0.00607829701850256	JUP/ACTA2/PARVA/CAV1/GSN/EMP2/GJA1/ACTN4/TPM1/MYO1B	10
Endothelial/Fibroblast	GO:1903844	regulation of cellular response to transforming growth factor beta stimulus	10/323	125/15651	0.08	3.87640866873065	4.68696262930447	0.00026587572894784	0.00607829701850256	0.00607829701850256	LTBP4/TSC22D1/ENG/DKK3/NREP/TGFB1I1/EMILIN1/FBN1/SPRY1/FKBP1A	10
Endothelial/Fibroblast	GO:0036303	lymph vessel morphogenesis	4/323	16/15651	0.25	12.1137770897833	6.4563700856242	0.000266311646446835	0.00607829701850256	0.00607829701850256	ACVRL1/TIE1/SOX18/BMPR2	4
Endothelial/Fibroblast	GO:1903909	regulation of receptor clustering	4/323	16/15651	0.25	12.1137770897833	6.4563700856242	0.000266311646446835	0.00607829701850256	0.00607829701850256	LAMC1/CD81/GSN/LAMB1	4
Endothelial/Fibroblast	GO:0030178	negative regulation of Wnt signaling pathway	11/323	149/15651	0.0738255033557047	3.57722276476822	4.58845960829364	0.000268177414385714	0.00608707289841239	0.00608707289841239	IGFBP4/IGFBP6/LRP1/APP/CAV1/DKK3/FRZB/MDK/RBMS3/WWTR1/IGFBP2	11
Endothelial/Fibroblast	GO:0070613	regulation of protein processing	6/323	44/15651	0.136363636363636	6.60751477624543	5.40695476129646	0.000268829717910957	0.00608707289841239	0.00608707289841239	MMP14/PLAT/SERPINE2/GSN/CLEC3B/TMEM98	6
Endothelial/Fibroblast	GO:0031346	positive regulation of cell projection organization	17/323	312/15651	0.0544871794871795	2.64018218623482	4.24801997590563	0.000273856609195934	0.00617638660898023	0.00617638660898023	SERPINF1/JUP/FZD4/CDC42EP1/ENC1/NRP1/DDR2/MAP1B/EPS8/FSCN1/PLXND1/DPYSL3/VIM/MDK/ITGA6/BMPR2/PTN	17
Endothelial/Fibroblast	GO:0071674	mononuclear cell migration	13/323	201/15651	0.0646766169154229	3.13391248093896	4.42003874837391	0.000283353500489689	0.0063215647995837	0.0063215647995837	PTK2/FLT1/APP/CD81/MMP2/MMP14/EPS8/LGALS3/RARRES2/EMILIN1/NBL1/PECAM1/MDK	13
Endothelial/Fibroblast	GO:0007565	female pregnancy	10/323	126/15651	0.0793650793650794	3.84564352056612	4.655492685003	0.000283617348176205	0.0063215647995837	0.0063215647995837	ITGA5/MMP2/TIMP1/IGFBP5/EMP2/IGFBP7/GJA1/MAGED2/PTN/IGFBP2	10
Endothelial/Fibroblast	GO:0031623	receptor internalization	10/323	126/15651	0.0793650793650794	3.84564352056612	4.655492685003	0.000283617348176205	0.0063215647995837	0.0063215647995837	CD63/LRP1/APP/CD81/ITGB1/CAV1/INSR/CALCRL/RAMP3/RAMP2	10
Endothelial/Fibroblast	GO:0060541	respiratory system development	8/323	82/15651	0.0975609756097561	4.72732764479348	4.91235589563785	0.000285532159356166	0.00633948054975207	0.00633948054975207	NFIB/RCN3/IGFBP5/TCF21/EPAS1/FBN1/BMPR2/COL3A1	8
Endothelial/Fibroblast	GO:0045926	negative regulation of growth	12/323	176/15651	0.0681818181818182	3.30375738812271	4.46162877355281	0.000298677740631857	0.00660564026374176	0.00660564026374176	MEG3/HYAL2/FHL1/IGFBP5/CCDC85B/MT1E/FRZB/ACVRL1/CRYAB/GJA1/ADAM15/BMPR2	12
Endothelial/Fibroblast	GO:1901888	regulation of cell junction assembly	15/323	257/15651	0.0583657587548638	2.82811916492995	4.28954282855306	0.000301340719124694	0.00663880364218341	0.0066388036421834	PTK2/APP/KDR/CAV1/MMP14/THY1/NRP1/SDC2/MAP1B/VCL/ACVRL1/CLDN5/FERMT2/DLC1/TJP1	15
Endothelial/Fibroblast	GO:0006979	response to oxidative stress	19/323	375/15651	0.0506666666666667	2.45505882352941	4.14006391718432	0.000305848423385577	0.0067093907590097	0.00670939075900969	PDGFRA/PDLIM1/PSMB5/PXDN/COL1A1/AQP1/HYAL2/RBPMS/MMP2/MSRB3/MMP14/SELENON/DDR2/MAP1LC3A/CRYAB/SOD3/FBN1/TPM1/SELENOP	19
Endothelial/Fibroblast	GO:0140962	multicellular organismal-level chemical homeostasis	7/323	63/15651	0.111111111111111	5.38390092879257	5.06117662315395	0.000306896422730727	0.0067093907590097	0.00670939075900969	AQP1/HYAL2/SLC40A1/RCN3/ADGRF5/CYBRD1/ADCY4	7
Endothelial/Fibroblast	GO:0001558	regulation of cell growth	18/323	346/15651	0.0520231213872832	2.52078598400115	4.15245724928711	0.000319915269515969	0.00696731499182489	0.00696731499182489	MEG3/LTBP4/JUP/HYAL2/FHL1/MMP14/NRP1/MAP1B/CCDC85B/FRZB/ACVRL1/CTTN/CRYAB/IGFBP7/VIM/GJA1/ADAM15/BMPR2	18
Endothelial/Fibroblast	GO:0090101	negative regulation of transmembrane receptor protein serine/threonine kinase signaling pathway	10/323	128/15651	0.078125	3.78555534055728	4.59350965259844	0.000322081291875671	0.00698781692563719	0.00698781692563719	LRP1/CRIM1/ENG/CAV1/DKK3/EMILIN1/NBL1/FBN1/SPRY1/FKBP1A	10
Endothelial/Fibroblast	GO:0022604	regulation of cell morphogenesis	13/323	204/15651	0.0637254901960784	3.08782553268986	4.35715391072947	0.000327072202633743	0.00704742235084403	0.00704742235084403	PALMD/PTK2/FZD4/CDC42EP1/KDR/PARVA/FBLIM1/EPS8/FN1/PLXND1/FERMT2/TPM1/SPARC	13
Endothelial/Fibroblast	GO:0006898	receptor-mediated endocytosis	15/323	259/15651	0.0579150579150579	2.8062804068996	4.25503573733525	0.000327298794772812	0.00704742235084403	0.00704742235084403	CAV2/CD63/LRP1/APP/PDLIM7/CD81/ITGB1/CAV1/INSR/HSPG2/CALCRL/RAMP3/CTTN/RAMP2/MRC2	15
Endothelial/Fibroblast	GO:0007163	establishment or maintenance of cell polarity	12/323	178/15651	0.0674157303370786	3.26663651859324	4.41489425822078	0.000331226374898913	0.00710517930516239	0.00710517930516239	PDLIM1/PTK2/CDH5/AQP1/PARVA/ITGB1/CLIC4/GSN/DST/FSCN1/GJA1/LMNA	12
Endothelial/Fibroblast	GO:1903829	positive regulation of protein localization	21/323	440/15651	0.0477272727272727	2.3126301716859	4.05420331017266	0.000334100601109912	0.00713999262147251	0.00713999262147251	JUP/LRP1/LAMC1/APP/SOX4/CD81/HYAL2/YWHAE/ITGB1/EPB41L2/LGALS3/RAMP3/LAMB1/SPTBN1/VIM/FERMT2/CTNND1/PGRMC1/PECAM1/LEPROT/WWTR1	21
Endothelial/Fibroblast	GO:0003231	cardiac ventricle development	8/323	84/15651	0.0952380952380952	4.61477222467935	4.82207324853528	0.000337042491514129	0.00717598677828216	0.00717598677828216	SOX4/ENG/TGFBR2/CPE/JAG1/TPM1/FKBP1A/BMPR2	8
Endothelial/Fibroblast	GO:0014911	positive regulation of smooth muscle cell migration	5/323	30/15651	0.166666666666667	8.07585139318885	5.6311954423512	0.000338415126384774	0.0071784264355075	0.0071784264355075	PDGFRB/NRP1/IGFBP5/DDR2/MDK	5
Endothelial/Fibroblast	GO:0072659	protein localization to plasma membrane	15/323	262/15651	0.0572519083969466	2.77414742514121	4.20388509908193	0.000369837189794161	0.00781589261098327	0.00781589261098327	JUP/LRP1/CD81/ITGB1/EHD2/MMP14/EMP2/LGALS3/VAMP5/RAMP3/SPTBN1/PGRMC1/RAB13/RAB34/RAMP2	15
Endothelial/Fibroblast	GO:0001656	metanephros development	7/323	65/15651	0.107692307692308	5.21824243867588	4.94693911546424	0.000372838121800335	0.00785023735421665	0.00785023735421665	PDGFRA/AQP1/ID3/PDGFRB/CD34/TCF21/FBN1	7
Endothelial/Fibroblast	GO:0030857	negative regulation of epithelial cell differentiation	5/323	31/15651	0.161290322580645	7.8153400579247	5.51370528339711	0.000396739475260995	0.00832277737440896	0.00832277737440896	NOTCH4/CAV1/ACVRL1/JAG1/SPRY1	5
Endothelial/Fibroblast	GO:0070371	ERK1 and ERK2 cascade	15/323	264/15651	0.0568181818181818	2.75313115676893	4.17018268681908	0.000400763604222982	0.0083763997278254	0.0083763997278254	PDGFRA/ACTA2/APP/KDR/PDGFRB/NRP1/DDR2/FN1/RAMP3/ITGAV/AKAP12/F2R/EMILIN1/FERMT2/SPRY1	15
Endothelial/Fibroblast	GO:0070527	platelet aggregation	7/323	66/15651	0.106060606060606	5.139178159302	4.89157110029117	0.000409811953756905	0.00853425915378431	0.00853425915378431	PDGFRA/HSPB1/MYL9/CSRP1/SERPINE2/VCL/IL6ST	7
Endothelial/Fibroblast	GO:0043116	negative regulation of vascular permeability	4/323	18/15651	0.222222222222222	10.7678018575851	6.0190453583714	0.000433385530710475	0.00889531596487041	0.00889531596487041	AKAP12/CLDN5/FERMT2/RAMP2	4
Endothelial/Fibroblast	GO:0048286	lung alveolus development	4/323	18/15651	0.222222222222222	10.7678018575851	6.0190453583714	0.000433385530710475	0.00889531596487041	0.00889531596487041	IGFBP5/TCF21/FBN1/BMPR2	4
Endothelial/Fibroblast	GO:0048745	smooth muscle tissue development	4/323	18/15651	0.222222222222222	10.7678018575851	6.0190453583714	0.000433385530710475	0.00889531596487041	0.00889531596487041	ENG/MYLK/EFEMP2/COL3A1	4
Endothelial/Fibroblast	GO:2000811	negative regulation of anoikis	4/323	18/15651	0.222222222222222	10.7678018575851	6.0190453583714	0.000433385530710475	0.00889531596487041	0.00889531596487041	PTK2/ITGA5/ITGB1/CAV1	4
Endothelial/Fibroblast	GO:1903317	regulation of protein maturation	6/323	48/15651	0.125	6.05688854489164	5.09349204784138	0.000436118192967704	0.00891932046262983	0.00891932046262983	MMP14/PLAT/SERPINE2/GSN/CLEC3B/TMEM98	6
Endothelial/Fibroblast	GO:0090100	positive regulation of transmembrane receptor protein serine/threonine kinase signaling pathway	8/323	88/15651	0.0909090909090909	4.40500985083029	4.64974071938487	0.000462826132845598	0.00943173540720351	0.00943173540720351	CDH5/TSC22D1/ENG/KDR/TGFBR2/TGFB1I1/ACVRL1/BMPR2	8
Endothelial/Fibroblast	GO:1902414	protein localization to cell junction	9/323	111/15651	0.0810810810810811	3.92879256965944	4.49510957186515	0.000485421328236446	0.00985698967586179	0.00985698967586179	HSPB1/CDH5/HSPG2/VCL/HEG1/FERMT2/CTNND1/PECAM1/TJP1	9
Endothelial/Fibroblast	GO:0051496	positive regulation of stress fiber assembly	6/323	49/15651	0.122448979591837	5.93327857458773	5.02064170776423	0.000488464156136307	0.00988360452097081	0.00988360452097081	RHOC/NRP1/PFN2/FERMT2/SORBS3/TPM1	6
Endothelial/Fibroblast	GO:0044057	regulation of system process	22/323	488/15651	0.0450819672131148	2.18445160635436	3.85878295080134	0.000527035197242523	0.0106263704433422	0.0106263704433422	JUP/MYL9/APP/AQP1/YWHAE/MMP2/ITGB1/CAV1/IGFBP5/EMP2/F2R/CTTN/GJA1/IL6ST/C12orf57/MGLL/TPM1/FKBP1A/ECE1/BMPR2/TMEM98/LMNA	22
Endothelial/Fibroblast	GO:0072210	metanephric nephron development	5/323	33/15651	0.151515151515152	7.34168308471714	5.29376285158597	0.000535788071438317	0.010764812449391	0.010764812449391	PDGFRA/AQP1/PDGFRB/CD34/TCF21	5
Endothelial/Fibroblast	GO:0003279	cardiac septum development	7/323	69/15651	0.101449275362319	4.91573563063669	4.73197012965037	0.000538611301186663	0.0107835652090214	0.0107835652090214	SOX4/ENG/PARVA/TGFBR2/NRP1/JAG1/BMPR2	7
Endothelial/Fibroblast	GO:0044089	positive regulation of cellular component biogenesis	21/323	459/15651	0.0457516339869281	2.216900382444	3.84122353176462	0.000581511877221336	0.0116017719280592	0.0116017719280592	RHOC/CDH5/CDC42EP1/KDR/CAV1/THY1/NRP1/MAP1B/EPS8/LGALS3/FSCN1/ACVRL1/SYNPO/CLDN5/CTTN/EMILIN1/DPYSL3/PFN2/FERMT2/SORBS3/TPM1	21
Endothelial/Fibroblast	GO:1990778	protein localization to cell periphery	17/323	334/15651	0.0508982035928144	2.46627797037504	3.93204403783866	0.000597612023350359	0.0118814432238228	0.0118814432238228	JUP/LRP1/CD81/ITGB1/EHD2/CAV1/MMP14/EPB41L2/EMP2/LGALS3/VAMP5/RAMP3/SPTBN1/PGRMC1/RAB13/RAB34/RAMP2	17
Endothelial/Fibroblast	GO:0010975	regulation of neuron projection development	18/323	365/15651	0.0493150684931507	2.38956698757369	3.89937208863477	0.000602706558198	0.0119167209414828	0.0119167209414828	PMP22/SERPINF1/EFNA1/JUP/FZD4/ENC1/THY1/NRP1/SDC2/DDR2/MAP1B/PLXND1/DPYSL3/VIM/MDK/ITGA6/BMPR2/PTN	18
Endothelial/Fibroblast	GO:0048644	muscle organ morphogenesis	6/323	51/15651	0.117647058823529	5.70060098342743	4.88080955531668	0.000607740237289081	0.0119167209414828	0.0119167209414828	ENG/MYLK/EFEMP2/TPM1/FKBP1A/COL3A1	6
Endothelial/Fibroblast	GO:0050819	negative regulation of coagulation	6/323	51/15651	0.117647058823529	5.70060098342743	4.88080955531668	0.000607740237289081	0.0119167209414828	0.0119167209414828	PDGFRA/SERPING1/PLAT/SERPINE2/ANXA5/TFPI	6
Endothelial/Fibroblast	GO:0060415	muscle tissue morphogenesis	6/323	51/15651	0.117647058823529	5.70060098342743	4.88080955531668	0.000607740237289081	0.0119167209414828	0.0119167209414828	ENG/MYLK/EFEMP2/TPM1/FKBP1A/COL3A1	6
Endothelial/Fibroblast	GO:0043410	positive regulation of MAPK cascade	19/323	397/15651	0.0478589420654912	2.31901022373685	3.86426792727794	0.000616116011488152	0.0120395820601075	0.0120395820601075	CAV2/PDGFRA/IGFBP6/ACTA2/FLT1/APP/ITGA1/CD81/KDR/PDGFRB/NRP1/INSR/DDR2/RAMP3/AKAP12/F2R/FERMT2/IL6ST/PECAM1	19
Endothelial/Fibroblast	GO:0030856	regulation of epithelial cell differentiation	9/323	115/15651	0.0782608695652174	3.79213891506259	4.36246566385155	0.000628795778678575	0.0122454222291466	0.0122454222291466	NOTCH4/CDH5/NME2/CAV1/VCL/ACVRL1/CLDN5/JAG1/SPRY1	9
Endothelial/Fibroblast	GO:0003012	muscle system process	20/323	430/15651	0.0465116279069767	2.25372597019224	3.8267575098803	0.000637935275796309	0.0123811519853529	0.0123811519853529	JUP/TPM4/TPM2/ACTA2/MYL9/MYLK/PDGFRB/CAV1/IGFBP5/CALD1/GSN/F2R/CTTN/CRYAB/GJA1/IL6ST/C12orf57/TPM1/FKBP1A/LMNA	20
Endothelial/Fibroblast	GO:0044703	multi-organism reproductive process	10/323	140/15651	0.0714285714285714	3.46107916850951	4.24605279227658	0.000655719052995017	0.0126361273894741	0.0126361273894741	ITGA5/MMP2/TIMP1/IGFBP5/EMP2/IGFBP7/GJA1/MAGED2/PTN/IGFBP2	10
Endothelial/Fibroblast	GO:0070372	regulation of ERK1 and ERK2 cascade	14/323	248/15651	0.0564516129032258	2.73536902027364	3.99880944410919	0.000661880121230066	0.0126361273894741	0.0126361273894741	PDGFRA/ACTA2/APP/KDR/PDGFRB/NRP1/DDR2/FN1/RAMP3/AKAP12/F2R/EMILIN1/FERMT2/SPRY1	14
Endothelial/Fibroblast	GO:0043567	regulation of insulin-like growth factor receptor signaling pathway	4/323	20/15651	0.2	9.69102167182663	5.64557440381816	0.00066420224047718	0.0126361273894741	0.0126361273894741	IGFBP4/IGFBP6/IGFBP5/IGFBP2	4
Endothelial/Fibroblast	GO:0072010	glomerular epithelium development	4/323	20/15651	0.2	9.69102167182663	5.64557440381816	0.00066420224047718	0.0126361273894741	0.0126361273894741	PODXL/CD34/JAG1/PECAM1	4
Endothelial/Fibroblast	GO:2001212	regulation of vasculogenesis	4/323	20/15651	0.2	9.69102167182663	5.64557440381816	0.00066420224047718	0.0126361273894741	0.0126361273894741	KDR/CD34/EMP2/RAMP2	4
Endothelial/Fibroblast	GO:0003014	renal system process	9/323	116/15651	0.0775862068965517	3.75944806234654	4.33023310938075	0.000669579429468023	0.0126361273894741	0.0126361273894741	AQP1/HYAL2/MCAM/CD34/GSN/EMP2/F2R/MAGED2/ADCY4	9
Endothelial/Fibroblast	GO:0055002	striated muscle cell development	9/323	116/15651	0.0775862068965517	3.75944806234654	4.33023310938075	0.000669579429468023	0.0126361273894741	0.0126361273894741	CAV2/PDGFRA/MYL9/FHL2/PDGFRB/CSRP1/SELENON/COL6A1/TPM1	9
Endothelial/Fibroblast	GO:0042063	gliogenesis	13/323	220/15651	0.0590909090909091	2.86325640303968	4.04019766555739	0.00067004242451359	0.0126361273894741	0.0126361273894741	NFIB/LRP1/APP/SOX4/MMP14/SERPINE2/CFH/LAMB1/MXRA8/MDK/PTN/TMEM98/COL3A1	13
Endothelial/Fibroblast	GO:0032526	response to retinoic acid	8/323	93/15651	0.0860215053763441	4.16818136422651	4.44826151831799	0.000671003610061454	0.0126361273894741	0.0126361273894741	SERPINF1/FZD4/COL1A1/AQP1/MMP2/IGFBP7/TIE1/IGFBP2	8
Endothelial/Fibroblast	GO:0043113	receptor clustering	6/323	52/15651	0.115384615384615	5.59097404143844	4.81364231447544	0.000675263001079671	0.0126745088294757	0.0126745088294757	LAMC1/CD81/THY1/GSN/LAMB1/PTN	6
Endothelial/Fibroblast	GO:0016055	Wnt signaling pathway	19/323	401/15651	0.0473815461346633	2.29587795217838	3.81607631821906	0.000695082873863649	0.0130037471418557	0.0130037471418557	IGFBP4/IGFBP6/JUP/LRP1/FZD4/APP/COL1A1/SOX4/CAV1/DKK3/TGFB1I1/FRZB/CPE/FERMT2/CTNND1/MDK/RBMS3/WWTR1/IGFBP2	19
Endothelial/Fibroblast	GO:1905475	regulation of protein localization to membrane	11/323	167/15651	0.0658682634730539	3.19165384401476	4.13337018070035	0.000706693429687147	0.013169651256615	0.013169651256615	LRP1/LAMC1/CD81/ITGB1/MMP14/GSN/LGALS3/RAMP3/LAMB1/SPTBN1/PGRMC1	11
Endothelial/Fibroblast	GO:0001953	negative regulation of cell-matrix adhesion	5/323	35/15651	0.142857142857143	6.92215833701902	5.09148915351829	0.000708566935818576	0.013169651256615	0.013169651256615	MMP14/ACVRL1/JAG1/DLC1/ADAM15	5
Endothelial/Fibroblast	GO:0016049	cell growth	19/323	402/15651	0.0472636815920398	2.29016681299385	3.80411727331062	0.000716136756553051	0.0132671309509471	0.0132671309509471	MEG3/LTBP4/JUP/APP/HYAL2/FHL1/MMP14/NRP1/MAP1B/CCDC85B/FRZB/ACVRL1/CTTN/CRYAB/IGFBP7/VIM/GJA1/ADAM15/BMPR2	19
Endothelial/Fibroblast	GO:1902904	negative regulation of supramolecular fiber organization	10/323	142/15651	0.0704225352112676	3.41233157458684	4.19184254994242	0.000732324419651138	0.0135231169531696	0.0135231169531696	CDH5/KANK2/HSPG2/MAP1B/EPS8/GSN/SPTBN1/CRYAB/DLC1/TJP1	10
Endothelial/Fibroblast	GO:0002065	columnar/cuboidal epithelial cell differentiation	6/323	53/15651	0.113207547169811	5.48548396518488	4.74819418185032	0.000748450875322682	0.013776324821262	0.013776324821262	NFIB/SOX4/MAP1B/TUBB/IL6ST/TJP1	6
Endothelial/Fibroblast	GO:0043065	positive regulation of apoptotic process	20/323	436/15651	0.0458715596330275	2.22271139262079	3.75878003402093	0.00075751251825747	0.0138982843381901	0.0138982843381901	APP/TSC22D1/ECSCR/SOX4/ID3/ITGA1/HYAL2/MMP2/ITGB1/CAV1/HTRA1/GSN/FRZB/AKAP12/F2R/NUPR1/DLC1/MAP3K20/ITGA6/LGALS1	20
Endothelial/Fibroblast	GO:0030308	negative regulation of cell growth	10/323	143/15651	0.0699300699300699	3.3884691160233	4.16510005736733	0.000773306527049265	0.0140974026943869	0.0140974026943869	MEG3/HYAL2/FHL1/CCDC85B/FRZB/ACVRL1/CRYAB/GJA1/ADAM15/BMPR2	10
Endothelial/Fibroblast	GO:0044706	multi-multicellular organism process	10/323	143/15651	0.0699300699300699	3.3884691160233	4.16510005736733	0.000773306527049265	0.0140974026943869	0.0140974026943869	ITGA5/MMP2/TIMP1/IGFBP5/EMP2/IGFBP7/GJA1/MAGED2/PTN/IGFBP2	10
Endothelial/Fibroblast	GO:0050769	positive regulation of neurogenesis	11/323	169/15651	0.0650887573964497	3.1538827926063	4.08665121767092	0.000780014456339159	0.0141294047234008	0.0141294047234008	SERPINF1/JUP/FZD4/NRP1/SERPINE2/MAP1B/PLXND1/VIM/MDK/BMPR2/PTN	11
Endothelial/Fibroblast	GO:0051495	positive regulation of cytoskeleton organization	11/323	169/15651	0.0650887573964497	3.1538827926063	4.08665121767092	0.000780014456339159	0.0141294047234008	0.0141294047234008	RHOC/CDC42EP1/NRP1/MAP1B/GSN/SYNPO/CTTN/PFN2/FERMT2/SORBS3/TPM1	11
Endothelial/Fibroblast	GO:0045773	positive regulation of axon extension	5/323	36/15651	0.138888888888889	6.72987616099071	4.99621568046082	0.000809109461750526	0.0146100588251535	0.0146100588251535	JUP/NRP1/MAP1B/VIM/BMPR2	5
Endothelial/Fibroblast	GO:1904377	positive regulation of protein localization to cell periphery	7/323	74/15651	0.0945945945945946	4.58359133126935	4.48547162324446	0.000822994687547415	0.0148139043758535	0.0148139043758535	LRP1/ITGB1/EPB41L2/LGALS3/RAMP3/SPTBN1/PGRMC1	7
Endothelial/Fibroblast	GO:0031638	zymogen activation	6/323	54/15651	0.111111111111111	5.38390092879257	4.68438693565545	0.000827620142528806	0.0148503161423565	0.0148503161423565	MMP14/PLAT/SERPINE2/C1S/C1R/CLEC3B	6
Endothelial/Fibroblast	GO:0035150	regulation of tube size	9/323	120/15651	0.075	3.63413312693498	4.20479008513059	0.000854911796819212	0.0151966564257023	0.0151966564257023	ITGA1/MMP2/ITGB1/CAV1/F2R/PECAM1/FBN1/ECE1/BMPR2	9
Endothelial/Fibroblast	GO:0035296	regulation of tube diameter	9/323	120/15651	0.075	3.63413312693498	4.20479008513059	0.000854911796819212	0.0151966564257023	0.0151966564257023	ITGA1/MMP2/ITGB1/CAV1/F2R/PECAM1/FBN1/ECE1/BMPR2	9
Endothelial/Fibroblast	GO:0097746	blood vessel diameter maintenance	9/323	120/15651	0.075	3.63413312693498	4.20479008513059	0.000854911796819212	0.0151966564257023	0.0151966564257023	ITGA1/MMP2/ITGB1/CAV1/F2R/PECAM1/FBN1/ECE1/BMPR2	9
Endothelial/Fibroblast	GO:0070374	positive regulation of ERK1 and ERK2 cascade	11/323	172/15651	0.063953488372093	3.09887320901433	4.01785873887229	0.000901758731419912	0.0159796127996336	0.0159796127996336	PDGFRA/ACTA2/APP/KDR/PDGFRB/NRP1/DDR2/RAMP3/AKAP12/F2R/FERMT2	11
Endothelial/Fibroblast	GO:0019229	regulation of vasoconstriction	6/323	55/15651	0.109090909090909	5.28601182099634	4.62214730687002	0.000913094646072944	0.0160806112669513	0.0160806112669513	MMP2/ITGB1/CAV1/F2R/ECE1/BMPR2	6
Endothelial/Fibroblast	GO:0034332	adherens junction organization	6/323	55/15651	0.109090909090909	5.28601182099634	4.62214730687002	0.000913094646072944	0.0160806112669513	0.0160806112669513	CDH5/VCL/CDH11/FERMT2/RAMP2/TJP1	6
Endothelial/Fibroblast	GO:0031102	neuron projection regeneration	5/323	37/15651	0.135135135135135	6.54798761609907	4.90450231375795	0.000919916307512852	0.0161013572106391	0.0161013572106391	MMP2/THY1/MAP1B/NREP/PTN	5
Endothelial/Fibroblast	GO:0048246	macrophage chemotaxis	5/323	37/15651	0.135135135135135	6.54798761609907	4.90450231375795	0.000919916307512852	0.0161013572106391	0.0161013572106391	PTK2/MMP2/LGALS3/RARRES2/MDK	5
Endothelial/Fibroblast	GO:0060828	regulation of canonical Wnt signaling pathway	13/323	228/15651	0.0570175438596491	2.76279126609092	3.89223963271506	0.00093270427951276	0.0162752618314979	0.0162752618314979	IGFBP4/IGFBP6/JUP/APP/COL1A1/SOX4/CAV1/DKK3/FRZB/MDK/RBMS3/WWTR1/IGFBP2	13
Endothelial/Fibroblast	GO:0043589	skin morphogenesis	3/323	10/15651	0.3	14.5365325077399	6.2157116451157	0.000938328413720084	0.0163234814898988	0.0163234814898988	COL1A1/COL1A2/ITGA6	3
Endothelial/Fibroblast	GO:2000209	regulation of anoikis	4/323	22/15651	0.181818181818182	8.81001970166057	5.32124874182356	0.000970720002430476	0.0168356484312106	0.0168356484312106	PTK2/ITGA5/ITGB1/CAV1	4
Endothelial/Fibroblast	GO:0002685	regulation of leukocyte migration	12/323	202/15651	0.0594059405940594	2.87852128866137	3.90083252889031	0.00102092091948732	0.0176526508078625	0.0176526508078625	PTK2/APP/PLVAP/CD81/MMP14/THY1/LGALS3/RARRES2/EMILIN1/NBL1/MDK/PTN	12
Endothelial/Fibroblast	GO:0046688	response to copper ion	5/323	38/15651	0.131578947368421	6.37567215251752	4.81611755711795	0.00104162401344281	0.0179343945553753	0.0179343945553753	APP/AQP1/MT1E/MAP1LC3A/LOXL2	5
Endothelial/Fibroblast	GO:0003073	regulation of systemic arterial blood pressure	7/323	77/15651	0.0909090909090909	4.40500985083028	4.34789789161651	0.00104350140069832	0.0179343945553753	0.0179343945553753	ENG/NR2F2/F2R/RARRES2/TPM1/ECE1/BMPR2	7
Endothelial/Fibroblast	GO:0002042	cell migration involved in sprouting angiogenesis	6/323	57/15651	0.105263157894737	5.10053772201401	4.50210024179027	0.00110429100113925	0.0189221755330348	0.0189221755330348	CLEC14A/CDH5/KDR/NRP1/CTNND1/MMRN2	6
Endothelial/Fibroblast	GO:0003094	glomerular filtration	4/323	23/15651	0.173913043478261	8.42697536680576	5.17416038394679	0.00115614453080959	0.0196338115857128	0.0196338115857128	MCAM/CD34/EMP2/F2R	4
Endothelial/Fibroblast	GO:0003148	outflow tract septum morphogenesis	4/323	23/15651	0.173913043478261	8.42697536680576	5.17416038394679	0.00115614453080959	0.0196338115857128	0.0196338115857128	ENG/PARVA/TGFBR2/NRP1	4
Endothelial/Fibroblast	GO:0003181	atrioventricular valve morphogenesis	4/323	23/15651	0.173913043478261	8.42697536680576	5.17416038394679	0.00115614453080959	0.0196338115857128	0.0196338115857128	EFNA1/SOX4/TGFBR2/BMPR2	4
Endothelial/Fibroblast	GO:0034113	heterotypic cell-cell adhesion	6/323	58/15651	0.103448275862069	5.01259741646205	4.4441676401785	0.00121069599593587	0.0204385542982546	0.0204385542982546	JUP/PARVA/ITGA5/ITGB1/THY1/ITGAV	6
Endothelial/Fibroblast	GO:0048678	response to axon injury	6/323	58/15651	0.103448275862069	5.01259741646205	4.4441676401785	0.00121069599593587	0.0204385542982546	0.0204385542982546	MMP2/MAP1B/NREP/DPYSL3/ARF4/PTN	6
Endothelial/Fibroblast	GO:0001765	membrane raft assembly	3/323	11/15651	0.272727272727273	13.2150295524909	5.8828554389633	0.00127055158673014	0.0211981501575503	0.0211981501575503	CAV2/CAV1/EMP2	3
Endothelial/Fibroblast	GO:0044827	host-mediated perturbation of viral genome replication	3/323	11/15651	0.272727272727273	13.2150295524909	5.8828554389633	0.00127055158673014	0.0211981501575503	0.0211981501575503	IFI27/PPIB/NUCKS1	3
Endothelial/Fibroblast	GO:0044857	plasma membrane raft organization	3/323	11/15651	0.272727272727273	13.2150295524909	5.8828554389633	0.00127055158673014	0.0211981501575503	0.0211981501575503	CAV2/CAV1/EMP2	3
Endothelial/Fibroblast	GO:0045906	negative regulation of vasoconstriction	3/323	11/15651	0.272727272727273	13.2150295524909	5.8828554389633	0.00127055158673014	0.0211981501575503	0.0211981501575503	MMP2/ITGB1/BMPR2	3
Endothelial/Fibroblast	GO:0010001	glial cell differentiation	10/323	153/15651	0.065359477124183	3.16700054634857	3.91005254959355	0.00129703941469913	0.0215769880474438	0.0215769880474438	NFIB/LRP1/APP/SOX4/SERPINE2/CFH/MXRA8/MDK/PTN/TMEM98	10
Endothelial/Fibroblast	GO:0050772	positive regulation of axonogenesis	6/323	59/15651	0.101694915254237	4.92763813821693	4.38755170538654	0.00132477194998608	0.021974269612269	0.021974269612269	JUP/NRP1/MAP1B/PLXND1/VIM/BMPR2	6
Endothelial/Fibroblast	GO:0030449	regulation of complement activation	4/323	24/15651	0.166666666666667	8.07585139318886	5.03572730709954	0.0013650301029045	0.022446287513467	0.022446287513467	SERPING1/A2M/CD59/CFH	4
Endothelial/Fibroblast	GO:0061036	positive regulation of cartilage development	4/323	24/15651	0.166666666666667	8.07585139318886	5.03572730709954	0.0013650301029045	0.022446287513467	0.022446287513467	ACVRL1/LOXL2/MDK/BMPR2	4
Endothelial/Fibroblast	GO:0071280	cellular response to copper ion	4/323	24/15651	0.166666666666667	8.07585139318886	5.03572730709954	0.0013650301029045	0.022446287513467	0.022446287513467	APP/AQP1/MT1E/MAP1LC3A	4
Endothelial/Fibroblast	GO:0060390	regulation of SMAD protein signal transduction	6/323	60/15651	0.1	4.84551083591331	4.33219867419833	0.00144687647377903	0.023698775036744	0.023698775036744	LRP1/ENG/TGFBR2/ACVRL1/EMILIN1/BMPR2	6
Endothelial/Fibroblast	GO:0043068	positive regulation of programmed cell death	20/323	460/15651	0.0434782608695652	2.10674384170144	3.49742600024561	0.00144950446684607	0.023698775036744	0.023698775036744	APP/TSC22D1/ECSCR/SOX4/ID3/ITGA1/HYAL2/MMP2/ITGB1/CAV1/HTRA1/GSN/FRZB/AKAP12/F2R/NUPR1/DLC1/MAP3K20/ITGA6/LGALS1	20
Endothelial/Fibroblast	GO:0070252	actin-mediated cell contraction	8/323	105/15651	0.0761904761904762	3.69181777974348	4.01741467318439	0.00148514397170327	0.0242120900072538	0.0242120900072538	JUP/ACTA2/PARVA/CAV1/GSN/EMP2/GJA1/TPM1	8
Endothelial/Fibroblast	GO:0051146	striated muscle cell differentiation	13/323	241/15651	0.053941908713693	2.61376103182046	3.66489985903585	0.00154115532969389	0.0250536533083571	0.0250536533083571	CAV2/PDGFRA/MYL9/FHL2/CD81/PDGFRB/ITGB1/EHD2/MMP14/CSRP1/SELENON/COL6A1/TPM1	13
Endothelial/Fibroblast	GO:0030513	positive regulation of BMP signaling pathway	4/323	25/15651	0.16	7.7528173374613	4.90508776968019	0.00159888325725302	0.0255552601285315	0.0255552601285315	CDH5/ENG/KDR/ACVRL1	4
Endothelial/Fibroblast	GO:0031579	membrane raft organization	4/323	25/15651	0.16	7.7528173374613	4.90508776968019	0.00159888325725302	0.0255552601285315	0.0255552601285315	CAV2/CAV1/GSN/EMP2	4
Endothelial/Fibroblast	GO:0051043	regulation of membrane protein ectodomain proteolysis	4/323	25/15651	0.16	7.7528173374613	4.90508776968019	0.00159888325725302	0.0255552601285315	0.0255552601285315	APP/TIMP1/TIMP2/TIMP3	4
Endothelial/Fibroblast	GO:0051894	positive regulation of focal adhesion assembly	4/323	25/15651	0.16	7.7528173374613	4.90508776968019	0.00159888325725302	0.0255552601285315	0.0255552601285315	KDR/THY1/NRP1/FERMT2	4
Endothelial/Fibroblast	GO:0052372	modulation by symbiont of entry into host	4/323	25/15651	0.16	7.7528173374613	4.90508776968019	0.00159888325725302	0.0255552601285315	0.0255552601285315	NECTIN2/CAV1/ITGAV/LGALS1	4
Endothelial/Fibroblast	GO:0097205	renal filtration	4/323	25/15651	0.16	7.7528173374613	4.90508776968019	0.00159888325725302	0.0255552601285315	0.0255552601285315	MCAM/CD34/EMP2/F2R	4
Endothelial/Fibroblast	GO:0007566	embryo implantation	5/323	42/15651	0.119047619047619	5.76846528084918	4.49191382562115	0.00165054377408658	0.0260802374231936	0.0260802374231936	MMP2/TIMP1/EMP2/IGFBP7/GJA1	5
Endothelial/Fibroblast	GO:0048008	platelet-derived growth factor receptor signaling pathway	5/323	42/15651	0.119047619047619	5.76846528084918	4.49191382562115	0.00165054377408658	0.0260802374231936	0.0260802374231936	PDGFRA/LRP1/PDGFRB/NRP1/PLAT	5
Endothelial/Fibroblast	GO:0033002	muscle cell proliferation	10/323	158/15651	0.0632911392405063	3.06677901007172	3.79027317230835	0.00165094877425258	0.0260802374231936	0.0260802374231936	RGS5/NOTCH3/PDGFRB/EFEMP2/MMP2/IGFBP5/DDR2/GJA1/TPM1/BMPR2	10
Endothelial/Fibroblast	GO:0003183	mitral valve morphogenesis	3/323	12/15651	0.25	12.1137770897833	5.59066540864086	0.00166829419198487	0.0260802374231936	0.0260802374231936	EFNA1/SOX4/BMPR2	3
Endothelial/Fibroblast	GO:0060841	venous blood vessel development	3/323	12/15651	0.25	12.1137770897833	5.59066540864086	0.00166829419198487	0.0260802374231936	0.0260802374231936	ENG/ACVRL1/BMPR2	3
Endothelial/Fibroblast	GO:0097646	calcitonin family receptor signaling pathway	3/323	12/15651	0.25	12.1137770897833	5.59066540864086	0.00166829419198487	0.0260802374231936	0.0260802374231936	CALCRL/RAMP3/RAMP2	3
Endothelial/Fibroblast	GO:1900747	negative regulation of vascular endothelial growth factor signaling pathway	3/323	12/15651	0.25	12.1137770897833	5.59066540864086	0.00166829419198487	0.0260802374231936	0.0260802374231936	NR2F2/EMILIN1/DCN	3
Endothelial/Fibroblast	GO:1903911	positive regulation of receptor clustering	3/323	12/15651	0.25	12.1137770897833	5.59066540864086	0.00166829419198487	0.0260802374231936	0.0260802374231936	LAMC1/CD81/LAMB1	3
Endothelial/Fibroblast	GO:0071675	regulation of mononuclear cell migration	9/323	132/15651	0.0681818181818182	3.30375738812271	3.85840246424559	0.00167373265928273	0.026093766540621	0.026093766540621	PTK2/APP/CD81/MMP14/LGALS3/RARRES2/EMILIN1/NBL1/MDK	9
Endothelial/Fibroblast	GO:0019058	viral life cycle	14/323	275/15651	0.0509090909090909	2.46680551646496	3.56231961814816	0.00177837465151266	0.0276496069796491	0.0276496069796491	CAV2/LRP1/NECTIN2/CD81/HYAL2/ITGA5/ITGB1/CAV1/NRP1/INSR/ITGAV/IFITM3/NFIA/LGALS1	14
Endothelial/Fibroblast	GO:0003197	endocardial cushion development	5/323	43/15651	0.116279069767442	5.6343149254806	4.41735018048621	0.00183663866897284	0.0281378555123453	0.0281378555123453	ENG/TGFBR2/ACVRL1/JAG1/BMPR2	5
Endothelial/Fibroblast	GO:0048662	negative regulation of smooth muscle cell proliferation	5/323	43/15651	0.116279069767442	5.6343149254806	4.41735018048621	0.00183663866897284	0.0281378555123453	0.0281378555123453	RGS5/EFEMP2/IGFBP5/TPM1/BMPR2	5
Endothelial/Fibroblast	GO:0051145	smooth muscle cell differentiation	5/323	43/15651	0.116279069767442	5.6343149254806	4.41735018048621	0.00183663866897284	0.0281378555123453	0.0281378555123453	NOTCH4/TMEM204/ENG/EFEMP2/RAMP2	5
Endothelial/Fibroblast	GO:0061005	cell differentiation involved in kidney development	5/323	43/15651	0.116279069767442	5.6343149254806	4.41735018048621	0.00183663866897284	0.0281378555123453	0.0281378555123453	PODXL/ACTA2/CD34/TCF21/JAG1	5
Endothelial/Fibroblast	GO:1990000	amyloid fibril formation	5/323	43/15651	0.116279069767442	5.6343149254806	4.41735018048621	0.00183663866897284	0.0281378555123453	0.0281378555123453	APP/HSPG2/GSN/CRYAB/FKBP1A	5
Endothelial/Fibroblast	GO:0060070	canonical Wnt signaling pathway	14/323	276/15651	0.0507246376811594	2.45786781531835	3.54716028563168	0.00183936559868643	0.0281378555123453	0.0281378555123453	IGFBP4/IGFBP6/JUP/FZD4/APP/COL1A1/SOX4/CAV1/DKK3/FRZB/MDK/RBMS3/WWTR1/IGFBP2	14
Endothelial/Fibroblast	GO:0031099	regeneration	9/323	134/15651	0.0671641791044776	3.25444757635969	3.80455920041391	0.0018569698528293	0.0282276550388217	0.0282276550388217	CD81/MMP2/THY1/SELENON/MAP1B/NREP/ADAM15/MDK/PTN	9
Endothelial/Fibroblast	GO:0003171	atrioventricular valve development	4/323	26/15651	0.153846153846154	7.45463205525125	4.78149644999974	0.00185920043212568	0.0282276550388217	0.0282276550388217	EFNA1/SOX4/TGFBR2/BMPR2	4
Endothelial/Fibroblast	GO:0014823	response to activity	6/323	63/15651	0.0952380952380952	4.61477222467934	4.17322402552838	0.00186502382573358	0.0282276550388217	0.0282276550388217	ITGA5/MMP2/ITGB1/COL4A2/FN1/RARRES2	6
Endothelial/Fibroblast	GO:1903078	positive regulation of protein localization to plasma membrane	6/323	63/15651	0.0952380952380952	4.61477222467934	4.17322402552838	0.00186502382573358	0.0282276550388217	0.0282276550388217	LRP1/ITGB1/LGALS3/RAMP3/SPTBN1/PGRMC1	6
Endothelial/Fibroblast	GO:0043523	regulation of neuron apoptotic process	11/323	189/15651	0.0582010582010582	2.82013858174849	3.65441789947056	0.00192567579959945	0.0290685346891917	0.0290685346891917	APP/ITGA1/KDR/MMP2/NRP1/HSPG2/F2R/PLXND1/NUPR1/IL6ST/MDK	11
Endothelial/Fibroblast	GO:0048009	insulin-like growth factor receptor signaling pathway	5/323	44/15651	0.113636363636364	5.50626231353786	4.34509001653461	0.00203763981654488	0.0306775007736282	0.0306775007736282	IGFBP4/IGFBP6/CRIM1/IGFBP5/IGFBP2	5
Endothelial/Fibroblast	GO:0030833	regulation of actin filament polymerization	8/323	111/15651	0.0720720720720721	3.4922600619195	3.82511966739053	0.0021151158444004	0.0316767742996028	0.0316767742996028	CDC42EP1/KANK2/EPS8/GSN/ESAM/SPTBN1/CTTN/PFN2	8
Endothelial/Fibroblast	GO:0051147	regulation of muscle cell differentiation	8/323	111/15651	0.0720720720720721	3.4922600619195	3.82511966739053	0.0021151158444004	0.0316767742996028	0.0316767742996028	NOTCH4/LAMC1/ENG/EFEMP2/MMP14/LAMB1/LAMB2/NID1	8
Endothelial/Fibroblast	GO:0003174	mitral valve development	3/323	13/15651	0.230769230769231	11.1819480828769	5.33123266374083	0.00213581914651372	0.0317369376302272	0.0317369376302272	EFNA1/SOX4/BMPR2	3
Endothelial/Fibroblast	GO:0051639	actin filament network formation	3/323	13/15651	0.230769230769231	11.1819480828769	5.33123266374083	0.00213581914651372	0.0317369376302272	0.0317369376302272	PARVA/PLS3/ACTN1	3
Endothelial/Fibroblast	GO:2001214	positive regulation of vasculogenesis	3/323	13/15651	0.230769230769231	11.1819480828769	5.33123266374083	0.00213581914651372	0.0317369376302272	0.0317369376302272	KDR/CD34/RAMP2	3
Endothelial/Fibroblast	GO:0035767	endothelial cell chemotaxis	4/323	27/15651	0.148148148148148	7.17853457172343	4.66430492456624	0.00214746417235141	0.0317446387757439	0.0317446387757439	HSPB1/KDR/NRP1/RAB13	4
Endothelial/Fibroblast	GO:1905523	positive regulation of macrophage migration	4/323	27/15651	0.148148148148148	7.17853457172343	4.66430492456624	0.00214746417235141	0.0317446387757439	0.0317446387757439	PTK2/MMP14/RARRES2/MDK	4
Endothelial/Fibroblast	GO:0000302	response to reactive oxygen species	10/323	164/15651	0.0609756097560976	2.95457977799592	3.65264413457599	0.00217495986305584	0.0320680128645908	0.0320680128645908	PDGFRA/COL1A1/AQP1/HYAL2/MMP2/DDR2/MAP1LC3A/CRYAB/SOD3/TPM1	10
Endothelial/Fibroblast	GO:0010720	positive regulation of cell development	16/323	345/15651	0.0463768115942029	2.2471934311482	3.40038580141512	0.00224094549129507	0.0329557602405404	0.0329557602405404	SERPINF1/JUP/FZD4/CDH5/SOX4/MMP14/TGFBR2/NRP1/SERPINE2/MAP1B/CLDN5/PLXND1/VIM/MDK/BMPR2/PTN	16
Endothelial/Fibroblast	GO:0042698	ovulation cycle	5/323	45/15651	0.111111111111111	5.38390092879257	4.27500742003523	0.002254236036174	0.0330659918313852	0.0330659918313852	PDGFRA/SERPINF1/MMP2/MDK/PTN	5
Endothelial/Fibroblast	GO:0002687	positive regulation of leukocyte migration	9/323	138/15651	0.0652173913043478	3.16011576255216	3.69985206186361	0.00227149512213842	0.0332337209408252	0.0332337209408252	PTK2/APP/PLVAP/MMP14/THY1/LGALS3/RARRES2/MDK/PTN	9
Endothelial/Fibroblast	GO:0006936	muscle contraction	16/323	347/15651	0.0461095100864553	2.23424130762574	3.37503299103752	0.00237404706425948	0.0345958396245788	0.0345958396245788	JUP/TPM4/TPM2/ACTA2/MYL9/MYLK/CAV1/CALD1/GSN/F2R/CTTN/CRYAB/GJA1/C12orf57/TPM1/FKBP1A	16
Endothelial/Fibroblast	GO:0008154	actin polymerization or depolymerization	10/323	166/15651	0.0602409638554217	2.91898243127308	3.60815448740826	0.00237672084346914	0.0345958396245788	0.0345958396245788	CDC42EP1/KANK2/ENAH/EPS8/GSN/ESAM/DSTN/SPTBN1/CTTN/PFN2	10
Endothelial/Fibroblast	GO:0045777	positive regulation of blood pressure	4/323	28/15651	0.142857142857143	6.92215833701902	4.55294600823458	0.00246513961475887	0.0357915690631402	0.0357915690631402	ENG/NR2F2/RARRES2/TPM1	4
Endothelial/Fibroblast	GO:0030516	regulation of axon extension	6/323	67/15651	0.0895522388059701	4.33926343514625	3.97616409974294	0.00255760118495464	0.0369460059781042	0.0369460059781042	JUP/NRP1/MAP1B/CTTN/VIM/BMPR2	6
Endothelial/Fibroblast	GO:0042310	vasoconstriction	6/323	67/15651	0.0895522388059701	4.33926343514625	3.97616409974294	0.00255760118495464	0.0369460059781042	0.0369460059781042	MMP2/ITGB1/CAV1/F2R/ECE1/BMPR2	6
Endothelial/Fibroblast	GO:1901890	positive regulation of cell junction assembly	7/323	90/15651	0.0777777777777778	3.7687306501548	3.82383283399826	0.00258347525682776	0.0372255298370181	0.0372255298370181	KDR/CAV1/THY1/NRP1/ACVRL1/CLDN5/FERMT2	7
Endothelial/Fibroblast	GO:0007156	homophilic cell-cell adhesion	10/323	168/15651	0.0595238095238095	2.88423264042459	3.56432496923039	0.00259324959408175	0.0372722473144344	0.0372722473144344	ROBO4/NECTIN2/CDH5/PCDH17/ITGB1/ESAM/CDH11/PECAM1/PALLD/PTPRM	10
Endothelial/Fibroblast	GO:0001867	complement activation, lectin pathway	3/323	14/15651	0.214285714285714	10.3832375055285	5.09865580675201	0.00267704224116164	0.0378099084853176	0.0378099084853176	SERPING1/A2M/COLEC11	3
Endothelial/Fibroblast	GO:0003084	positive regulation of systemic arterial blood pressure	3/323	14/15651	0.214285714285714	10.3832375055285	5.09865580675201	0.00267704224116164	0.0378099084853176	0.0378099084853176	ENG/NR2F2/RARRES2	3
Endothelial/Fibroblast	GO:0045916	negative regulation of complement activation	3/323	14/15651	0.214285714285714	10.3832375055285	5.09865580675201	0.00267704224116164	0.0378099084853176	0.0378099084853176	SERPING1/A2M/CD59	3
Endothelial/Fibroblast	GO:0051152	positive regulation of smooth muscle cell differentiation	3/323	14/15651	0.214285714285714	10.3832375055285	5.09865580675201	0.00267704224116164	0.0378099084853176	0.0378099084853176	NOTCH4/ENG/EFEMP2	3
Endothelial/Fibroblast	GO:0051764	actin crosslink formation	3/323	14/15651	0.214285714285714	10.3832375055285	5.09865580675201	0.00267704224116164	0.0378099084853176	0.0378099084853176	MARCKS/EPS8/DPYSL3	3
Endothelial/Fibroblast	GO:0072109	glomerular mesangium development	3/323	14/15651	0.214285714285714	10.3832375055285	5.09865580675201	0.00267704224116164	0.0378099084853176	0.0378099084853176	ACTA2/PDGFRB/CD34	3
Endothelial/Fibroblast	GO:1902548	negative regulation of cellular response to vascular endothelial growth factor stimulus	3/323	14/15651	0.214285714285714	10.3832375055285	5.09865580675201	0.00267704224116164	0.0378099084853176	0.0378099084853176	NR2F2/EMILIN1/DCN	3
Endothelial/Fibroblast	GO:0043588	skin development	11/323	198/15651	0.0555555555555556	2.69195046439628	3.47799956240649	0.00276761580802335	0.0389926316063734	0.0389926316063734	COL1A1/COL1A2/NME2/COL5A1/CLIC4/COL5A2/CDH11/JAG1/FBN1/ITGA6/COL3A1	11
Endothelial/Fibroblast	GO:0008037	cell recognition	8/323	116/15651	0.0689655172413793	3.3417316109747	3.67473622478811	0.00278624850781251	0.0391580685129334	0.0391580685129334	ROBO4/APP/CD81/LGALS3/COLEC11/PLXND1/PECAM1/PALLD	8
Endothelial/Fibroblast	GO:0032535	regulation of cellular component size	14/323	289/15651	0.0484429065743945	2.34730628729365	3.35588495164249	0.00280363669096608	0.0391580685129334	0.0391580685129334	JUP/AQP1/CDC42EP1/KANK2/NRP1/MAP1B/EPS8/GSN/ESAM/SPTBN1/CTTN/VIM/PFN2/BMPR2	14
Endothelial/Fibroblast	GO:0048589	developmental growth	16/323	353/15651	0.0453257790368272	2.19626553469159	3.29999514703096	0.00281347263333221	0.0391580685129334	0.0391580685129334	JUP/APP/CD81/PPIB/NRP1/SELENON/INSR/DDR2/MAP1B/CTTN/VIM/ADAM15/MDK/BMPR2/PTN/COL3A1	16
Endothelial/Fibroblast	GO:0033631	cell-cell adhesion mediated by integrin	4/323	29/15651	0.137931034482759	6.6834632219494	4.44692108411335	0.00281367123909966	0.0391580685129334	0.0391580685129334	PODXL/PTK2/PLPP3/ITGB1	4
Endothelial/Fibroblast	GO:1903055	positive regulation of extracellular matrix organization	4/323	29/15651	0.137931034482759	6.6834632219494	4.44692108411335	0.00281367123909966	0.0391580685129334	0.0391580685129334	EFEMP2/DDR2/FSCN1/EMILIN1	4
Endothelial/Fibroblast	GO:0043535	regulation of blood vessel endothelial cell migration	7/323	92/15651	0.0760869565217391	3.68680172297752	3.75192698078182	0.00292551022140085	0.040615477672295	0.040615477672295	EFNA1/JUP/HSPB1/KDR/NRP1/ACVRL1/MMRN2	7
Endothelial/Fibroblast	GO:0008406	gonad development	8/323	117/15651	0.0683760683760684	3.31316980233389	3.64564587706532	0.0029384503290798	0.0406961106255567	0.0406961106255567	PDGFRA/MMP2/MMP14/INSR/TCF21/NR2F2/RAB13/ADAM15	8
Endothelial/Fibroblast	GO:0070482	response to oxygen levels	14/323	291/15651	0.0481099656357388	2.3311735980339	3.32737131514722	0.00298347449673436	0.0412196258556083	0.0412196258556083	PDLIM1/PLOD1/COL1A1/AQP1/ENG/MMP2/CAV1/MMP14/DDR2/MAP1LC3A/LOXL2/EPAS1/ADAM15/LMNA	14
Endothelial/Fibroblast	GO:0030195	negative regulation of blood coagulation	5/323	48/15651	0.104166666666667	5.04740712074303	4.07670364906628	0.00300452719711775	0.0413104390042262	0.0413104390042262	PDGFRA/SERPING1/PLAT/SERPINE2/TFPI	5
Endothelial/Fibroblast	GO:1900047	negative regulation of hemostasis	5/323	48/15651	0.104166666666667	5.04740712074303	4.07670364906628	0.00300452719711775	0.0413104390042262	0.0413104390042262	PDGFRA/SERPING1/PLAT/SERPINE2/TFPI	5
Endothelial/Fibroblast	GO:0030111	regulation of Wnt signaling pathway	14/323	292/15651	0.047945205479452	2.32319012680775	3.31320183661197	0.00307688256494543	0.0422035863355255	0.0422035863355255	IGFBP4/IGFBP6/JUP/LRP1/APP/COL1A1/SOX4/CAV1/DKK3/FRZB/MDK/RBMS3/WWTR1/IGFBP2	14
Endothelial/Fibroblast	GO:1903522	regulation of blood circulation	12/323	231/15651	0.051948051948052	2.51714848618873	3.37215537892713	0.0031440651456602	0.0430216683960122	0.0430216683960122	JUP/APP/YWHAE/MMP2/ITGB1/CAV1/F2R/GJA1/TPM1/FKBP1A/ECE1/BMPR2	12
Endothelial/Fibroblast	GO:0043276	anoikis	4/323	30/15651	0.133333333333333	6.46068111455108	4.34578977082435	0.00319447987182503	0.0436069429393149	0.0436069429393149	PTK2/ITGA5/ITGB1/CAV1	4
Endothelial/Fibroblast	GO:0045669	positive regulation of osteoblast differentiation	5/323	49/15651	0.102040816326531	4.94439881215644	4.01424993317416	0.00329044345177474	0.0445601752352305	0.0445601752352305	DDR2/FERMT2/IL6ST/BMPR2/WWTR1	5
Endothelial/Fibroblast	GO:0002693	positive regulation of cellular extravasation	3/323	15/15651	0.2	9.69102167182662	4.88842906675469	0.00329554748497499	0.0445601752352305	0.0445601752352305	PLVAP/THY1/MDK	3
Endothelial/Fibroblast	GO:0030325	adrenal gland development	3/323	15/15651	0.2	9.69102167182662	4.88842906675469	0.00329554748497499	0.0445601752352305	0.0445601752352305	INSR/DKK3/MDK	3
Endothelial/Fibroblast	GO:1903054	negative regulation of extracellular matrix organization	3/323	15/15651	0.2	9.69102167182662	4.88842906675469	0.00329554748497499	0.0445601752352305	0.0445601752352305	CST3/TIMP3/EMILIN1	3
Endothelial/Fibroblast	GO:0045137	development of primary sexual characteristics	8/323	120/15651	0.0666666666666667	3.23034055727554	3.56022775227347	0.00343419461231426	0.0463250932810051	0.0463250932810051	PDGFRA/MMP2/MMP14/INSR/TCF21/NR2F2/RAB13/ADAM15	8
Endothelial/Fibroblast	GO:1904645	response to amyloid-beta	5/323	50/15651	0.1	4.84551083591331	3.95347056285959	0.00359542893479356	0.0483856544856888	0.0483856544856888	LRP1/APP/MMP2/RAMP3/GJA1	5
Endothelial/Fibroblast	GO:0022411	cellular component disassembly	18/323	430/15651	0.0418604651162791	2.02835337317301	3.13885098272086	0.00368815950666812	0.0495167956354078	0.0495167956354078	LRP1/LAMC1/ENG/CST3/MMP2/ITGB1/MMP14/INSR/DDR2/MAP1B/EPS8/TIMP3/GSN/FSCN1/MAP1LC3A/DSTN/SPTBN1/ADAM15	18
Myeloid/TAM	GO:0006898	receptor-mediated endocytosis	36/342	259/15651	0.138996138996139	6.3609022556391	13.0028051927211	5.43765004285995e-19	3.10272311445589e-15	3.10272311445589e-15	HAMP/ARAP1/CXCL16/LRP1/APOE/LILRB1/CD81/SIGLEC1/CTSL/SYK/STAB1/LYVE1/ANXA2/DAB2/MARCO/CD14/MSR1/AP2A2/SDCBP/CLTA/ITGAM/RAC1/BMP2K/RAB31/AP1B1/FCER1G/LILRB4/GAS7/CD63/APOC1/ITGB2/CLTC/AP2S1/SCARB2/ARRB2/GRB2	36
Myeloid/TAM	GO:0002495	antigen processing and presentation of peptide antigen via MHC class II	15/342	28/15651	0.535714285714286	24.515977443609	18.6147259436586	2.63933418881664e-18	7.53002044069388e-15	7.53002044069388e-15	HLA-DRA/IFI30/CTSS/CTSL/HLA-DRB1/HLA-DRB5/HLA-DQB1/HLA-DMB/TREM2/LGMN/HLA-DPB1/HLA-DMA/HLA-DPA1/PYCARD/CTSD	15
Myeloid/TAM	GO:0002504	antigen processing and presentation of peptide or polysaccharide antigen via MHC class II	15/342	30/15651	0.5	22.8815789473684	17.9300574272739	1.05099347534999e-17	1.99898959011568e-14	1.99898959011568e-14	HLA-DRA/IFI30/CTSS/CTSL/HLA-DRB1/HLA-DRB5/HLA-DQB1/HLA-DMB/TREM2/LGMN/HLA-DPB1/HLA-DMA/HLA-DPA1/PYCARD/CTSD	15
Myeloid/TAM	GO:0002694	regulation of leukocyte activation	47/342	499/15651	0.094188376753507	4.3103575572197	11.232773702676	1.81829442213091e-17	2.59379699316974e-14	2.59379699316974e-14	MEF2C/HLA-DRA/LILRB1/TYROBP/AIF1/LST1/FCGR3A/IL1B/THEMIS2/VSIG4/CD81/HLA-DRB1/SYK/ZFP36L1/TNFSF13B/RHOA/CD74/HLA-DRB5/MNDA/ACTB/HLA-DQB1/LGALS9/NR1H3/LGALS1/HLA-DMB/SIRPA/TLR4/TREM2/HAVCR2/GPNMB/LGALS3/SPI1/FN1/HLA-DPB1/CD84/HLA-DMA/GRN/LILRB4/HLA-DPA1/LAPTM5/PYCARD/LYN/CLEC7A/CEBPB/TNFRSF1B/CD4/LILRB2	47
Myeloid/TAM	GO:0002768	immune response-regulating cell surface receptor signaling pathway	39/342	359/15651	0.108635097493036	4.97148511948395	11.3779712411837	1.03447641330047e-16	1.18054448285849e-13	1.18054448285849e-13	MEF2C/LILRB1/TYROBP/LILRB3/FCGR3A/THEMIS2/CD81/HLA-DRB1/SYK/LY96/FPR3/FCGR2A/HCK/MNDA/NINJ1/CD14/HLA-DQB1/FCN1/NR1H3/CYBA/FCGR1A/TLR4/TREM2/LAIR1/SPG21/ITGAM/LGALS3/C3AR1/HLA-DPB1/FCER1G/LILRB4/C5AR1/LAPTM5/LYN/CLEC7A/CMKLR1/CD4/GRB2/LILRB2	39
Myeloid/TAM	GO:0019882	antigen processing and presentation	22/342	99/15651	0.222222222222222	10.1695906432749	13.6795318179445	1.86519433109896e-16	1.77379980887511e-13	1.77379980887511e-13	HLA-DRA/SLC11A1/IFI30/CTSS/RAB10/CTSH/CTSL/HLA-DRB1/CD68/CD74/HLA-DRB5/HLA-DQB1/HLA-DMB/TREM2/LGMN/HLA-DPB1/HLA-DMA/HLA-DPA1/PYCARD/RAB32/CTSD/LILRB2	22
Myeloid/TAM	GO:0019886	antigen processing and presentation of exogenous peptide antigen via MHC class II	13/342	25/15651	0.52	23.7968421052632	17.0497336177969	8.48032865488206e-16	6.912679329251e-13	6.912679329251e-13	HLA-DRA/IFI30/CTSS/CTSL/HLA-DRB1/HLA-DRB5/HLA-DQB1/HLA-DMB/LGMN/HLA-DPB1/HLA-DMA/HLA-DPA1/CTSD	13
Myeloid/TAM	GO:0050670	regulation of lymphocyte proliferation	28/342	191/15651	0.146596858638743	6.70873518875723	11.864478375606	1.29438497327809e-15	9.23220082190599e-13	9.23220082190599e-13	MEF2C/LILRB1/TYROBP/AIF1/LST1/FCGR3A/IL1B/VSIG4/CD81/HLA-DRB1/TNFSF13B/CD74/MNDA/LGALS9/HLA-DMB/HAVCR2/GPNMB/LGALS3/HLA-DPB1/LILRB4/HLA-DPA1/LAPTM5/PYCARD/LYN/CEBPB/TNFRSF1B/CD4/LILRB2	28
Myeloid/TAM	GO:0032944	regulation of mononuclear cell proliferation	28/342	193/15651	0.145077720207254	6.63921461685301	11.7819571448366	1.70401466484696e-15	1.08034529751297e-12	1.08034529751297e-12	MEF2C/LILRB1/TYROBP/AIF1/LST1/FCGR3A/IL1B/VSIG4/CD81/HLA-DRB1/TNFSF13B/CD74/MNDA/LGALS9/HLA-DMB/HAVCR2/GPNMB/LGALS3/HLA-DPB1/LILRB4/HLA-DPA1/LAPTM5/PYCARD/LYN/CEBPB/TNFRSF1B/CD4/LILRB2	28
Myeloid/TAM	GO:0002274	myeloid leukocyte activation	29/342	211/15651	0.137440758293839	6.28972312297331	11.5623825089165	2.2704457305069e-15	1.29551633382724e-12	1.29551633382724e-12	SLC11A1/TYROBP/IFNGR2/C1QA/ADAM9/AIF1/FCGR3A/IL1B/VSIG4/STXBP2/SYK/CD74/LGALS9/NR1H3/TLR4/TREM2/VAMP8/HAVCR2/ITGAM/SPI1/FN1/CD84/FCER1G/GRN/LILRB4/C5AR1/PYCARD/LYN/ITGB2	29
Myeloid/TAM	GO:0002757	immune response-activating signaling pathway	44/342	500/15651	0.088	4.02715789473684	10.2824413164716	2.59437016667482e-15	1.33840896256642e-12	1.33840896256642e-12	MEF2C/TYROBP/CTSS/RTN4/THEMIS2/CD81/NAGK/HLA-DRB1/SYK/NAIP/LY96/FPR3/HCK/MNDA/NINJ1/CD14/S100A9/HLA-DQB1/MSR1/FCN1/NR1H3/CYBA/TLR4/TREM2/UNC93B1/SPG21/HAVCR2/ITGAM/LGALS3/C3AR1/HLA-DPB1/SLC15A3/LILRB4/C5AR1/LAPTM5/PYCARD/LYN/CLEC7A/CMKLR1/S100A8/PLD3/ARRB2/CD4/GRB2	44
Myeloid/TAM	GO:0051249	regulation of lymphocyte activation	41/342	437/15651	0.0938215102974828	4.29356858966639	10.43716471	2.81474019467175e-15	1.33840896256642e-12	1.33840896256642e-12	MEF2C/HLA-DRA/LILRB1/TYROBP/AIF1/LST1/FCGR3A/IL1B/THEMIS2/VSIG4/CD81/HLA-DRB1/SYK/ZFP36L1/TNFSF13B/RHOA/CD74/HLA-DRB5/MNDA/ACTB/HLA-DQB1/LGALS9/LGALS1/HLA-DMB/SIRPA/HAVCR2/GPNMB/LGALS3/SPI1/HLA-DPB1/HLA-DMA/LILRB4/HLA-DPA1/LAPTM5/PYCARD/LYN/CLEC7A/CEBPB/TNFRSF1B/CD4/LILRB2	41
Myeloid/TAM	GO:0070663	regulation of leukocyte proliferation	29/342	214/15651	0.135514018691589	6.2015494343335	11.4513048752874	3.32003782950535e-15	1.4572412196275e-12	1.4572412196275e-12	MEF2C/LILRB1/TYROBP/AIF1/LST1/FCGR3A/IL1B/VSIG4/CD81/HLA-DRB1/CSF1R/TNFSF13B/CD74/MNDA/LGALS9/HLA-DMB/HAVCR2/GPNMB/LGALS3/HLA-DPB1/LILRB4/HLA-DPA1/LAPTM5/PYCARD/LYN/CEBPB/TNFRSF1B/CD4/LILRB2	29
Myeloid/TAM	GO:0006909	phagocytosis	29/342	215/15651	0.134883720930233	6.17270501835985	11.4147491065033	3.76283987179942e-15	1.53362602203482e-12	1.53362602203482e-12	SLC11A1/ARAP1/LRP1/TYROBP/AIF1/CORO1C/SYK/GSN/FCGR2A/HCK/MARCO/CD14/MSR1/FCN1/NR1H3/CYBA/RAB20/FCGR1A/SIRPA/TLR4/TREM2/NCF2/ITGAM/RAC1/RAB31/PYCARD/LYN/CLEC7A/ITGB2	29
Myeloid/TAM	GO:0070661	leukocyte proliferation	31/342	251/15651	0.123505976095618	5.65202348500734	11.1049142994876	4.94621138185195e-15	1.88153880965648e-12	1.88153880965648e-12	MEF2C/SLC11A1/LILRB1/TYROBP/AIF1/LST1/FCGR3A/IL1B/VSIG4/CD81/HLA-DRB1/CSF1R/TNFSF13B/CD74/MNDA/LGALS9/HLA-DMB/TREM2/HAVCR2/GPNMB/LGALS3/HLA-DPB1/LILRB4/HLA-DPA1/LAPTM5/PYCARD/LYN/CEBPB/TNFRSF1B/CD4/LILRB2	31
Myeloid/TAM	GO:0046651	lymphocyte proliferation	29/342	220/15651	0.131818181818182	6.03241626794258	11.2353776515851	6.96203000837481e-15	2.48283395173667e-12	2.48283395173667e-12	MEF2C/SLC11A1/LILRB1/TYROBP/AIF1/LST1/FCGR3A/IL1B/VSIG4/CD81/HLA-DRB1/TNFSF13B/CD74/MNDA/LGALS9/HLA-DMB/HAVCR2/GPNMB/LGALS3/HLA-DPB1/LILRB4/HLA-DPA1/LAPTM5/PYCARD/LYN/CEBPB/TNFRSF1B/CD4/LILRB2	29
Myeloid/TAM	GO:0032943	mononuclear cell proliferation	29/342	223/15651	0.130044843049327	5.95126268586264	11.1303903863895	9.98760229517782e-15	3.35230933507557e-12	3.35230933507557e-12	MEF2C/SLC11A1/LILRB1/TYROBP/AIF1/LST1/FCGR3A/IL1B/VSIG4/CD81/HLA-DRB1/TNFSF13B/CD74/MNDA/LGALS9/HLA-DMB/HAVCR2/GPNMB/LGALS3/HLA-DPB1/LILRB4/HLA-DPA1/LAPTM5/PYCARD/LYN/CEBPB/TNFRSF1B/CD4/LILRB2	29
Myeloid/TAM	GO:0030100	regulation of endocytosis	32/342	284/15651	0.112676056338028	5.15641215715345	10.5652564531708	2.43598789020733e-14	7.72208161195725e-12	7.72208161195725e-12	HAMP/SLC11A1/ARAP1/LRP1/APOE/LILRB1/SYK/ANXA2/DAB2/FCGR2A/HCK/CD14/ACTB/FCN1/NR1H3/CYBA/FCGR1A/SIRPA/TREM2/SDCBP/RAC1/LGALS3/BMP2K/RAB31/PYCARD/CLEC7A/CD63/APOC1/CALM3/AP2S1/EHD4/ARRB2	32
Myeloid/TAM	GO:0002697	regulation of immune effector process	34/342	332/15651	0.102409638554217	4.68658845909956	10.1478795890068	6.15962821275519e-14	1.82324578368566e-11	1.82324578368566e-11	HLA-DRA/LILRB1/TYROBP/A2M/RTN4/IL1B/VSIG4/CD81/HLA-DRB1/STXBP2/SYK/CD74/S100A9/LGALS9/FCN1/LGALS1/HLA-DMB/TREM2/VAMP8/HAVCR2/ITGAM/LGALS3/SPI1/CD84/GRN/LILRB4/LAPTM5/LAMP1/LYN/CLEC7A/ITGB2/TNFRSF1B/ARRB2/GRB2	34
Myeloid/TAM	GO:0042110	T cell activation	41/342	479/15651	0.0855949895615866	3.91709702230524	9.69156752661284	6.39062665154455e-14	1.82324578368566e-11	1.82324578368566e-11	HLA-DRA/SLC11A1/LILRB1/TYROBP/LTBR/AIF1/IL1B/VSIG4/CD81/CTSL/HLA-DRB1/ZFP36L1/RHOA/CD74/GSN/HLA-DRB5/ACTB/HLA-DQB1/LGALS9/LGALS1/HLA-DMB/SIRPA/TREM2/HAVCR2/GPNMB/LGALS3/SPI1/HLA-DPB1/CD84/HLA-DMA/LILRB4/HLA-DPA1/LAPTM5/PYCARD/LYN/CLEC7A/CEBPB/TNFRSF1B/CD4/GRB2/LILRB2	41
Myeloid/TAM	GO:0032496	response to lipopolysaccharide	31/342	280/15651	0.110714285714286	5.06663533834586	10.2626613246791	1.02098142412947e-13	2.77415238384893e-11	2.77415238384893e-11	MEF2C/SLC11A1/TSPO/LILRB1/ADAM9/IL1B/CD68/LY96/RHOA/NR4A1/HCK/PTAFR/VIM/CD14/SOD2/LGALS9/NR1H3/SIRPA/TLR4/TREM2/HAVCR2/RAC1/ABCA1/SPI1/PYCARD/LYN/S100A8/FOS/CEBPB/TNFRSF1B/LILRB2	31
Myeloid/TAM	GO:0002683	negative regulation of immune system process	40/342	469/15651	0.0852878464818763	3.90304118505218	9.54051760799787	1.49168740098705e-13	3.86889468637824e-11	3.86889468637824e-11	HMOX1/TMEM176B/LILRB1/TYROBP/LILRB3/A2M/LST1/VSIG4/HLA-DRB1/CD68/SYK/C1QC/HCK/MNDA/MAFB/GNAS/LGALS9/NR1H3/LGALS1/TLR4/TREM2/HAVCR2/GPNMB/LGALS3/SPI1/FN1/CD84/GRN/LILRB4/LAPTM5/SAMHD1/LYN/TMEM176A/DUSP1/QKI/PLD3/CEBPB/ARRB2/GRB2/LILRB2	40
Myeloid/TAM	GO:0031349	positive regulation of defense response	41/342	496/15651	0.0826612903225806	3.78284168081494	9.41343612069152	2.04214168215632e-13	5.06628714712347e-11	5.06628714712347e-11	MEF2C/RBM47/TYROBP/NEAT1/CTSS/RTN4/IL1B/CD81/NAGK/SYK/NAIP/LY96/HCK/MNDA/NINJ1/CD14/S100A9/MSR1/FCN1/NR1H3/CYBA/LGALS1/TLR4/TREM2/UNC93B1/VAMP8/HAVCR2/SPI1/CCR1/SLC15A3/GRN/EMILIN2/LAMP1/PYCARD/LYN/CLEC7A/S100A8/PLD3/CEBPB/ARRB2/CD4	41
Myeloid/TAM	GO:0048002	antigen processing and presentation of peptide antigen	16/342	63/15651	0.253968253968254	11.6223893065998	12.6268232921494	2.7532543717687e-13	6.54586226888007e-11	6.54586226888007e-11	HLA-DRA/SLC11A1/IFI30/CTSS/CTSL/HLA-DRB1/HLA-DRB5/HLA-DQB1/HLA-DMB/TREM2/LGMN/HLA-DPB1/HLA-DMA/HLA-DPA1/PYCARD/CTSD	16
Myeloid/TAM	GO:0002237	response to molecule of bacterial origin	31/342	293/15651	0.10580204778157	4.84183581821448	9.92206555835107	3.4946589430481e-13	7.976209571613e-11	7.976209571613e-11	MEF2C/SLC11A1/TSPO/LILRB1/ADAM9/IL1B/CD68/LY96/RHOA/NR4A1/HCK/PTAFR/VIM/CD14/SOD2/LGALS9/NR1H3/SIRPA/TLR4/TREM2/HAVCR2/RAC1/ABCA1/SPI1/PYCARD/LYN/S100A8/FOS/CEBPB/TNFRSF1B/LILRB2	31
Myeloid/TAM	GO:0002478	antigen processing and presentation of exogenous peptide antigen	13/342	37/15651	0.351351351351351	16.078947368421	13.7249765882466	4.58561823145819e-13	1.00636683187309e-10	1.00636683187309e-10	HLA-DRA/IFI30/CTSS/CTSL/HLA-DRB1/HLA-DRB5/HLA-DQB1/HLA-DMB/LGMN/HLA-DPB1/HLA-DMA/HLA-DPA1/CTSD	13
Myeloid/TAM	GO:0050900	leukocyte migration	33/342	337/15651	0.0979228486646884	4.48125878494456	9.65614436201625	5.21963861310843e-13	1.10308362690358e-10	1.10308362690358e-10	CXCL16/HMOX1/AIF1/RTN4/CORO1C/CD81/MPP1/SYK/CSF1R/P2RX4/LYVE1/RHOA/CD74/HCK/NINJ1/S100A9/LGALS9/SIRPA/TREM2/LGMN/RAC1/LGALS3/C3AR1/SPI1/CCR1/C5AR1/PYCARD/LYN/DUSP1/CMKLR1/S100A8/ITGB2/CD4	33
Myeloid/TAM	GO:0045088	regulation of innate immune response	38/342	452/15651	0.084070796460177	3.84734513274336	9.18118280075959	9.90932191083396e-13	2.0096086768129e-10	2.0096086768129e-10	RBM47/APOE/LILRB1/TYROBP/CTSS/A2M/RTN4/VSIG4/NAGK/SYK/NAIP/LY96/HCK/MNDA/NINJ1/CD14/S100A9/MSR1/LGALS9/FCN1/NR1H3/CYBA/TLR4/TREM2/UNC93B1/HAVCR2/SPI1/SLC15A3/GRN/SAMHD1/LAMP1/PYCARD/LYN/CLEC7A/S100A8/PLD3/ARRB2/GRB2	38
Myeloid/TAM	GO:0097529	myeloid leukocyte migration	25/342	195/15651	0.128205128205128	5.86707152496626	10.2219391691274	1.02135737167147e-12	2.0096086768129e-10	2.0096086768129e-10	AIF1/RTN4/CORO1C/CD81/MPP1/SYK/CSF1R/P2RX4/CD74/NINJ1/S100A9/SIRPA/TREM2/LGMN/RAC1/LGALS3/C3AR1/SPI1/CCR1/C5AR1/LYN/DUSP1/CMKLR1/S100A8/ITGB2	25
Myeloid/TAM	GO:0050867	positive regulation of cell activation	32/342	330/15651	0.096969696969697	4.43763955342903	9.43345025805992	1.56282972638966e-12	2.97250213959314e-10	2.97250213959314e-10	MEF2C/HLA-DRA/PLEK/TYROBP/AIF1/FCGR3A/IL1B/CD81/HLA-DRB1/SYK/TNFSF13B/RHOA/CD74/HLA-DRB5/ACTB/HLA-DQB1/LGALS9/HLA-DMB/SIRPA/TLR4/TREM2/HAVCR2/SPI1/HLA-DPB1/HLA-DMA/LILRB4/HLA-DPA1/PYCARD/LYN/CLEC7A/CD4/LILRB2	32
Myeloid/TAM	GO:0002696	positive regulation of leukocyte activation	31/342	312/15651	0.0993589743589744	4.54698043184885	9.45876374936647	1.87020583304399e-12	3.44238531720936e-10	3.44238531720936e-10	MEF2C/HLA-DRA/TYROBP/AIF1/FCGR3A/IL1B/CD81/HLA-DRB1/SYK/TNFSF13B/RHOA/CD74/HLA-DRB5/ACTB/HLA-DQB1/LGALS9/HLA-DMB/SIRPA/TLR4/TREM2/HAVCR2/SPI1/HLA-DPB1/HLA-DMA/LILRB4/HLA-DPA1/PYCARD/LYN/CLEC7A/CD4/LILRB2	31
Myeloid/TAM	GO:0042116	macrophage activation	18/342	95/15651	0.189473684210526	8.67091412742382	11.2087393180521	1.99494916561096e-12	3.55724373093004e-10	3.55724373093004e-10	SLC11A1/TYROBP/IFNGR2/C1QA/AIF1/FCGR3A/IL1B/VSIG4/SYK/CD74/NR1H3/TLR4/TREM2/HAVCR2/ITGAM/GRN/C5AR1/ITGB2	18
Myeloid/TAM	GO:0002429	immune response-activating cell surface receptor signaling pathway	31/342	314/15651	0.0987261146496815	4.51801877304727	9.41216604795181	2.21422904608775e-12	3.82860331423537e-10	3.82860331423537e-10	MEF2C/TYROBP/THEMIS2/CD81/HLA-DRB1/SYK/LY96/FPR3/HCK/MNDA/NINJ1/CD14/HLA-DQB1/FCN1/NR1H3/CYBA/TLR4/TREM2/SPG21/ITGAM/LGALS3/C3AR1/HLA-DPB1/LILRB4/C5AR1/LAPTM5/LYN/CLEC7A/CMKLR1/CD4/GRB2	31
Myeloid/TAM	GO:0071216	cellular response to biotic stimulus	26/342	221/15651	0.117647058823529	5.38390092879257	9.8100386238454	2.66289190643465e-12	4.46895918179885e-10	4.46895918179885e-10	MEF2C/TSPO/LILRB1/ADAM9/IL1B/CD68/SYK/LY96/RHOA/HCK/PTAFR/VIM/CD14/NR1H3/SIRPA/TLR4/TREM2/HAVCR2/ABCA1/SPI1/PYCARD/LYN/CLEC7A/CEBPB/TNFRSF1B/LILRB2	26
Myeloid/TAM	GO:0002263	cell activation involved in immune response	28/342	260/15651	0.107692307692308	4.92834008097166	9.5468290391493	3.31262095945399e-12	5.40051862704128e-10	5.40051862704128e-10	HLA-DRA/SLC11A1/LRP1/LILRB1/TYROBP/FCGR3A/IL1B/CD81/HLA-DRB1/STXBP2/SYK/CD74/LGALS9/LGALS1/HLA-DMB/TREM2/VAMP8/HAVCR2/ITGAM/LGALS3/SPI1/CD84/FCER1G/GRN/LAMP1/PYCARD/LYN/ITGB2	28
Myeloid/TAM	GO:0007035	vacuolar acidification	12/342	34/15651	0.352941176470588	16.1517027863777	13.2190093114175	3.48432277984946e-12	5.50405242337875e-10	5.50405242337875e-10	SLC11A1/ATP6V1B2/ATP6V0A1/ATP6V1F/ATP6V0B/TCIRG1/CREG1/DMXL2/ATP6V0D1/ATP6V0C/GRN/LAMP1	12
Myeloid/TAM	GO:0051251	positive regulation of lymphocyte activation	29/342	280/15651	0.103571428571429	4.73975563909774	9.43773964663626	3.5690490652824e-12	5.50405242337875e-10	5.50405242337875e-10	MEF2C/HLA-DRA/TYROBP/AIF1/FCGR3A/IL1B/CD81/HLA-DRB1/SYK/TNFSF13B/RHOA/CD74/HLA-DRB5/ACTB/HLA-DQB1/LGALS9/HLA-DMB/SIRPA/HAVCR2/SPI1/HLA-DPB1/HLA-DMA/LILRB4/HLA-DPA1/PYCARD/LYN/CLEC7A/CD4/LILRB2	29
Myeloid/TAM	GO:0019884	antigen processing and presentation of exogenous antigen	13/342	43/15651	0.302325581395349	13.8353733170135	12.5969648258831	4.18318631101124e-12	6.28138449753424e-10	6.28138449753424e-10	HLA-DRA/IFI30/CTSS/CTSL/HLA-DRB1/HLA-DRB5/HLA-DQB1/HLA-DMB/LGMN/HLA-DPB1/HLA-DMA/HLA-DPA1/CTSD	13
Myeloid/TAM	GO:0006935	chemotaxis	35/342	412/15651	0.0849514563106796	3.88764690853347	8.87792095716777	6.18057829937335e-12	8.81659494405609e-10	8.81659494405609e-10	CXCL16/HSPB1/AIF1/CORO1C/MPP1/SYK/CSF1R/FPR3/P2RX4/RHOA/NR4A1/CD74/PTAFR/NINJ1/S100A9/LGALS9/ENG/TREM2/LGMN/TYMP/RAC1/GPNMB/LGALS3/C3AR1/SPI1/CCR1/C5AR1/LYN/PLAUR/DUSP1/CMKLR1/S100A8/ITGB2/ARRB2/CD4	35
Myeloid/TAM	GO:0042330	taxis	35/342	412/15651	0.0849514563106796	3.88764690853347	8.87792095716777	6.18057829937335e-12	8.81659494405609e-10	8.81659494405609e-10	CXCL16/HSPB1/AIF1/CORO1C/MPP1/SYK/CSF1R/FPR3/P2RX4/RHOA/NR4A1/CD74/PTAFR/NINJ1/S100A9/LGALS9/ENG/TREM2/LGMN/TYMP/RAC1/GPNMB/LGALS3/C3AR1/SPI1/CCR1/C5AR1/LYN/PLAUR/DUSP1/CMKLR1/S100A8/ITGB2/ARRB2/CD4	35
Myeloid/TAM	GO:0032640	tumor necrosis factor production	22/342	163/15651	0.134969325153374	6.17662253793994	9.9297758143995	8.61715982116547e-12	1.17070271284691e-09	1.17070271284691e-09	TSPO/HSPB1/CYBB/LILRB1/TYROBP/FCGR3A/SYK/LY96/FCGR2A/CD14/LGALS9/CYBA/FCGR1A/SIRPA/TLR4/TREM2/HAVCR2/GPNMB/LILRB4/PYCARD/CLEC7A/ARRB2	22
Myeloid/TAM	GO:0032680	regulation of tumor necrosis factor production	22/342	163/15651	0.134969325153374	6.17662253793994	9.9297758143995	8.61715982116547e-12	1.17070271284691e-09	1.17070271284691e-09	TSPO/HSPB1/CYBB/LILRB1/TYROBP/FCGR3A/SYK/LY96/FCGR2A/CD14/LGALS9/CYBA/FCGR1A/SIRPA/TLR4/TREM2/HAVCR2/GPNMB/LILRB4/PYCARD/CLEC7A/ARRB2	22
Myeloid/TAM	GO:0071219	cellular response to molecule of bacterial origin	24/342	199/15651	0.120603015075377	5.5191748214758	9.58937148030282	1.11122088915892e-11	1.47456427756763e-09	1.47456427756763e-09	MEF2C/TSPO/LILRB1/ADAM9/IL1B/CD68/LY96/RHOA/HCK/PTAFR/VIM/CD14/NR1H3/SIRPA/TLR4/TREM2/HAVCR2/ABCA1/SPI1/PYCARD/LYN/CEBPB/TNFRSF1B/LILRB2	24
Myeloid/TAM	GO:0002366	leukocyte activation involved in immune response	27/342	255/15651	0.105882352941176	4.84551083591331	9.25373356145995	1.22062867943496e-11	1.58293346473997e-09	1.58293346473997e-09	HLA-DRA/SLC11A1/LILRB1/TYROBP/FCGR3A/IL1B/CD81/HLA-DRB1/STXBP2/SYK/CD74/LGALS9/LGALS1/HLA-DMB/TREM2/VAMP8/HAVCR2/ITGAM/LGALS3/SPI1/CD84/FCER1G/GRN/LAMP1/PYCARD/LYN/ITGB2	27
Myeloid/TAM	GO:0001819	positive regulation of cytokine production	37/342	468/15651	0.0790598290598291	3.61802744039586	8.59439157890465	1.24837280429595e-11	1.58293671584727e-09	1.58293671584727e-09	SLC11A1/RBM47/HSPB1/HMOX1/CYBB/LILRB1/TYROBP/AIF1/FCGR3A/RTN4/IL1B/CD81/SYK/NAIP/CSF1R/LY96/CD74/FCGR2A/CD14/LGALS9/FCN1/CYBA/FCGR1A/TLR4/TREM2/HAVCR2/C3AR1/HLA-DPB1/FCER1G/HLA-DPA1/C5AR1/LAPTM5/PYCARD/CLEC7A/CEBPB/CD4/LILRB2	37
Myeloid/TAM	GO:0007159	leukocyte cell-cell adhesion	33/342	379/15651	0.0870712401055409	3.98465490904041	8.79149197938729	1.32665808314562e-11	1.61347187234452e-09	1.61347187234452e-09	HLA-DRA/LILRB1/AIF1/IL1B/VSIG4/CD81/HLA-DRB1/SYK/RHOA/HLA-DRB5/ACTB/S100A9/HLA-DQB1/LGALS9/LGALS1/HLA-DMB/SIRPA/HAVCR2/ITGAM/GPNMB/LGALS3/HLA-DPB1/HLA-DMA/LILRB4/HLA-DPA1/LAPTM5/PYCARD/LYN/S100A8/ITGB2/CEBPB/CD4/LILRB2	33
Myeloid/TAM	GO:0009611	response to wounding	37/342	469/15651	0.0788912579957356	3.61031309617327	8.57849974180813	1.32900767613377e-11	1.61347187234452e-09	1.61347187234452e-09	ITGB5/SLC11A1/TSPO/HSPB1/PLEK/HMOX1/APOE/TLN1/TYROBP/RAP2B/SPP1/DST/SYK/CTNNA1/SERPINA1/ZFP36L1/P2RX4/LYVE1/RHOA/ANXA2/ACTB/GNAS/ENG/TLR4/TREM2/RAC1/MYOF/FN1/CCR1/FCER1G/GRN/EMILIN2/LYN/CLEC7A/PLAUR/S100A10/ANXA5	37
Myeloid/TAM	GO:0002685	regulation of leukocyte migration	24/342	202/15651	0.118811881188119	5.4372068785826	9.48706744685513	1.53339972559238e-11	1.81308000811589e-09	1.81308000811589e-09	HMOX1/AIF1/RTN4/CD81/MPP1/CSF1R/P2RX4/LYVE1/RHOA/CD74/NINJ1/LGALS9/TREM2/LGMN/RAC1/LGALS3/C3AR1/SPI1/CCR1/C5AR1/PYCARD/LYN/DUSP1/CMKLR1	24
Myeloid/TAM	GO:0071706	tumor necrosis factor superfamily cytokine production	22/342	168/15651	0.130952380952381	5.99279448621554	9.72450684538461	1.58874869270582e-11	1.81308000811589e-09	1.81308000811589e-09	TSPO/HSPB1/CYBB/LILRB1/TYROBP/FCGR3A/SYK/LY96/FCGR2A/CD14/LGALS9/CYBA/FCGR1A/SIRPA/TLR4/TREM2/HAVCR2/GPNMB/LILRB4/PYCARD/CLEC7A/ARRB2	22
Myeloid/TAM	GO:1903555	regulation of tumor necrosis factor superfamily cytokine production	22/342	168/15651	0.130952380952381	5.99279448621554	9.72450684538461	1.58874869270582e-11	1.81308000811589e-09	1.81308000811589e-09	TSPO/HSPB1/CYBB/LILRB1/TYROBP/FCGR3A/SYK/LY96/FCGR2A/CD14/LGALS9/CYBA/FCGR1A/SIRPA/TLR4/TREM2/HAVCR2/GPNMB/LILRB4/PYCARD/CLEC7A/ARRB2	22
Myeloid/TAM	GO:0002291	T cell activation via T cell receptor contact with antigen bound to MHC molecule on antigen presenting cell	8/342	12/15651	0.666666666666667	30.5087719298246	15.2838962669116	2.19865879289118e-11	2.45991119063472e-09	2.45991119063472e-09	LILRB1/TYROBP/CD81/LGALS9/HLA-DMB/TREM2/HAVCR2/LGALS3	8
Myeloid/TAM	GO:0042098	T cell proliferation	21/342	156/15651	0.134615384615385	6.16042510121457	9.68163711287515	2.72883217478321e-11	2.99436853640634e-09	2.99436853640634e-09	SLC11A1/LILRB1/AIF1/IL1B/VSIG4/CD81/HLA-DRB1/LGALS9/HLA-DMB/HAVCR2/GPNMB/LGALS3/HLA-DPB1/LILRB4/HLA-DPA1/LAPTM5/PYCARD/CEBPB/TNFRSF1B/CD4/LILRB2	21
Myeloid/TAM	GO:0071222	cellular response to lipopolysaccharide	23/342	190/15651	0.121052631578947	5.53975069252077	9.40993939588853	2.80060055916719e-11	3.01513713030339e-09	3.01513713030339e-09	MEF2C/TSPO/LILRB1/ADAM9/IL1B/CD68/LY96/RHOA/HCK/PTAFR/VIM/CD14/NR1H3/SIRPA/TLR4/HAVCR2/ABCA1/SPI1/PYCARD/LYN/CEBPB/TNFRSF1B/LILRB2	23
Myeloid/TAM	GO:0060326	cell chemotaxis	28/342	285/15651	0.0982456140350877	4.49602954755309	8.90253977178476	3.03015995184765e-11	3.20186901578569e-09	3.20186901578569e-09	CXCL16/HSPB1/AIF1/CORO1C/MPP1/SYK/CSF1R/P2RX4/NR4A1/CD74/NINJ1/S100A9/LGALS9/ENG/LGMN/RAC1/LGALS3/C3AR1/SPI1/CCR1/C5AR1/LYN/DUSP1/CMKLR1/S100A8/ITGB2/ARRB2/CD4	28
Myeloid/TAM	GO:0002573	myeloid leukocyte differentiation	23/342	191/15651	0.120418848167539	5.51074676219344	9.37469608386745	3.12150990479136e-11	3.23842463940719e-09	3.23842463940719e-09	UCP2/LILRB1/TYROBP/LILRB3/IL1B/CORO1C/CD81/HLA-DRB1/C1QC/CSF1R/ZFP36L1/ANXA2/CD74/MAFB/TLR4/TREM2/SPI1/CCR1/LILRB4/LYN/QKI/CEBPB/CD4	23
Myeloid/TAM	GO:0042129	regulation of T cell proliferation	20/342	142/15651	0.140845070422535	6.44551519644181	9.74289587125959	3.53442628561663e-11	3.60132792602294e-09	3.60132792602294e-09	LILRB1/AIF1/IL1B/VSIG4/CD81/HLA-DRB1/LGALS9/HLA-DMB/HAVCR2/GPNMB/LGALS3/HLA-DPB1/LILRB4/HLA-DPA1/LAPTM5/PYCARD/CEBPB/TNFRSF1B/CD4/LILRB2	20
Myeloid/TAM	GO:0002833	positive regulation of response to biotic stimulus	33/342	396/15651	0.0833333333333333	3.81359649122807	8.47617887427585	4.30390595317779e-11	4.30843638049693e-09	4.30843638049693e-09	RBM47/TYROBP/CTSS/RTN4/NAGK/HLA-DRB1/SYK/NAIP/LY96/HCK/MNDA/NINJ1/CD14/S100A9/MSR1/FCN1/NR1H3/CYBA/TLR4/TREM2/UNC93B1/HAVCR2/SPI1/SLC15A3/GRN/EMILIN2/LAMP1/PYCARD/LYN/CLEC7A/S100A8/PLD3/ARRB2	33
Myeloid/TAM	GO:0002275	myeloid cell activation involved in immune response	16/342	86/15651	0.186046511627907	8.5140758873929	10.4435235980817	4.60642676203026e-11	4.4997469325931e-09	4.4997469325931e-09	TYROBP/IL1B/STXBP2/SYK/LGALS9/TREM2/VAMP8/HAVCR2/ITGAM/SPI1/CD84/FCER1G/GRN/PYCARD/LYN/ITGB2	16
Myeloid/TAM	GO:0051452	intracellular pH reduction	13/342	51/15651	0.254901960784314	11.6651186790506	11.4021117691601	4.65273517390454e-11	4.4997469325931e-09	4.4997469325931e-09	SLC11A1/ATP6V1B2/ATP6V0A1/ATP6V1F/RAB20/ATP6V0B/TCIRG1/CREG1/DMXL2/ATP6V0D1/ATP6V0C/GRN/LAMP1	13
Myeloid/TAM	GO:0002443	leukocyte mediated immunity	33/342	401/15651	0.0822942643391521	3.76604541278383	8.38674392871947	6.00594944664434e-11	5.6251478254185e-09	5.6251478254185e-09	HLA-DRA/LILRB1/TYROBP/C1QA/CTSH/FCGR3A/IL1B/CD81/HLA-DRB1/STXBP2/SYK/C1QC/CD74/FCGR2A/LGALS9/FCGR1A/TREM2/VAMP8/HAVCR2/ITGAM/SPI1/CD84/FCER1G/LILRB4/PLEKHM2/LAMP1/LYN/CLEC7A/ITGB2/TNFRSF1B/ARRB2/GRB2/C1QB	33
Myeloid/TAM	GO:0002761	regulation of myeloid leukocyte differentiation	17/342	101/15651	0.168316831683168	7.70270974465868	10.1004963418882	6.01356497284487e-11	5.6251478254185e-09	5.6251478254185e-09	LILRB1/TYROBP/LILRB3/CORO1C/HLA-DRB1/C1QC/ZFP36L1/CD74/MAFB/TLR4/TREM2/CCR1/LILRB4/LYN/QKI/CEBPB/CD4	17
Myeloid/TAM	GO:0071675	regulation of mononuclear cell migration	19/342	132/15651	0.143939393939394	6.58712121212121	9.63474012219606	7.50574720024451e-11	6.90770863299922e-09	6.90770863299922e-09	AIF1/RTN4/CD81/CSF1R/P2RX4/RHOA/NINJ1/LGALS9/TREM2/LGMN/LGALS3/C3AR1/SPI1/CCR1/C5AR1/PYCARD/LYN/DUSP1/CMKLR1	19
Myeloid/TAM	GO:0045807	positive regulation of endocytosis	20/342	151/15651	0.132450331125828	6.06134541652144	9.34082883953024	1.10307417282292e-10	9.99070036528188e-09	9.99070036528188e-09	HAMP/SLC11A1/ARAP1/LRP1/APOE/SYK/ANXA2/DAB2/FCGR2A/CD14/FCN1/CYBA/FCGR1A/SIRPA/TREM2/RAB31/PYCARD/CLEC7A/CD63/ARRB2	20
Myeloid/TAM	GO:1902105	regulation of leukocyte differentiation	27/342	281/15651	0.096085409252669	4.3971717550103	8.58876150359971	1.15066946645503e-10	1.02589374618631e-08	1.02589374618631e-08	HLA-DRA/TMEM176B/LILRB1/TYROBP/LILRB3/CORO1C/HLA-DRB1/SYK/C1QC/ZFP36L1/RHOA/CD74/MAFB/ACTB/LGALS9/LGALS1/TLR4/TREM2/SPI1/CCR1/LILRB4/LYN/TMEM176A/QKI/CEBPB/CD4/LILRB2	27
Myeloid/TAM	GO:0050866	negative regulation of cell activation	22/342	186/15651	0.118279569892473	5.41284663271081	9.04892849272902	1.20627011498644e-10	1.0589195809404e-08	1.0589195809404e-08	APOE/LILRB1/TYROBP/LST1/VSIG4/HLA-DRB1/MNDA/LGALS9/NR1H3/LGALS1/TREM2/HAVCR2/GPNMB/LGALS3/FN1/CD84/GRN/LILRB4/LAPTM5/LYN/CEBPB/LILRB2	22
Myeloid/TAM	GO:0002399	MHC class II protein complex assembly	8/342	14/15651	0.571428571428571	26.1503759398496	14.0711176209619	1.28374454676709e-10	1.09329050505269e-08	1.09329050505269e-08	HLA-DRA/HLA-DRB1/HLA-DRB5/HLA-DQB1/HLA-DMB/HLA-DPB1/HLA-DMA/HLA-DPA1	8
Myeloid/TAM	GO:0002503	peptide antigen assembly with MHC class II protein complex	8/342	14/15651	0.571428571428571	26.1503759398496	14.0711176209619	1.28374454676709e-10	1.09329050505269e-08	1.09329050505269e-08	HLA-DRA/HLA-DRB1/HLA-DRB5/HLA-DQB1/HLA-DMB/HLA-DPB1/HLA-DMA/HLA-DPA1	8
Myeloid/TAM	GO:0030595	leukocyte chemotaxis	23/342	206/15651	0.111650485436893	5.10947879407256	8.87407735307331	1.46462151317705e-10	1.22898975796886e-08	1.22898975796886e-08	CXCL16/AIF1/CORO1C/MPP1/SYK/CSF1R/CD74/NINJ1/S100A9/LGALS9/LGMN/RAC1/LGALS3/C3AR1/SPI1/CCR1/C5AR1/LYN/DUSP1/CMKLR1/S100A8/ITGB2/CD4	23
Myeloid/TAM	GO:0050672	negative regulation of lymphocyte proliferation	14/342	67/15651	0.208955223880597	9.56245090337785	10.4976681134271	1.49316730339706e-10	1.23478443959183e-08	1.23478443959183e-08	LILRB1/TYROBP/LST1/VSIG4/HLA-DRB1/MNDA/LGALS9/HAVCR2/GPNMB/LILRB4/LAPTM5/LYN/CEBPB/LILRB2	14
Myeloid/TAM	GO:0007229	integrin-mediated signaling pathway	17/342	107/15651	0.158878504672897	7.27078209542548	9.72812219521012	1.5498716693804e-10	1.26336682078351e-08	1.26336682078351e-08	ITGB5/PLEK/TLN1/TYROBP/ADAM9/DST/SYK/HCK/ITGAM/FN1/LIMS1/FCER1G/TIMP1/ZYX/NME2/CD63/ITGB2	17
Myeloid/TAM	GO:0032945	negative regulation of mononuclear cell proliferation	14/342	68/15651	0.205882352941176	9.421826625387	10.4023636058957	1.84354223788933e-10	1.48158479005585e-08	1.48158479005585e-08	LILRB1/TYROBP/LST1/VSIG4/HLA-DRB1/MNDA/LGALS9/HAVCR2/GPNMB/LILRB4/LAPTM5/LYN/CEBPB/LILRB2	14
Myeloid/TAM	GO:0050863	regulation of T cell activation	29/342	332/15651	0.0873493975903614	3.99738427393786	8.25074320916563	2.276172515997e-10	1.80386671892763e-08	1.80386671892763e-08	HLA-DRA/LILRB1/AIF1/IL1B/VSIG4/CD81/HLA-DRB1/RHOA/HLA-DRB5/ACTB/HLA-DQB1/LGALS9/LGALS1/HLA-DMB/SIRPA/HAVCR2/GPNMB/LGALS3/HLA-DPB1/HLA-DMA/LILRB4/HLA-DPA1/LAPTM5/PYCARD/LYN/CEBPB/TNFRSF1B/CD4/LILRB2	29
Myeloid/TAM	GO:0031623	receptor internalization	18/342	126/15651	0.142857142857143	6.5375939849624	9.32797537221991	2.7154247833364e-10	2.122495042975e-08	2.122495042975e-08	HAMP/ARAP1/LRP1/LILRB1/CD81/SYK/ANXA2/AP2A2/SDCBP/RAB31/FCER1G/LILRB4/CD63/ITGB2/CLTC/AP2S1/ARRB2/GRB2	18
Myeloid/TAM	GO:0002703	regulation of leukocyte mediated immunity	23/342	213/15651	0.107981220657277	4.94156165060539	8.65684057690897	2.87154079578984e-10	2.21419078118606e-08	2.21419078118606e-08	HLA-DRA/LILRB1/TYROBP/IL1B/CD81/HLA-DRB1/STXBP2/SYK/LGALS9/TREM2/VAMP8/HAVCR2/ITGAM/SPI1/CD84/LILRB4/LAMP1/LYN/CLEC7A/ITGB2/TNFRSF1B/ARRB2/GRB2	23
Myeloid/TAM	GO:1903037	regulation of leukocyte cell-cell adhesion	29/342	337/15651	0.086053412462908	3.93807590192097	8.1494904022086	3.242664116612e-10	2.46440656045764e-08	2.46440656045764e-08	HLA-DRA/LILRB1/AIF1/IL1B/VSIG4/CD81/HLA-DRB1/RHOA/HLA-DRB5/ACTB/HLA-DQB1/LGALS9/LGALS1/HLA-DMB/SIRPA/HAVCR2/GPNMB/LGALS3/HLA-DPB1/HLA-DMA/LILRB4/HLA-DPA1/LAPTM5/PYCARD/LYN/ITGB2/CEBPB/CD4/LILRB2	29
Myeloid/TAM	GO:0097242	amyloid-beta clearance	11/342	38/15651	0.289473684210526	13.2472299168975	11.2975247599146	3.28242023474905e-10	2.46440656045764e-08	2.46440656045764e-08	LRP1/APOE/TYROBP/SYK/MARCO/MSR1/TREM2/ITGAM/C5AR1/ITGB2/CLTC	11
Myeloid/TAM	GO:0150076	neuroinflammatory response	14/342	72/15651	0.194444444444444	8.8983918128655	10.0399591513003	4.13103639376212e-10	3.06125891724762e-08	3.06125891724762e-08	LRP1/TYROBP/IFNGR2/C1QA/AIF1/IL1B/TREM2/ITGAM/CCR1/ZEB2/GRN/C5AR1/ITGB2/TNFRSF1B	14
Myeloid/TAM	GO:0061900	glial cell activation	12/342	49/15651	0.244897959183673	11.2073039742213	10.6958613354434	4.3670476649297e-10	3.19466333026781e-08	3.19466333026781e-08	LRP1/TYROBP/IFNGR2/C1QA/AIF1/IL1B/TREM2/ITGAM/ZEB2/GRN/C5AR1/ITGB2	12
Myeloid/TAM	GO:0045637	regulation of myeloid cell differentiation	20/342	163/15651	0.122699386503067	5.61511139812722	8.85268748223628	4.43954530035968e-10	3.20658803593067e-08	3.20658803593067e-08	MEF2C/LILRB1/TYROBP/LILRB3/CORO1C/HLA-DRB1/C1QC/ZFP36L1/GLUL/CD74/MAFB/TLR4/TREM2/SPI1/CCR1/LILRB4/LYN/QKI/CEBPB/CD4	20
Myeloid/TAM	GO:0071674	mononuclear cell migration	22/342	201/15651	0.109452736318408	5.0089028541503	8.54980346335374	5.45449939658661e-10	3.8904216946154e-08	3.8904216946154e-08	CXCL16/AIF1/RTN4/CORO1C/CD81/CSF1R/P2RX4/RHOA/NINJ1/LGALS9/SIRPA/TREM2/LGMN/LGALS3/C3AR1/SPI1/CCR1/C5AR1/PYCARD/LYN/DUSP1/CMKLR1	22
Myeloid/TAM	GO:0002695	negative regulation of leukocyte activation	20/342	165/15651	0.121212121212121	5.54704944178628	8.77604484050023	5.52972690832825e-10	3.89538539986679e-08	3.89538539986679e-08	LILRB1/TYROBP/LST1/VSIG4/HLA-DRB1/MNDA/LGALS9/NR1H3/LGALS1/HAVCR2/GPNMB/LGALS3/FN1/CD84/GRN/LILRB4/LAPTM5/LYN/CEBPB/LILRB2	20
Myeloid/TAM	GO:0002218	activation of innate immune response	27/342	303/15651	0.0891089108910891	4.07790515893695	8.08625560155344	6.27558377100801e-10	4.36688792650874e-08	4.36688792650874e-08	TYROBP/CTSS/RTN4/NAGK/SYK/NAIP/LY96/HCK/MNDA/NINJ1/CD14/S100A9/MSR1/FCN1/NR1H3/CYBA/TLR4/TREM2/UNC93B1/HAVCR2/SLC15A3/PYCARD/LYN/CLEC7A/S100A8/PLD3/ARRB2	27
Myeloid/TAM	GO:0045089	positive regulation of innate immune response	30/342	370/15651	0.0810810810810811	3.71052631578947	7.8863385115577	6.6741722767361e-10	4.58829241097063e-08	4.58829241097063e-08	RBM47/TYROBP/CTSS/RTN4/NAGK/SYK/NAIP/LY96/HCK/MNDA/NINJ1/CD14/S100A9/MSR1/FCN1/NR1H3/CYBA/TLR4/TREM2/UNC93B1/HAVCR2/SPI1/SLC15A3/LAMP1/PYCARD/LYN/CLEC7A/S100A8/PLD3/ARRB2	30
Myeloid/TAM	GO:1905954	positive regulation of lipid localization	15/342	88/15651	0.170454545454545	7.80053827751196	9.56169264008138	6.82591343397826e-10	4.63674548265237e-08	4.63674548265237e-08	DBI/LRP1/APOE/SPP1/IL1B/P2RX4/PLTP/ANXA2/PLIN2/DAB2/ACSL1/MSR1/NR1H3/TREM2/ABCA1	15
Myeloid/TAM	GO:0002758	innate immune response-activating signaling pathway	26/342	284/15651	0.0915492957746479	4.18958487768718	8.10766135257372	7.37789498111971e-10	4.95273750144342e-08	4.95273750144342e-08	TYROBP/CTSS/RTN4/NAGK/SYK/NAIP/LY96/HCK/NINJ1/CD14/S100A9/MSR1/FCN1/NR1H3/CYBA/TLR4/TREM2/UNC93B1/HAVCR2/SLC15A3/PYCARD/LYN/CLEC7A/S100A8/PLD3/ARRB2	26
Myeloid/TAM	GO:0001818	negative regulation of cytokine production	25/342	264/15651	0.0946969696969697	4.33363237639553	8.16468632299084	7.82226035164286e-10	5.10984588814615e-08	5.10984588814615e-08	SLC11A1/TSPO/HMOX1/LILRB1/TYROBP/ANXA4/IL1B/VSIG4/SIGLEC1/HLA-DRB1/LGALS9/SIRPA/TLR4/TREM2/HAVCR2/RAC1/GPNMB/FN1/CD84/LILRB4/LAPTM5/PYCARD/CMKLR1/QKI/ARRB2	25
Myeloid/TAM	GO:0070371	ERK1 and ERK2 cascade	25/342	264/15651	0.0946969696969697	4.33363237639553	8.16468632299084	7.82226035164286e-10	5.10984588814615e-08	5.10984588814615e-08	APOE/CTSH/GNAI2/IL1B/SYK/CSF1R/ZFP36L1/DAB2/CD74/MARCO/LGALS9/SIRPA/TLR4/TREM2/HAVCR2/GPNMB/FN1/CCR1/C5AR1/NAMPT/PYCARD/ATF3/LYN/DUSP1/ARRB2	25
Myeloid/TAM	GO:1903706	regulation of hemopoiesis	29/342	350/15651	0.0828571428571429	3.7918045112782	7.89506903276794	7.88058952255277e-10	5.10984588814615e-08	5.10984588814615e-08	MEF2C/HLA-DRA/TMEM176B/LILRB1/TYROBP/LILRB3/CORO1C/HLA-DRB1/SYK/C1QC/ZFP36L1/RHOA/GLUL/CD74/MAFB/ACTB/LGALS9/LGALS1/TLR4/TREM2/SPI1/CCR1/LILRB4/LYN/TMEM176A/QKI/CEBPB/CD4/LILRB2	29
Myeloid/TAM	GO:0070664	negative regulation of leukocyte proliferation	14/342	76/15651	0.184210526315789	8.43005540166205	9.7046892365874	8.77993156516412e-10	5.62902129335129e-08	5.62902129335129e-08	LILRB1/TYROBP/LST1/VSIG4/HLA-DRB1/MNDA/LGALS9/HAVCR2/GPNMB/LILRB4/LAPTM5/LYN/CEBPB/LILRB2	14
Myeloid/TAM	GO:0045785	positive regulation of cell adhesion	32/342	423/15651	0.0756501182033097	3.46198830409357	7.67240549141241	1.00182737602135e-09	6.32007021700178e-08	6.32007021700178e-08	HLA-DRA/ADAM9/AIF1/IL1B/CD81/HLA-DRB1/SYK/RHOA/DAB2/HLA-DRB5/ACTB/HLA-DQB1/LGALS9/HLA-DMB/SIRPA/HAVCR2/RAC1/FN1/HLA-DPB1/HLA-DMA/LILRB4/HLA-DPA1/EMILIN2/ZFHX3/PYCARD/LYN/PLAUR/CD63/ITGB2/S100A10/CD4/LILRB2	32
Myeloid/TAM	GO:0022407	regulation of cell-cell adhesion	33/342	447/15651	0.0738255033557047	3.37848816672554	7.62557573353049	1.00793268444999e-09	6.32007021700178e-08	6.32007021700178e-08	HLA-DRA/LILRB1/AIF1/IL1B/VSIG4/CD81/HLA-DRB1/SYK/RHOA/HLA-DRB5/ACTB/HLA-DQB1/LGALS9/LGALS1/HLA-DMB/SIRPA/HAVCR2/GPNMB/LGALS3/SPI1/HLA-DPB1/HLA-DMA/LILRB4/HLA-DPA1/EMILIN2/LAPTM5/PYCARD/LYN/PLAUR/ITGB2/CEBPB/CD4/LILRB2	33
Myeloid/TAM	GO:0030099	myeloid cell differentiation	28/342	332/15651	0.0843373493975904	3.85954343690552	7.87131593319739	1.04887071289346e-09	6.50527857366316e-08	6.50527857366316e-08	MEF2C/UCP2/LILRB1/TYROBP/TPM4/LILRB3/BLVRB/IL1B/CORO1C/CD81/HLA-DRB1/C1QC/CSF1R/ZFP36L1/ANXA2/GLUL/CD74/MAFB/TLR4/TREM2/SPI1/CCR1/LILRB4/LYN/QKI/ZNF385A/CEBPB/CD4	28
Myeloid/TAM	GO:1905952	regulation of lipid localization	18/342	137/15651	0.131386861313869	6.01267767960046	8.80775006706841	1.09636207976926e-09	6.72671185716493e-08	6.72671185716493e-08	DBI/TSPO/LRP1/APOE/SPP1/IL1B/SYK/P2RX4/PLTP/ANXA2/PLIN2/DAB2/ACSL1/MSR1/NR1H3/TREM2/ABCA1/APOC1	18
Myeloid/TAM	GO:0002687	positive regulation of leukocyte migration	18/342	138/15651	0.130434782608696	5.96910755148741	8.76328338687008	1.23606769452772e-09	7.50319389890977e-08	7.50319389890977e-08	AIF1/RTN4/CSF1R/P2RX4/LYVE1/RHOA/CD74/LGALS9/TREM2/LGMN/RAC1/LGALS3/C3AR1/SPI1/CCR1/C5AR1/PYCARD/CMKLR1	18
Myeloid/TAM	GO:0071677	positive regulation of mononuclear cell migration	15/342	92/15651	0.16304347826087	7.46138443935927	9.29020863272719	1.30224743821124e-09	7.82170934992982e-08	7.82170934992982e-08	AIF1/RTN4/CSF1R/P2RX4/RHOA/LGALS9/TREM2/LGMN/LGALS3/C3AR1/SPI1/CCR1/C5AR1/PYCARD/CMKLR1	15
Myeloid/TAM	GO:0045730	respiratory burst	10/342	34/15651	0.294117647058824	13.4597523219814	10.870433791132	1.79170355255021e-09	1.06494379904703e-07	1.06494379904703e-07	SLC11A1/CYBB/HCK/S100A9/CYBA/TREM2/NCF2/RAC1/GRN/CLEC7A	10
Myeloid/TAM	GO:0050727	regulation of inflammatory response	29/342	365/15651	0.0794520547945206	3.63597692862293	7.61619266616282	2.08017588692516e-09	1.22010940667927e-07	1.22010940667927e-07	APOE/NEAT1/IL1B/CD81/HLA-DRB1/SYK/NAIP/ABHD12/HCK/NINJ1/S100A9/GNAS/METRNL/NR1H3/LGALS1/SIRPA/TLR4/TREM2/VAMP8/MGLL/CCR1/GRN/PYCARD/LYN/CMKLR1/S100A8/CEBPB/TNFRSF1B/CD4	29
Myeloid/TAM	GO:0032635	interleukin-6 production	17/342	126/15651	0.134920634920635	6.17439431913116	8.71617220512741	2.11690906521639e-09	1.22010940667927e-07	1.22010940667927e-07	TYROBP/AIF1/IL1B/SYK/CD74/LGALS9/CYBA/SIRPA/TLR4/TREM2/HAVCR2/LILRB4/LAPTM5/PYCARD/CLEC7A/ARRB2/LILRB2	17
Myeloid/TAM	GO:0032675	regulation of interleukin-6 production	17/342	126/15651	0.134920634920635	6.17439431913116	8.71617220512741	2.11690906521639e-09	1.22010940667927e-07	1.22010940667927e-07	TYROBP/AIF1/IL1B/SYK/CD74/LGALS9/CYBA/SIRPA/TLR4/TREM2/HAVCR2/LILRB4/LAPTM5/PYCARD/CLEC7A/ARRB2/LILRB2	17
Myeloid/TAM	GO:0001909	leukocyte mediated cytotoxicity	17/342	127/15651	0.133858267716535	6.12577704102777	8.66875177576311	2.3961318589804e-09	1.36723283873422e-07	1.36723283873422e-07	HLA-DRA/LILRB1/TYROBP/CTSH/FCGR3A/HLA-DRB1/STXBP2/FCGR2A/LGALS9/FCGR1A/HAVCR2/ITGAM/SPI1/PLEKHM2/LAMP1/ARRB2/GRB2	17
Myeloid/TAM	GO:0002396	MHC protein complex assembly	8/342	19/15651	0.421052631578947	19.2686980609418	11.9089627740012	2.936270781005e-09	1.61471581497198e-07	1.61471581497198e-07	HLA-DRA/HLA-DRB1/HLA-DRB5/HLA-DQB1/HLA-DMB/HLA-DPB1/HLA-DMA/HLA-DPA1	8
Myeloid/TAM	GO:0002501	peptide antigen assembly with MHC protein complex	8/342	19/15651	0.421052631578947	19.2686980609418	11.9089627740012	2.936270781005e-09	1.61471581497198e-07	1.61471581497198e-07	HLA-DRA/HLA-DRB1/HLA-DRB5/HLA-DQB1/HLA-DMB/HLA-DPB1/HLA-DMA/HLA-DPA1	8
Myeloid/TAM	GO:0032602	chemokine production	14/342	83/15651	0.168674698795181	7.71908687381103	9.1733867439994	2.94305020604777e-09	1.61471581497198e-07	1.61471581497198e-07	HMOX1/AIF1/IL1B/SYK/CSF1R/CD74/LGALS9/SIRPA/TLR4/TREM2/HAVCR2/LILRB4/PYCARD/CLEC7A	14
Myeloid/TAM	GO:0032642	regulation of chemokine production	14/342	83/15651	0.168674698795181	7.71908687381103	9.1733867439994	2.94305020604777e-09	1.61471581497198e-07	1.61471581497198e-07	HMOX1/AIF1/IL1B/SYK/CSF1R/CD74/LGALS9/SIRPA/TLR4/TREM2/HAVCR2/LILRB4/PYCARD/CLEC7A	14
Myeloid/TAM	GO:0032368	regulation of lipid transport	16/342	114/15651	0.140350877192982	6.42289935364728	8.68554749472247	3.53071252747457e-09	1.91869006493047e-07	1.91869006493047e-07	DBI/TSPO/LRP1/APOE/SPP1/IL1B/SYK/P2RX4/PLTP/ANXA2/DAB2/ACSL1/NR1H3/TREM2/ABCA1/APOC1	16
Myeloid/TAM	GO:0070665	positive regulation of leukocyte proliferation	17/342	131/15651	0.129770992366412	5.93873041382081	8.48402465960859	3.88680047698312e-09	2.09227203034582e-07	2.09227203034582e-07	MEF2C/AIF1/FCGR3A/IL1B/CD81/CSF1R/TNFSF13B/CD74/LGALS9/HLA-DMB/HAVCR2/HLA-DPB1/HLA-DPA1/PYCARD/LYN/CD4/LILRB2	17
Myeloid/TAM	GO:0032370	positive regulation of lipid transport	13/342	72/15651	0.180555555555556	8.26279239766082	9.23202352130901	4.58196769482138e-09	2.44343062305147e-07	2.44343062305147e-07	DBI/LRP1/APOE/SPP1/IL1B/P2RX4/PLTP/ANXA2/DAB2/ACSL1/NR1H3/TREM2/ABCA1	13
Myeloid/TAM	GO:0070372	regulation of ERK1 and ERK2 cascade	23/342	248/15651	0.092741935483871	4.24416383701188	7.69702281758195	5.67795215188177e-09	2.95175187025107e-07	2.95175187025107e-07	APOE/GNAI2/IL1B/SYK/CSF1R/DAB2/CD74/MARCO/LGALS9/SIRPA/TLR4/TREM2/HAVCR2/GPNMB/FN1/CCR1/C5AR1/NAMPT/PYCARD/ATF3/LYN/DUSP1/ARRB2	23
Myeloid/TAM	GO:0007040	lysosome organization	15/342	102/15651	0.147058823529412	6.72987616099071	8.67742567067029	5.69037339165121e-09	2.95175187025107e-07	2.95175187025107e-07	TPP1/ATP6V0A1/ATP6V1F/RAB20/MCOLN1/ATP6V0B/TCIRG1/CREG1/ABCA1/ACP2/ATP6V0C/GRN/LAMP1/SCARB2/GAA	15
Myeloid/TAM	GO:0080171	lytic vacuole organization	15/342	102/15651	0.147058823529412	6.72987616099071	8.67742567067029	5.69037339165121e-09	2.95175187025107e-07	2.95175187025107e-07	TPP1/ATP6V0A1/ATP6V1F/RAB20/MCOLN1/ATP6V0B/TCIRG1/CREG1/ABCA1/ACP2/ATP6V0C/GRN/LAMP1/SCARB2/GAA	15
Myeloid/TAM	GO:0042554	superoxide anion generation	10/342	38/15651	0.263157894736842	12.0429362880886	10.1866174623465	5.97633503607733e-09	3.0447292603444e-07	3.0447292603444e-07	CYBB/TYROBP/GNAI2/SYK/CYBA/NCF2/ITGAM/RAC1/CLEC7A/ITGB2	10
Myeloid/TAM	GO:0043300	regulation of leukocyte degranulation	10/342	38/15651	0.263157894736842	12.0429362880886	10.1866174623465	5.97633503607733e-09	3.0447292603444e-07	3.0447292603444e-07	STXBP2/SYK/LGALS9/VAMP8/ITGAM/SPI1/CD84/LAMP1/LYN/ITGB2	10
Myeloid/TAM	GO:0002221	pattern recognition receptor signaling pathway	24/342	270/15651	0.0888888888888889	4.06783625730994	7.60008735916204	6.09328868926656e-09	3.07684117353584e-07	3.07684117353584e-07	CTSS/RTN4/NAGK/SYK/NAIP/LY96/NINJ1/CD14/S100A9/MSR1/FCN1/NR1H3/CYBA/TLR4/TREM2/UNC93B1/HAVCR2/SLC15A3/PYCARD/LYN/CLEC7A/S100A8/PLD3/ARRB2	24
Myeloid/TAM	GO:0001906	cell killing	21/342	209/15651	0.100478468899522	4.59821203727021	7.82717301108142	6.41855882592023e-09	3.21265760181586e-07	3.21265760181586e-07	HAMP/HLA-DRA/LILRB1/TYROBP/CTSH/FCGR3A/HLA-DRB1/STXBP2/FCGR2A/NINJ1/LGALS9/FCGR1A/HAVCR2/ITGAM/LGALS3/SPI1/LYZ/PLEKHM2/LAMP1/ARRB2/GRB2	21
Myeloid/TAM	GO:0030316	osteoclast differentiation	14/342	88/15651	0.159090909090909	7.2805023923445	8.83051179926077	6.48536609345989e-09	3.21786947211149e-07	3.21786947211149e-07	LILRB1/TYROBP/LILRB3/CORO1C/CD81/CSF1R/ANXA2/MAFB/TLR4/TREM2/SPI1/CCR1/LILRB4/CEBPB	14
Myeloid/TAM	GO:0002283	neutrophil activation involved in immune response	7/342	14/15651	0.5	22.8815789473684	12.2422929914513	6.73319117048847e-09	3.31203351886269e-07	3.31203351886269e-07	TYROBP/STXBP2/SYK/ITGAM/SPI1/FCER1G/ITGB2	7
Myeloid/TAM	GO:0050777	negative regulation of immune response	20/342	191/15651	0.104712041884817	4.79195370625517	7.88082670882434	7.29799370997011e-09	3.55917539393927e-07	3.55917539393927e-07	LILRB1/A2M/VSIG4/HLA-DRB1/SYK/HCK/GNAS/LGALS9/NR1H3/LGALS1/TREM2/HAVCR2/LGALS3/SPI1/GRN/LILRB4/SAMHD1/LYN/ARRB2/GRB2	20
Myeloid/TAM	GO:0007042	lysosomal lumen acidification	8/342	21/15651	0.380952380952381	17.4335839598997	11.263134200701	7.60875948581391e-09	3.67928657847916e-07	3.67928657847916e-07	ATP6V0A1/ATP6V1F/ATP6V0B/TCIRG1/CREG1/ATP6V0C/GRN/LAMP1	8
Myeloid/TAM	GO:1903530	regulation of secretion by cell	33/342	489/15651	0.0674846625766871	3.08831126896997	7.01242497588602	9.4799349973311e-09	4.54558899956061e-07	4.54558899956061e-07	MEF2C/TSPO/UCP2/APOE/LILRB1/ADAM9/SPP1/GNAI2/IL1B/HLA-DRB1/STXBP2/SYK/P2RX4/ANXA2/DAB2/GNAS/LGALS9/NR1H3/TLR4/TREM2/VAMP8/SDCBP/ITGAM/RAC1/MYOF/SPI1/CD84/LAMP1/LYN/ITGB2/CALM3/S100A10/TNFRSF1B	33
Myeloid/TAM	GO:0055094	response to lipoprotein particle	9/342	30/15651	0.3	13.7289473684211	10.4302691251622	9.76398379433681e-09	4.64277429420715e-07	4.64277429420715e-07	APOE/CD81/CD68/SYK/TLR4/TREM2/ABCA1/FCER1G/ITGB2	9
Myeloid/TAM	GO:0050870	positive regulation of T cell activation	21/342	218/15651	0.0963302752293578	4.40837759536456	7.57438860695568	1.3603581597459e-08	6.41504434670256e-07	6.41504434670256e-07	HLA-DRA/AIF1/IL1B/CD81/HLA-DRB1/RHOA/HLA-DRB5/ACTB/HLA-DQB1/LGALS9/HLA-DMB/SIRPA/HAVCR2/HLA-DPB1/HLA-DMA/LILRB4/HLA-DPA1/PYCARD/LYN/CD4/LILRB2	21
Myeloid/TAM	GO:0032760	positive regulation of tumor necrosis factor production	15/342	109/15651	0.137614678899083	6.29768227909223	8.29549904484338	1.44257378747732e-08	6.74698855028327e-07	6.74698855028327e-07	HSPB1/CYBB/TYROBP/FCGR3A/SYK/LY96/FCGR2A/CD14/LGALS9/CYBA/FCGR1A/TLR4/HAVCR2/PYCARD/CLEC7A	15
Myeloid/TAM	GO:0002437	inflammatory response to antigenic stimulus	11/342	53/15651	0.207547169811321	9.49801390268123	9.26227617942893	1.55116758628323e-08	7.19590426612365e-07	7.19590426612365e-07	FCGR3A/CD81/HLA-DRB1/CD68/SYK/FCGR2A/HCK/GNAS/FCGR1A/TREM2/LYN	11
Myeloid/TAM	GO:1903039	positive regulation of leukocyte cell-cell adhesion	22/342	241/15651	0.0912863070539419	4.17754968333697	7.43012917502035	1.63990682776345e-08	7.54621641872437e-07	7.54621641872437e-07	HLA-DRA/AIF1/IL1B/CD81/HLA-DRB1/RHOA/HLA-DRB5/ACTB/HLA-DQB1/LGALS9/HLA-DMB/SIRPA/HAVCR2/HLA-DPB1/HLA-DMA/LILRB4/HLA-DPA1/PYCARD/LYN/ITGB2/CD4/LILRB2	22
Myeloid/TAM	GO:0006885	regulation of pH	14/342	95/15651	0.147368421052632	6.74404432132964	8.39319725910476	1.79531211148095e-08	8.19524072648825e-07	8.19524072648825e-07	SLC11A1/ATP6V1B2/ATP6V0A1/PDK4/ATP6V1F/RAB20/ATP6V0B/TCIRG1/CREG1/DMXL2/ATP6V0D1/ATP6V0C/GRN/LAMP1	14
Myeloid/TAM	GO:0099024	plasma membrane invagination	11/342	54/15651	0.203703703703704	9.32212475633528	9.156033610931	1.91032653819372e-08	8.65105018010586e-07	8.65105018010586e-07	AIF1/RHOA/GSN/MARCO/MSR1/FCGR1A/TREM2/ITGAM/RAC1/RAB31/ITGB2	11
Myeloid/TAM	GO:0022409	positive regulation of cell-cell adhesion	24/342	287/15651	0.083623693379791	3.82688428388043	7.22426457716871	2.00767143744433e-08	9.02029387563572e-07	9.02029387563572e-07	HLA-DRA/AIF1/IL1B/CD81/HLA-DRB1/RHOA/HLA-DRB5/ACTB/HLA-DQB1/LGALS9/HLA-DMB/SIRPA/HAVCR2/HLA-DPB1/HLA-DMA/LILRB4/HLA-DPA1/EMILIN2/PYCARD/LYN/PLAUR/ITGB2/CD4/LILRB2	24
Myeloid/TAM	GO:0001774	microglial cell activation	10/342	43/15651	0.232558139534884	10.6425948592411	9.46349009662969	2.19962855570925e-08	9.72951979757905e-07	9.72951979757905e-07	TYROBP/IFNGR2/C1QA/AIF1/IL1B/TREM2/ITGAM/GRN/C5AR1/ITGB2	10
Myeloid/TAM	GO:0002269	leukocyte activation involved in inflammatory response	10/342	43/15651	0.232558139534884	10.6425948592411	9.46349009662969	2.19962855570925e-08	9.72951979757905e-07	9.72951979757905e-07	TYROBP/IFNGR2/C1QA/AIF1/IL1B/TREM2/ITGAM/GRN/C5AR1/ITGB2	10
Myeloid/TAM	GO:0032613	interleukin-10 production	11/342	55/15651	0.2	9.15263157894737	9.05251724333725	2.3417581512556e-08	1.01937060329498e-06	1.01937060329498e-06	RBM47/LILRB1/TYROBP/HLA-DRB1/SYK/LGALS9/TLR4/TREM2/LILRB4/PYCARD/CLEC7A	11
Myeloid/TAM	GO:0032653	regulation of interleukin-10 production	11/342	55/15651	0.2	9.15263157894737	9.05251724333725	2.3417581512556e-08	1.01937060329498e-06	1.01937060329498e-06	RBM47/LILRB1/TYROBP/HLA-DRB1/SYK/LGALS9/TLR4/TREM2/LILRB4/PYCARD/CLEC7A	11
Myeloid/TAM	GO:2000379	positive regulation of reactive oxygen species metabolic process	12/342	68/15651	0.176470588235294	8.07585139318885	8.7398592119381	2.37466074253252e-08	1.01937060329498e-06	1.01937060329498e-06	TSPO/TYROBP/GNAI2/SYK/SOD2/CYBA/SIRPA/TLR4/ITGAM/CLEC7A/ITGB2/GRB2	12
Myeloid/TAM	GO:1903557	positive regulation of tumor necrosis factor superfamily cytokine production	15/342	113/15651	0.132743362831858	6.07475547275268	8.09195755759635	2.37603032313761e-08	1.01937060329498e-06	1.01937060329498e-06	HSPB1/CYBB/TYROBP/FCGR3A/SYK/LY96/FCGR2A/CD14/LGALS9/CYBA/FCGR1A/TLR4/HAVCR2/PYCARD/CLEC7A	15
Myeloid/TAM	GO:0032609	type II interferon production	15/342	114/15651	0.131578947368421	6.02146814404432	8.04259810372458	2.68253927319672e-08	1.13381993280448e-06	1.13381993280448e-06	SLC11A1/LILRB1/IL1B/HLA-DRB1/CD14/LGALS9/SIRPA/TLR4/HAVCR2/HLA-DPB1/LILRB4/HLA-DPA1/LAPTM5/PYCARD/CLEC7A	15
Myeloid/TAM	GO:0032649	regulation of type II interferon production	15/342	114/15651	0.131578947368421	6.02146814404432	8.04259810372458	2.68253927319672e-08	1.13381993280448e-06	1.13381993280448e-06	SLC11A1/LILRB1/IL1B/HLA-DRB1/CD14/LGALS9/SIRPA/TLR4/HAVCR2/HLA-DPB1/LILRB4/HLA-DPA1/LAPTM5/PYCARD/CLEC7A	15
Myeloid/TAM	GO:0006911	phagocytosis, engulfment	10/342	44/15651	0.227272727272727	10.4007177033493	9.33306836013671	2.79185485331137e-08	1.1713473377202e-06	1.1713473377202e-06	AIF1/GSN/MARCO/MSR1/FCGR1A/TREM2/ITGAM/RAC1/RAB31/ITGB2	10
Myeloid/TAM	GO:0002688	regulation of leukocyte chemotaxis	15/342	115/15651	0.130434782608696	5.96910755148741	7.99382291212368	3.02460539205204e-08	1.25973710708386e-06	1.25973710708386e-06	AIF1/MPP1/CSF1R/CD74/NINJ1/LGALS9/LGMN/RAC1/C3AR1/SPI1/CCR1/C5AR1/LYN/DUSP1/CMKLR1	15
Myeloid/TAM	GO:0001525	angiogenesis	32/342	489/15651	0.065439672801636	2.99472607900118	6.69817147677339	3.32416294022224e-08	1.37446911137015e-06	1.37446911137015e-06	HSPB1/HMOX1/CYBB/EPN1/NRP2/TGFBI/GNAI2/RHOB/RTN4/IL1B/SYK/STAB1/PLXND1/RHOA/ANXA2/NR4A1/GLUL/NINJ1/ENG/TNFAIP2/TYMP/GPNMB/SAT1/C3AR1/FN1/GRN/C5AR1/EMILIN2/QKI/PKM/ITGB2/EHD4	32
Myeloid/TAM	GO:0050671	positive regulation of lymphocyte proliferation	15/342	116/15651	0.129310344827586	5.9176497277677	7.94561961548173	3.40588885899951e-08	1.39812962801807e-06	1.39812962801807e-06	MEF2C/AIF1/FCGR3A/IL1B/CD81/TNFSF13B/CD74/LGALS9/HLA-DMB/HAVCR2/HLA-DPB1/HLA-DPA1/PYCARD/CD4/LILRB2	15
Myeloid/TAM	GO:0002886	regulation of myeloid leukocyte mediated immunity	10/342	45/15651	0.222222222222222	10.1695906432749	9.20676834833282	3.52053025467594e-08	1.43486754522721e-06	1.43486754522721e-06	TYROBP/STXBP2/SYK/LGALS9/VAMP8/ITGAM/SPI1/CD84/LYN/ITGB2	10
Myeloid/TAM	GO:0032946	positive regulation of mononuclear cell proliferation	15/342	117/15651	0.128205128205128	5.86707152496626	7.89797621395838	3.83037805163797e-08	1.55008064983307e-06	1.55008064983307e-06	MEF2C/AIF1/FCGR3A/IL1B/CD81/TNFSF13B/CD74/LGALS9/HLA-DMB/HAVCR2/HLA-DPB1/HLA-DPA1/PYCARD/CD4/LILRB2	15
Myeloid/TAM	GO:0043299	leukocyte degranulation	12/342	71/15651	0.169014084507042	7.73461823573017	8.50071081318278	3.93663658005454e-08	1.58186255815431e-06	1.58186255815431e-06	FCGR3A/STXBP2/SYK/HCK/LGALS9/VAMP8/ITGAM/SPI1/CD84/LAMP1/LYN/ITGB2	12
Myeloid/TAM	GO:0002532	production of molecular mediator involved in inflammatory response	13/342	86/15651	0.151162790697674	6.91768665850673	8.22476392178292	4.27087801192635e-08	1.70416992559802e-06	1.70416992559802e-06	HMOX1/SYK/S100A9/SIRPA/TLR4/TREM2/VAMP8/FCER1G/GRN/LILRB4/PYCARD/LYN/CLEC7A	13
Myeloid/TAM	GO:0051453	regulation of intracellular pH	13/342	87/15651	0.149425287356322	6.83817301875378	8.16155269859831	4.92345311404597e-08	1.95091829644072e-06	1.95091829644072e-06	SLC11A1/ATP6V1B2/ATP6V0A1/ATP6V1F/RAB20/ATP6V0B/TCIRG1/CREG1/DMXL2/ATP6V0D1/ATP6V0C/GRN/LAMP1	13
Myeloid/TAM	GO:0043542	endothelial cell migration	20/342	214/15651	0.0934579439252336	4.27693064436793	7.21422190398493	5.03862897351579e-08	1.9827873739918e-06	1.9827873739918e-06	MEF2C/HSPB1/HMOX1/APOE/NRP2/RHOB/P2RX4/PLXND1/RHOA/NR4A1/GLUL/S100A9/LGMN/RAC1/FN1/ZEB2/GRN/S100A8/ITGB2/EHD4	20
Myeloid/TAM	GO:0030162	regulation of proteolysis	16/342	138/15651	0.115942028985507	5.30587337909992	7.59363492499526	5.70246844040997e-08	2.22864965212187e-06	2.22864965212187e-06	APOE/ADAM9/IL1B/CSTB/ANXA2/CST3/GSN/NR1H3/CSTA/GRN/TIMP1/PLAUR/S100A10/TNFRSF1B/TIMP2/CTSZ	16
Myeloid/TAM	GO:0010324	membrane invagination	11/342	61/15651	0.180327868852459	8.25237273511648	8.48240079067903	7.27871567519874e-08	2.82533004372e-06	2.82533004372e-06	AIF1/RHOA/GSN/MARCO/MSR1/FCGR1A/TREM2/ITGAM/RAC1/RAB31/ITGB2	11
Myeloid/TAM	GO:0071402	cellular response to lipoprotein particle stimulus	9/342	37/15651	0.243243243243243	11.1315789473684	9.22184290833326	7.41828383753994e-08	2.85472036677834e-06	2.85472036677834e-06	APOE/CD81/CD68/SYK/TLR4/TREM2/ABCA1/FCER1G/ITGB2	9
Myeloid/TAM	GO:0030641	regulation of cellular pH	13/342	90/15651	0.144444444444444	6.61023391812865	7.97774747734403	7.45449237031146e-08	2.85472036677834e-06	2.85472036677834e-06	SLC11A1/ATP6V1B2/ATP6V0A1/ATP6V1F/RAB20/ATP6V0B/TCIRG1/CREG1/DMXL2/ATP6V0D1/ATP6V0C/GRN/LAMP1	13
Myeloid/TAM	GO:0051250	negative regulation of lymphocyte activation	16/342	141/15651	0.113475177304965	5.19298245614035	7.47521202071809	7.73444835559562e-08	2.94218415446857e-06	2.94218415446858e-06	LILRB1/TYROBP/LST1/VSIG4/HLA-DRB1/MNDA/LGALS9/LGALS1/HAVCR2/GPNMB/LGALS3/LILRB4/LAPTM5/LYN/CEBPB/LILRB2	16
Myeloid/TAM	GO:2001198	regulation of dendritic cell differentiation	6/342	12/15651	0.5	22.8815789473684	11.3334361586834	8.61920999615126e-08	3.25703392304895e-06	3.25703392304895e-06	TMEM176B/LILRB1/LGALS9/TMEM176A/CEBPB/LILRB2	6
Myeloid/TAM	GO:0032722	positive regulation of chemokine production	11/342	62/15651	0.17741935483871	8.11926994906621	8.39496692720198	8.67774016715226e-08	3.25757798643229e-06	3.25757798643229e-06	HMOX1/AIF1/IL1B/SYK/CSF1R/CD74/LGALS9/TLR4/HAVCR2/PYCARD/CLEC7A	11
Myeloid/TAM	GO:0050764	regulation of phagocytosis	13/342	92/15651	0.141304347826087	6.46653318077803	7.85980686086367	9.73780006642988e-08	3.63162661300973e-06	3.63162661300973e-06	SLC11A1/ARAP1/SYK/FCGR2A/HCK/FCN1/CYBA/FCGR1A/SIRPA/TREM2/RAB31/PYCARD/CLEC7A	13
Myeloid/TAM	GO:0035751	regulation of lysosomal lumen pH	8/342	28/15651	0.285714285714286	13.0751879699248	9.55845085824408	1.01670274509053e-07	3.76708172953675e-06	3.76708172953675e-06	ATP6V0A1/ATP6V1F/ATP6V0B/TCIRG1/CREG1/ATP6V0C/GRN/LAMP1	8
Myeloid/TAM	GO:1905517	macrophage migration	10/342	50/15651	0.2	9.15263157894737	8.62985329686425	1.02879404317566e-07	3.77122337617943e-06	3.77122337617943e-06	RTN4/CORO1C/CD81/CSF1R/P2RX4/TREM2/LGALS3/C3AR1/C5AR1/CMKLR1	10
Myeloid/TAM	GO:0006801	superoxide metabolic process	11/342	63/15651	0.174603174603175	7.99039264828738	8.30947258333148	1.03103898822992e-07	3.77122337617943e-06	3.77122337617943e-06	CYBB/TYROBP/GNAI2/SYK/SOD2/CYBA/NCF2/ITGAM/RAC1/CLEC7A/ITGB2	11
Myeloid/TAM	GO:0006887	exocytosis	25/342	338/15651	0.0739644970414201	3.3848489567113	6.6250002612006	1.13017460457156e-07	4.1075008240034e-06	4.1075008240034e-06	PLEK/RAB10/GNAI2/FCGR3A/STXBP2/SYK/ANXA2/HCK/LGALS9/VAMP8/SDCBP/TNFAIP2/ITGAM/SPI1/VTI1B/CCR1/RAB31/CD84/FCER1G/LAMP1/LYN/ITGB2/CALM3/S100A10/SYNGR2	25
Myeloid/TAM	GO:0002449	lymphocyte mediated immunity	24/342	315/15651	0.0761904761904762	3.48671679197995	6.66380632572979	1.17721188074452e-07	4.25137404527102e-06	4.25137404527103e-06	HLA-DRA/LILRB1/TYROBP/C1QA/CTSH/FCGR3A/IL1B/CD81/HLA-DRB1/C1QC/CD74/FCGR2A/LGALS9/FCGR1A/TREM2/HAVCR2/FCER1G/LILRB4/PLEKHM2/LAMP1/TNFRSF1B/ARRB2/GRB2/C1QB	24
Myeloid/TAM	GO:0045428	regulation of nitric oxide biosynthetic process	10/342	51/15651	0.196078431372549	8.97316821465428	8.52413909995948	1.25513929268791e-07	4.5042923296083e-06	4.5042923296083e-06	TSPO/APOE/DDAH2/IL1B/P2RX4/SIRPA/TLR4/RAC1/CLEC7A/ITGB2	10
Myeloid/TAM	GO:0050920	regulation of chemotaxis	18/342	185/15651	0.0972972972972973	4.45263157894737	7.06063745416714	1.29114005418334e-07	4.60452821823133e-06	4.60452821823133e-06	HSPB1/AIF1/MPP1/CSF1R/P2RX4/CD74/NINJ1/LGALS9/TREM2/LGMN/RAC1/C3AR1/SPI1/CCR1/C5AR1/LYN/DUSP1/CMKLR1	18
Myeloid/TAM	GO:0032930	positive regulation of superoxide anion generation	7/342	20/15651	0.35	16.0171052631579	10.0439525819516	1.3580574504235e-07	4.80054770555046e-06	4.80054770555046e-06	TYROBP/GNAI2/SYK/CYBA/ITGAM/CLEC7A/ITGB2	7
Myeloid/TAM	GO:0031348	negative regulation of defense response	21/342	249/15651	0.0843373493975904	3.85954343690552	6.7983672936322	1.36293152523515e-07	4.80054770555046e-06	4.80054770555046e-06	APOE/LILRB1/A2M/IL1B/VSIG4/HLA-DRB1/SYK/HCK/GNAS/LGALS9/METRNL/NR1H3/SIRPA/TREM2/HAVCR2/GRN/SAMHD1/LYN/TNFRSF1B/ARRB2/GRB2	21
Myeloid/TAM	GO:0071404	cellular response to low-density lipoprotein particle stimulus	8/342	29/15651	0.275862068965517	12.6243194192377	9.36472502740286	1.37747367595097e-07	4.82200294170323e-06	4.82200294170323e-06	CD81/CD68/SYK/TLR4/TREM2/ABCA1/FCER1G/ITGB2	8
Myeloid/TAM	GO:0045055	regulated exocytosis	19/342	207/15651	0.0917874396135266	4.20048309178744	6.92815548632853	1.45520675817075e-07	5.0630547330014e-06	5.0630547330014e-06	PLEK/RAB10/GNAI2/FCGR3A/STXBP2/SYK/HCK/LGALS9/VAMP8/ITGAM/SPI1/RAB31/CD84/FCER1G/LAMP1/LYN/ITGB2/CALM3/SYNGR2	19
Myeloid/TAM	GO:0051051	negative regulation of transport	25/342	346/15651	0.0722543352601156	3.30658655308792	6.48467105514969	1.76825800543819e-07	6.1149576842608e-06	6.11495768426081e-06	HAMP/TSPO/UCP2/APOE/LILRB1/OAZ1/GNAI2/IL1B/ANXA2/CD74/LGALS9/NR1H3/SIRPA/VAMP8/SDCBP/PEA15/RAC1/LGALS3/SPI1/CD84/GSTO1/APOC1/CALM3/TNFRSF1B/LILRB2	25
Myeloid/TAM	GO:0002577	regulation of antigen processing and presentation	7/342	21/15651	0.333333333333333	15.2543859649123	9.76957080471052	1.99904237820619e-07	6.81583624670809e-06	6.81583624670809e-06	SLC11A1/CTSS/CD68/CD74/TREM2/PYCARD/LILRB2	7
Myeloid/TAM	GO:0032928	regulation of superoxide anion generation	7/342	21/15651	0.333333333333333	15.2543859649123	9.76957080471052	1.99904237820619e-07	6.81583624670809e-06	6.81583624670809e-06	TYROBP/GNAI2/SYK/CYBA/ITGAM/CLEC7A/ITGB2	7
Myeloid/TAM	GO:0042060	wound healing	26/342	373/15651	0.0697050938337802	3.18992521518273	6.39804454827933	2.0179955987398e-07	6.81583624670809e-06	6.81583624670809e-06	ITGB5/SLC11A1/HSPB1/PLEK/HMOX1/APOE/TLN1/RAP2B/DST/SYK/SERPINA1/RHOA/ANXA2/ACTB/GNAS/ENG/TLR4/MYOF/FN1/FCER1G/EMILIN2/LYN/CLEC7A/PLAUR/S100A10/ANXA5	26
Myeloid/TAM	GO:0050729	positive regulation of inflammatory response	16/342	151/15651	0.105960264900662	4.84907633321715	7.10355849286774	2.01871070047961e-07	6.81583624670809e-06	6.81583624670809e-06	NEAT1/IL1B/CD81/NAIP/NINJ1/S100A9/LGALS1/TLR4/TREM2/VAMP8/CCR1/GRN/PYCARD/S100A8/CEBPB/CD4	16
Myeloid/TAM	GO:0002444	myeloid leukocyte mediated immunity	13/342	98/15651	0.13265306122449	6.07062298603652	7.52599776685394	2.08314096177993e-07	6.99200136936251e-06	6.99200136936251e-06	TYROBP/FCGR3A/STXBP2/SYK/FCGR2A/LGALS9/FCGR1A/VAMP8/ITGAM/SPI1/CD84/LYN/ITGB2	13
Myeloid/TAM	GO:1903131	mononuclear cell differentiation	28/342	425/15651	0.0658823529411765	3.01498452012384	6.29462813845854	2.17462543876498e-07	7.25638172724737e-06	7.25638172724737e-06	HLA-DRA/UCP2/TMEM176B/LILRB1/IL1B/CTSL/HLA-DRB1/SYK/C1QC/CSF1R/ZFP36L1/TNFSF13B/RHOA/CD74/ACTB/LGALS9/LGALS1/TREM2/SPI1/LILRB4/LAPTM5/LYN/TMEM176A/QKI/FOS/CEBPB/CD4/LILRB2	28
Myeloid/TAM	GO:0002460	adaptive immune response based on somatic recombination of immune receptors built from immunoglobulin superfamily domains	25/342	350/15651	0.0714285714285714	3.2687969924812	6.4160326429068	2.19980941813959e-07	7.29773984878167e-06	7.29773984878167e-06	MEF2C/HLA-DRA/SLC11A1/LILRB1/C1QA/CTSH/FCGR3A/IL1B/CD81/HLA-DRB1/C1QC/CD74/FCGR2A/LGALS9/LGALS1/FCGR1A/TLR4/TREM2/HAVCR2/FCER1G/LILRB4/CLEC7A/TNFRSF1B/CD4/C1QB	25
Myeloid/TAM	GO:0032720	negative regulation of tumor necrosis factor production	10/342	54/15651	0.185185185185185	8.47465886939571	8.2236483881513	2.21785159024285e-07	7.3150642623848e-06	7.3150642623848e-06	TSPO/LILRB1/LGALS9/SIRPA/TLR4/TREM2/HAVCR2/GPNMB/LILRB4/ARRB2	10
Myeloid/TAM	GO:0080164	regulation of nitric oxide metabolic process	10/342	55/15651	0.181818181818182	8.32057416267942	8.12861751411819	2.65866842915781e-07	8.7185988832037e-06	8.7185988832037e-06	TSPO/APOE/DDAH2/IL1B/P2RX4/SIRPA/TLR4/RAC1/CLEC7A/ITGB2	10
Myeloid/TAM	GO:0032755	positive regulation of interleukin-6 production	12/342	84/15651	0.142857142857143	6.53759398496241	7.60597866693414	2.6935780638934e-07	8.75762474627886e-06	8.75762474627886e-06	TYROBP/AIF1/IL1B/SYK/CD74/LGALS9/CYBA/TLR4/LAPTM5/PYCARD/CLEC7A/LILRB2	12
Myeloid/TAM	GO:0019221	cytokine-mediated signaling pathway	30/342	482/15651	0.0622406639004149	2.84832932954794	6.1605744579061	2.70204801112718e-07	8.75762474627886e-06	8.75762474627886e-06	RBM47/LILRB1/LILRB3/IFNGR2/ANXA4/IL1B/SYK/IFITM3/NAIP/CSF1R/TNFSF13B/CD74/HCK/NR1H3/TREM2/CSF3R/SPI1/CCR1/LIMS1/FCER1G/LILRB4/LAPTM5/SAMHD1/PYCARD/LYN/CMKLR1/TNFRSF1B/ARRB2/CD4/LILRB2	30
Myeloid/TAM	GO:0050766	positive regulation of phagocytosis	11/342	69/15651	0.159420289855072	7.2955758962624	7.83330833755538	2.71661335452394e-07	8.75762474627886e-06	8.75762474627886e-06	SLC11A1/ARAP1/FCGR2A/FCN1/CYBA/FCGR1A/SIRPA/TREM2/RAB31/PYCARD/CLEC7A	11
Myeloid/TAM	GO:0032102	negative regulation of response to external stimulus	25/342	356/15651	0.0702247191011236	3.21370490833826	6.31490466937661	3.03247623689632e-07	9.72096034142157e-06	9.72096034142158e-06	APOE/LILRB1/SPP1/AIF1/A2M/IL1B/VSIG4/HLA-DRB1/SYK/HCK/GNAS/LGALS9/METRNL/NR1H3/SIRPA/TREM2/HAVCR2/GRN/SAMHD1/LYN/PLAUR/DUSP1/TNFRSF1B/ARRB2/GRB2	25
Myeloid/TAM	GO:1903556	negative regulation of tumor necrosis factor superfamily cytokine production	10/342	56/15651	0.178571428571429	8.17199248120301	8.035963620559	3.17451216919968e-07	1.01194225907561e-05	1.01194225907561e-05	TSPO/LILRB1/LGALS9/SIRPA/TLR4/TREM2/HAVCR2/GPNMB/LILRB4/ARRB2	10
Myeloid/TAM	GO:0042742	defense response to bacterium	20/342	241/15651	0.0829875518672199	3.79777243939725	6.5420883066107	3.52891440080663e-07	1.1186658650557e-05	1.1186658650557e-05	RNASE6/HAMP/SLC11A1/IL1B/NAGK/SYK/NAIP/STAB1/S100A9/CYBA/TLR4/TREM2/HAVCR2/LYZ/GRN/EMILIN2/PYCARD/RNASE1/S100A8/CEBPB	20
Myeloid/TAM	GO:0006959	humoral immune response	20/342	242/15651	0.0826446280991736	3.78207916485428	6.51908662071292	3.77129318992891e-07	1.17738473309317e-05	1.17738473309317e-05	RNASE6/HAMP/MEF2C/SLC11A1/CFD/C1QA/A2M/IL1B/VSIG4/CD81/HLA-DRB1/C1QC/CD83/S100A9/HLA-DQB1/FCN1/TREM2/LGALS3/LYZ/C1QB	20
Myeloid/TAM	GO:0042130	negative regulation of T cell proliferation	10/342	57/15651	0.175438596491228	8.0286241920591	7.94558354241696	3.77604988005697e-07	1.17738473309317e-05	1.17738473309317e-05	LILRB1/VSIG4/HLA-DRB1/LGALS9/HAVCR2/GPNMB/LILRB4/LAPTM5/CEBPB/LILRB2	10
Myeloid/TAM	GO:0045670	regulation of osteoclast differentiation	10/342	57/15651	0.175438596491228	8.0286241920591	7.94558354241696	3.77604988005697e-07	1.17738473309317e-05	1.17738473309317e-05	LILRB1/TYROBP/LILRB3/CORO1C/MAFB/TLR4/TREM2/CCR1/LILRB4/CEBPB	10
Myeloid/TAM	GO:0010876	lipid localization	27/342	414/15651	0.0652173913043478	2.98455377574371	6.11660056878969	4.40810923775849e-07	1.36699300601358e-05	1.36699300601358e-05	DBI/TSPO/UCP2/LRP1/APOE/SPP1/VMP1/VAT1/IL1B/SYK/P2RX4/PLTP/ANXA2/PLIN2/DAB2/NPC2/ACSL1/MSR1/NR1H3/TREM2/SLCO2B1/FABP5/ABCA1/PSAP/LYN/APOC1/SCARB2	27
Myeloid/TAM	GO:0002699	positive regulation of immune effector process	19/342	223/15651	0.0852017937219731	3.89910313901345	6.51715567420054	4.64369582683035e-07	1.43226639934562e-05	1.43226639934562e-05	HLA-DRA/LILRB1/TYROBP/RTN4/IL1B/CD81/HLA-DRB1/CD74/LGALS9/FCN1/HLA-DMB/TREM2/VAMP8/ITGAM/SPI1/LAPTM5/LAMP1/CLEC7A/ITGB2	19
Myeloid/TAM	GO:0002698	negative regulation of immune effector process	13/342	106/15651	0.122641509433962	5.61246276067527	7.12175869912719	5.27215787921568e-07	1.61736198165616e-05	1.61736198165616e-05	LILRB1/A2M/VSIG4/LGALS9/LGALS1/HAVCR2/LGALS3/SPI1/CD84/GRN/LILRB4/ARRB2/GRB2	13
Myeloid/TAM	GO:0002752	cell surface pattern recognition receptor signaling pathway	11/342	74/15651	0.148648648648649	6.80263157894737	7.47817733310474	5.6480962719731e-07	1.72342445603628e-05	1.72342445603628e-05	SYK/LY96/NINJ1/CD14/FCN1/NR1H3/CYBA/TLR4/TREM2/LYN/CLEC7A	11
Myeloid/TAM	GO:0002220	innate immune response activating cell surface receptor signaling pathway	12/342	90/15651	0.133333333333333	6.10175438596491	7.25469004975758	5.80613824713473e-07	1.76222472543355e-05	1.76222472543355e-05	TYROBP/SYK/LY96/NINJ1/CD14/FCN1/NR1H3/CYBA/TLR4/TREM2/LYN/CLEC7A	12
Myeloid/TAM	GO:0010720	positive regulation of cell development	24/342	345/15651	0.0695652173913043	3.18352402745995	6.12961899873891	6.24028082070565e-07	1.87064604601489e-05	1.87064604601489e-05	HLA-DRA/TSPO/TYROBP/IL1B/CORO1C/HLA-DRB1/SYK/ZFP36L1/PLXND1/RHOA/CD74/VIM/ACTB/LGALS9/TREM2/SPI1/CCR1/LILRB4/LYN/CLEC7A/QKI/TNFRSF1B/CD4/LILRB2	24
Myeloid/TAM	GO:1902107	positive regulation of leukocyte differentiation	16/342	164/15651	0.0975609756097561	4.46469833119384	6.66654038229475	6.26171389395101e-07	1.87064604601489e-05	1.87064604601489e-05	HLA-DRA/TYROBP/CORO1C/HLA-DRB1/SYK/ZFP36L1/RHOA/CD74/ACTB/LGALS9/TREM2/SPI1/CCR1/LILRB4/CD4/LILRB2	16
Myeloid/TAM	GO:1903708	positive regulation of hemopoiesis	16/342	164/15651	0.0975609756097561	4.46469833119384	6.66654038229475	6.26171389395101e-07	1.87064604601489e-05	1.87064604601489e-05	HLA-DRA/TYROBP/CORO1C/HLA-DRB1/SYK/ZFP36L1/RHOA/CD74/ACTB/LGALS9/TREM2/SPI1/CCR1/LILRB4/CD4/LILRB2	16
Myeloid/TAM	GO:0032729	positive regulation of type II interferon production	11/342	75/15651	0.146666666666667	6.7119298245614	7.41109427791786	6.49120517432725e-07	1.92910503774538e-05	1.92910503774538e-05	SLC11A1/LILRB1/IL1B/CD14/LGALS9/TLR4/HAVCR2/HLA-DPB1/HLA-DPA1/PYCARD/CLEC7A	11
Myeloid/TAM	GO:0006869	lipid transport	26/342	397/15651	0.0654911838790932	2.99708338857219	6.02415855748154	6.70091771825909e-07	1.98111069950188e-05	1.98111069950188e-05	DBI/TSPO/UCP2/LRP1/APOE/SPP1/VMP1/VAT1/IL1B/SYK/P2RX4/PLTP/ANXA2/DAB2/NPC2/ACSL1/MSR1/NR1H3/TREM2/SLCO2B1/FABP5/ABCA1/PSAP/LYN/APOC1/SCARB2	26
Myeloid/TAM	GO:0072593	reactive oxygen species metabolic process	17/342	187/15651	0.0909090909090909	4.16028708133971	6.49805272747649	7.61045052339078e-07	2.23841395291071e-05	2.23841395291071e-05	TSPO/UCP2/CYBB/TYROBP/GNAI2/SYK/RHOA/SOD2/CYBA/SIRPA/TLR4/NCF2/ITGAM/RAC1/CLEC7A/ITGB2/GRB2	17
Myeloid/TAM	GO:0002286	T cell activation involved in immune response	13/342	110/15651	0.118181818181818	5.40837320574163	6.93476947497964	8.1214100012863e-07	2.37644951114562e-05	2.37644951114562e-05	HLA-DRA/SLC11A1/LILRB1/TYROBP/CD81/HLA-DRB1/CD74/LGALS9/LGALS1/HLA-DMB/TREM2/HAVCR2/LGALS3	13
Myeloid/TAM	GO:2000377	regulation of reactive oxygen species metabolic process	14/342	129/15651	0.108527131782946	4.96654426764586	6.76129887047129	8.77191547323445e-07	2.55370151480999e-05	2.55370151480999e-05	TSPO/TYROBP/GNAI2/SYK/RHOA/SOD2/CYBA/SIRPA/TLR4/ITGAM/RAC1/CLEC7A/ITGB2/GRB2	14
Myeloid/TAM	GO:0032612	interleukin-1 production	13/342	111/15651	0.117117117117117	5.35964912280702	6.88944650045047	9.0200215347245e-07	2.59940620591606e-05	2.59940620591606e-05	HSPB1/TYROBP/IL1B/NAIP/LGALS9/SIRPA/TLR4/TREM2/HAVCR2/LILRB4/PYCARD/CLEC7A/ARRB2	13
Myeloid/TAM	GO:0032652	regulation of interleukin-1 production	13/342	111/15651	0.117117117117117	5.35964912280702	6.88944650045047	9.0200215347245e-07	2.59940620591606e-05	2.59940620591606e-05	HSPB1/TYROBP/IL1B/NAIP/LGALS9/SIRPA/TLR4/TREM2/HAVCR2/LILRB4/PYCARD/CLEC7A/ARRB2	13
Myeloid/TAM	GO:0006809	nitric oxide biosynthetic process	10/342	63/15651	0.158730158730159	7.2639933166249	7.4460024415679	9.9494762032321e-07	2.85284980983127e-05	2.85284980983127e-05	TSPO/APOE/DDAH2/IL1B/P2RX4/SIRPA/TLR4/RAC1/CLEC7A/ITGB2	10
Myeloid/TAM	GO:0014002	astrocyte development	7/342	26/15651	0.269230769230769	12.3208502024291	8.63480466068316	1.02921584275124e-06	2.92174407897441e-05	2.92174407897441e-05	LRP1/C1QA/S100A9/TREM2/ZEB2/GRN/C5AR1	7
Myeloid/TAM	GO:0098581	detection of external biotic stimulus	7/342	26/15651	0.269230769230769	12.3208502024291	8.63480466068316	1.02921584275124e-06	2.92174407897441e-05	2.92174407897441e-05	HLA-DRB1/NAIP/LY96/NR4A1/TLR4/TREM2/CLEC7A	7
Myeloid/TAM	GO:0032611	interleukin-1 beta production	12/342	95/15651	0.126315789473684	5.78060941828255	6.98542622963107	1.05073897611566e-06	2.95345645207682e-05	2.95345645207682e-05	HSPB1/TYROBP/IL1B/NAIP/LGALS9/SIRPA/TLR4/TREM2/LILRB4/PYCARD/CLEC7A/ARRB2	12
Myeloid/TAM	GO:0032651	regulation of interleukin-1 beta production	12/342	95/15651	0.126315789473684	5.78060941828255	6.98542622963107	1.05073897611566e-06	2.95345645207682e-05	2.95345645207682e-05	HSPB1/TYROBP/IL1B/NAIP/LGALS9/SIRPA/TLR4/TREM2/LILRB4/PYCARD/CLEC7A/ARRB2	12
Myeloid/TAM	GO:0097028	dendritic cell differentiation	8/342	37/15651	0.216216216216216	9.89473684210526	8.09605948835491	1.06373343596589e-06	2.97532499295166e-05	2.97532499295166e-05	TMEM176B/LILRB1/LGALS9/TREM2/LYN/TMEM176A/CEBPB/LILRB2	8
Myeloid/TAM	GO:0062208	positive regulation of pattern recognition receptor signaling pathway	11/342	79/15651	0.139240506329114	6.37208527648234	7.15452916852816	1.10786644035799e-06	3.08365166277203e-05	3.08365166277203e-05	RTN4/NAGK/SYK/NINJ1/CD14/MSR1/NR1H3/CYBA/TLR4/SLC15A3/LYN	11
Myeloid/TAM	GO:0009595	detection of biotic stimulus	8/342	38/15651	0.210526315789474	9.63434903047091	7.96480286721036	1.32196891918493e-06	3.66172555964524e-05	3.66172555964524e-05	TSPO/HLA-DRB1/NAIP/LY96/NR4A1/TLR4/TREM2/CLEC7A	8
Myeloid/TAM	GO:1905523	positive regulation of macrophage migration	7/342	27/15651	0.259259259259259	11.864522417154	8.44487488633025	1.36353391320294e-06	3.75861087378549e-05	3.75861087378549e-05	RTN4/CSF1R/P2RX4/TREM2/C3AR1/C5AR1/CMKLR1	7
Myeloid/TAM	GO:0050921	positive regulation of chemotaxis	14/342	134/15651	0.104477611940299	4.78122545168892	6.57018962441567	1.39274854195912e-06	3.82068422135517e-05	3.82068422135517e-05	HSPB1/AIF1/CSF1R/P2RX4/CD74/LGALS9/TREM2/LGMN/RAC1/C3AR1/SPI1/CCR1/C5AR1/CMKLR1	14
Myeloid/TAM	GO:0007033	vacuole organization	18/342	218/15651	0.0825688073394495	3.77860936745534	6.17486371364993	1.4724589744649e-06	4.01360839651356e-05	4.01360839651356e-05	TPP1/VMP1/ATP6V0A1/GABARAP/ANXA2/ATP6V1F/RAB20/MCOLN1/ATP6V0B/TCIRG1/CREG1/ABCA1/ACP2/ATP6V0C/GRN/LAMP1/SCARB2/GAA	18
Myeloid/TAM	GO:0097190	apoptotic signaling pathway	29/342	495/15651	0.0585858585858586	2.68107389686337	5.68059619075706	1.47714294298606e-06	4.01360839651356e-05	4.01360839651356e-05	HSPB1/HMOX1/LTBR/CTSH/GNAI2/IL1B/SYK/P2RX4/GABARAP/CD74/PTTG1IP/S100A9/SOD2/TLR4/TREM2/PEA15/LGALS3/SPI1/GRINA/LAPTM5/PYCARD/ATF3/CLEC7A/PLAUR/S100A8/ZNF385A/BCL2A1/CEBPB/TNFRSF1B	29
Myeloid/TAM	GO:0002285	lymphocyte activation involved in immune response	16/342	176/15651	0.0909090909090909	4.16028708133971	6.30179619065764	1.61270467751846e-06	4.36118146441723e-05	4.36118146441723e-05	HLA-DRA/SLC11A1/LILRB1/TYROBP/FCGR3A/CD81/HLA-DRB1/CD74/LGALS9/LGALS1/HLA-DMB/TREM2/HAVCR2/LGALS3/SPI1/LAMP1	16
Myeloid/TAM	GO:0042102	positive regulation of T cell proliferation	11/342	83/15651	0.132530120481928	6.06499682942296	6.91510254980136	1.83066313452211e-06	4.92724709697319e-05	4.92724709697319e-05	AIF1/IL1B/CD81/LGALS9/HLA-DMB/HAVCR2/HLA-DPB1/HLA-DPA1/PYCARD/CD4/LILRB2	11
Myeloid/TAM	GO:0062207	regulation of pattern recognition receptor signaling pathway	16/342	178/15651	0.0898876404494382	4.11354228267297	6.24416425412029	1.87265756838171e-06	5.01661224656621e-05	5.01661224656621e-05	RTN4/NAGK/SYK/NINJ1/CD14/S100A9/MSR1/NR1H3/CYBA/TLR4/TREM2/SLC15A3/LYN/S100A8/PLD3/ARRB2	16
Myeloid/TAM	GO:0042119	neutrophil activation	8/342	40/15651	0.2	9.15263157894737	7.71630282376453	2.00120526151583e-06	5.31110568474852e-05	5.31110568474852e-05	TYROBP/STXBP2/SYK/ITGAM/SPI1/FCER1G/GRN/ITGB2	8
Myeloid/TAM	GO:1905521	regulation of macrophage migration	8/342	40/15651	0.2	9.15263157894737	7.71630282376453	2.00120526151583e-06	5.31110568474852e-05	5.31110568474852e-05	RTN4/CD81/CSF1R/P2RX4/TREM2/C3AR1/C5AR1/CMKLR1	8
Myeloid/TAM	GO:0002281	macrophage activation involved in immune response	6/342	19/15651	0.31578947368421	14.4515235457064	8.76875257476116	2.22314645466133e-06	5.87281188439702e-05	5.87281188439702e-05	TYROBP/IL1B/SYK/TREM2/HAVCR2/GRN	6
Myeloid/TAM	GO:0043410	positive regulation of MAPK cascade	25/342	397/15651	0.0629722921914358	2.88181095055018	5.67644175811017	2.2457700259948e-06	5.9052367595974e-05	5.9052367595974e-05	MEF2C/APOE/LTBR/ADAM9/GNAI2/IL1B/CD81/NAIP/CSF1R/CD74/MARCO/LGALS9/TREM2/SDCBP/HAVCR2/GPNMB/SPI1/CCR1/C5AR1/LAPTM5/NAMPT/PYCARD/LYN/CLEC7A/ARRB2	25
Myeloid/TAM	GO:0034162	toll-like receptor 9 signaling pathway	7/342	29/15651	0.241379310344828	11.046279491833	8.09343253539243	2.30801214017093e-06	6.01347820630836e-05	6.01347820630836e-05	RTN4/SYK/MSR1/UNC93B1/HAVCR2/LYN/PLD3	7
Myeloid/TAM	GO:0090322	regulation of superoxide metabolic process	7/342	29/15651	0.241379310344828	11.046279491833	8.09343253539243	2.30801214017093e-06	6.01347820630836e-05	6.01347820630836e-05	TYROBP/GNAI2/SYK/CYBA/ITGAM/CLEC7A/ITGB2	7
Myeloid/TAM	GO:0032371	regulation of sterol transport	9/342	55/15651	0.163636363636364	7.48851674641148	7.20471778489914	2.68181247946025e-06	6.92417285420824e-05	6.92417285420824e-05	TSPO/LRP1/APOE/PLTP/ANXA2/NR1H3/TREM2/ABCA1/APOC1	9
Myeloid/TAM	GO:0032374	regulation of cholesterol transport	9/342	55/15651	0.163636363636364	7.48851674641148	7.20471778489914	2.68181247946025e-06	6.92417285420824e-05	6.92417285420824e-05	TSPO/LRP1/APOE/PLTP/ANXA2/NR1H3/TREM2/ABCA1/APOC1	9
Myeloid/TAM	GO:0002819	regulation of adaptive immune response	16/342	184/15651	0.0869565217391304	3.97940503432494	6.07620235163326	2.89411373104391e-06	7.43865448168312e-05	7.43865448168312e-05	MEF2C/HLA-DRA/SLC11A1/LILRB1/IL1B/CD81/HLA-DRB1/LGALS9/LGALS1/TREM2/HAVCR2/LILRB4/PYCARD/CLEC7A/TNFRSF1B/CD4	16
Myeloid/TAM	GO:0001910	regulation of leukocyte mediated cytotoxicity	11/342	87/15651	0.126436781609195	5.78614640048397	6.69085790114093	2.93834124799896e-06	7.51846419779465e-05	7.51846419779465e-05	HLA-DRA/LILRB1/TYROBP/HLA-DRB1/LGALS9/HAVCR2/ITGAM/SPI1/LAMP1/ARRB2/GRB2	11
Myeloid/TAM	GO:0034341	response to type II interferon	12/342	105/15651	0.114285714285714	5.23007518796992	6.50025235287425	3.08582314447946e-06	7.86058342071421e-05	7.86058342071421e-05	SLC11A1/CXCL16/IFNGR2/AIF1/IFITM3/CD74/HCK/LGALS9/NR1H3/SIRPA/TLR4/HLA-DPA1	12
Myeloid/TAM	GO:0010721	negative regulation of cell development	17/342	208/15651	0.0817307692307692	3.74025809716599	5.94639991954173	3.31620426572463e-06	8.40989401787765e-05	8.40989401787765e-05	TSPO/TMEM176B/LILRB1/LILRB3/SPP1/RTN4/IL1B/C1QC/MAFB/LGALS1/YWHAH/TLR4/TREM2/LILRB4/LYN/TMEM176A/QKI	17
Myeloid/TAM	GO:0050864	regulation of B cell activation	12/342	106/15651	0.113207547169811	5.18073485600794	6.45515993827988	3.41245387084855e-06	8.61569105622205e-05	8.61569105622206e-05	MEF2C/TYROBP/THEMIS2/CD81/SYK/ZFP36L1/TNFSF13B/CD74/MNDA/SPI1/LAPTM5/LYN	12
Myeloid/TAM	GO:0046209	nitric oxide metabolic process	10/342	72/15651	0.138888888888889	6.35599415204678	6.80821663133522	3.50714110544339e-06	8.81574764214096e-05	8.81574764214096e-05	TSPO/APOE/DDAH2/IL1B/P2RX4/SIRPA/TLR4/RAC1/CLEC7A/ITGB2	10
Myeloid/TAM	GO:0030593	neutrophil chemotaxis	10/342	73/15651	0.136986301369863	6.26892573900505	6.74410728418394	3.98600334181026e-06	9.97549783700411e-05	9.9754978370041e-05	MPP1/SYK/CD74/S100A9/RAC1/LGALS3/C3AR1/C5AR1/S100A8/ITGB2	10
Myeloid/TAM	GO:1990266	neutrophil migration	11/342	90/15651	0.122222222222222	5.59327485380117	6.53163262217113	4.11785139308951e-06	0.000102604629034798	0.000102604629034798	RTN4/MPP1/SYK/CD74/S100A9/RAC1/LGALS3/C3AR1/C5AR1/S100A8/ITGB2	11
Myeloid/TAM	GO:0006956	complement activation	9/342	58/15651	0.155172413793103	7.10117967332123	6.95760524525191	4.23997729714669e-06	0.000104932795534191	0.000104932795534191	CFD/C1QA/A2M/IL1B/VSIG4/C1QC/FCN1/TREM2/C1QB	9
Myeloid/TAM	GO:0017157	regulation of exocytosis	15/342	168/15651	0.0892857142857143	4.0859962406015	6.01062023470296	4.27200568799379e-06	0.000104932795534191	0.000104932795534191	GNAI2/STXBP2/SYK/ANXA2/LGALS9/VAMP8/SDCBP/ITGAM/SPI1/CD84/LAMP1/LYN/ITGB2/CALM3/S100A10	15
Myeloid/TAM	GO:0002762	negative regulation of myeloid leukocyte differentiation	8/342	44/15651	0.181818181818182	8.32057416267943	7.26789392594945	4.27384512755744e-06	0.000104932795534191	0.000104932795534191	LILRB1/LILRB3/C1QC/MAFB/TLR4/LILRB4/LYN/QKI	8
Myeloid/TAM	GO:0048143	astrocyte activation	6/342	21/15651	0.285714285714286	13.0751879699248	8.27600740872005	4.28484776716902e-06	0.000104932795534191	0.000104932795534191	LRP1/C1QA/TREM2/ZEB2/GRN/C5AR1	6
Myeloid/TAM	GO:2001057	reactive nitrogen species metabolic process	10/342	74/15651	0.135135135135135	6.18421052631579	6.68118337696886	4.52056485971853e-06	0.000110232235425444	0.000110232235425444	TSPO/APOE/DDAH2/IL1B/P2RX4/SIRPA/TLR4/RAC1/CLEC7A/ITGB2	10
Myeloid/TAM	GO:0071621	granulocyte chemotaxis	12/342	109/15651	0.110091743119266	5.03814582327378	6.32322458296725	4.58239317763254e-06	0.000111264406262005	0.000111264406262005	MPP1/SYK/CSF1R/CD74/S100A9/RAC1/LGALS3/C3AR1/C5AR1/CMKLR1/S100A8/ITGB2	12
Myeloid/TAM	GO:0045429	positive regulation of nitric oxide biosynthetic process	7/342	32/15651	0.21875	10.0106907894737	7.62611369737208	4.70430936461204e-06	0.000113740632349476	0.000113740632349476	APOE/DDAH2/IL1B/P2RX4/TLR4/CLEC7A/ITGB2	7
Myeloid/TAM	GO:0097530	granulocyte migration	13/342	129/15651	0.10077519379845	4.61179110567115	6.15659311364402	4.9684834336744e-06	0.000119620955580363	0.000119620955580363	RTN4/MPP1/SYK/CSF1R/CD74/S100A9/RAC1/LGALS3/C3AR1/C5AR1/CMKLR1/S100A8/ITGB2	13
Myeloid/TAM	GO:0002690	positive regulation of leukocyte chemotaxis	11/342	92/15651	0.119565217391304	5.4716819221968	6.42940508900014	5.11729252119537e-06	0.000122686013134205	0.000122686013134205	AIF1/CSF1R/CD74/LGALS9/LGMN/RAC1/C3AR1/SPI1/CCR1/C5AR1/CMKLR1	11
Myeloid/TAM	GO:0002822	regulation of adaptive immune response based on somatic recombination of immune receptors built from immunoglobulin superfamily domains	15/342	172/15651	0.0872093023255814	3.99097307221542	5.89524812547787	5.70695001411649e-06	0.00013568273658562	0.00013568273658562	MEF2C/HLA-DRA/SLC11A1/LILRB1/IL1B/CD81/HLA-DRB1/LGALS9/LGALS1/TREM2/HAVCR2/LILRB4/CLEC7A/TNFRSF1B/CD4	15
Myeloid/TAM	GO:0070374	positive regulation of ERK1 and ERK2 cascade	15/342	172/15651	0.0872093023255814	3.99097307221542	5.89524812547787	5.70695001411649e-06	0.00013568273658562	0.00013568273658562	APOE/GNAI2/IL1B/CSF1R/CD74/MARCO/LGALS9/TREM2/HAVCR2/GPNMB/CCR1/C5AR1/NAMPT/PYCARD/ARRB2	15
Myeloid/TAM	GO:0032373	positive regulation of sterol transport	7/342	33/15651	0.212121212121212	9.707336523126	7.48387289043379	5.85970341320186e-06	0.000138163089569131	0.000138163089569131	LRP1/APOE/PLTP/ANXA2/NR1H3/TREM2/ABCA1	7
Myeloid/TAM	GO:0032376	positive regulation of cholesterol transport	7/342	33/15651	0.212121212121212	9.707336523126	7.48387289043379	5.85970341320186e-06	0.000138163089569131	0.000138163089569131	LRP1/APOE/PLTP/ANXA2/NR1H3/TREM2/ABCA1	7
Myeloid/TAM	GO:0048708	astrocyte differentiation	8/342	46/15651	0.173913043478261	7.95881006864988	7.06445763361104	6.05735085973162e-06	0.000142235572039624	0.000142235572039624	LRP1/C1QA/S100A9/TREM2/ZEB2/GRN/C5AR1/QKI	8
Myeloid/TAM	GO:1903305	regulation of regulated secretory pathway	12/342	112/15651	0.107142857142857	4.9031954887218	6.19604543282068	6.09158409990652e-06	0.00014245319210683	0.00014245319210683	GNAI2/STXBP2/SYK/LGALS9/VAMP8/ITGAM/SPI1/CD84/LAMP1/LYN/ITGB2/CALM3	12
Myeloid/TAM	GO:0015850	organic hydroxy compound transport	18/342	242/15651	0.0743801652892562	3.40387124836886	5.6328536912711	6.45793145841672e-06	0.00015040390572133	0.00015040390572133	TSPO/LRP1/APOE/LILRB1/SPP1/SYK/SLC16A3/PLTP/ANXA2/DAB2/ACTB/NPC2/MSR1/NR1H3/TREM2/ABCA1/FCER1G/APOC1	18
Myeloid/TAM	GO:0032757	positive regulation of interleukin-8 production	9/342	61/15651	0.147540983606557	6.75194132873166	6.72749091321894	6.51846990276426e-06	0.000151196704329971	0.000151196704329971	IL1B/SYK/CD74/CD14/LGALS9/FCN1/TLR4/PYCARD/CLEC7A	9
Myeloid/TAM	GO:2001233	regulation of apoptotic signaling pathway	20/342	291/15651	0.0687285223367698	3.14523421956954	5.52105934153835	6.55439593368477e-06	0.000151414506872896	0.000151414506872896	HSPB1/HMOX1/LTBR/CTSH/GNAI2/IL1B/CD74/PTTG1IP/S100A9/SOD2/TLR4/TREM2/PEA15/LGALS3/GRINA/PYCARD/ATF3/PLAUR/S100A8/ZNF385A	20
Myeloid/TAM	GO:0042063	gliogenesis	17/342	220/15651	0.0772727272727273	3.53624401913876	5.66242096328963	7.04853182943976e-06	0.000162173075075739	0.000162173075075739	TSPO/LRP1/C1QA/VCAN/RTN4/IL1B/CSF1R/P2RX4/S100A9/TREM2/ZEB2/GRN/C5AR1/LYN/QKI/TNFRSF1B/GRB2	17
Myeloid/TAM	GO:0036230	granulocyte activation	8/342	47/15651	0.170212765957447	7.78947368421053	6.96728987739008	7.16239334851516e-06	0.000164130989745492	0.000164130989745492	TYROBP/STXBP2/SYK/ITGAM/SPI1/FCER1G/GRN/ITGB2	8
Myeloid/TAM	GO:0002861	regulation of inflammatory response to antigenic stimulus	7/342	34/15651	0.205882352941176	9.421826625387	7.34757051070363	7.24156166572088e-06	0.000164622911811169	0.000164622911811169	CD81/HLA-DRB1/SYK/HCK/GNAS/TREM2/LYN	7
Myeloid/TAM	GO:0038094	Fc-gamma receptor signaling pathway	7/342	34/15651	0.205882352941176	9.421826625387	7.34757051070363	7.24156166572088e-06	0.000164622911811169	0.000164622911811169	FCGR3A/SYK/FCGR2A/HCK/FCGR1A/FCER1G/LYN	7
Myeloid/TAM	GO:0002468	dendritic cell antigen processing and presentation	5/342	14/15651	0.357142857142857	16.343984962406	8.58464373242992	8.23659038688e-06	0.000186499939474354	0.000186499939474354	HLA-DRA/SLC11A1/HLA-DRB1/CD68/CD74	5
Myeloid/TAM	GO:0031341	regulation of cell killing	11/342	97/15651	0.11340206185567	5.18963646228974	6.18639965327829	8.59280326373455e-06	0.000193796582699088	0.000193796582699088	HLA-DRA/LILRB1/TYROBP/HLA-DRB1/LGALS9/HAVCR2/ITGAM/SPI1/LAMP1/ARRB2/GRB2	11
Myeloid/TAM	GO:0051048	negative regulation of secretion	13/342	137/15651	0.0948905109489051	4.342489435267	5.87307092723243	9.64377092106719e-06	0.000216643137305549	0.000216643137305549	TSPO/UCP2/APOE/LILRB1/GNAI2/IL1B/CD74/LGALS9/NR1H3/VAMP8/SPI1/CD84/TNFRSF1B	13
Myeloid/TAM	GO:0045638	negative regulation of myeloid cell differentiation	9/342	64/15651	0.140625	6.43544407894737	6.51239244368517	9.77307941050817e-06	0.000218687023985724	0.000218687023985724	LILRB1/LILRB3/C1QC/ZFP36L1/MAFB/TLR4/LILRB4/LYN/QKI	9
Myeloid/TAM	GO:0032637	interleukin-8 production	10/342	81/15651	0.123456790123457	5.64977257959714	6.27085455086145	1.03244143743563e-05	0.000229108383369485	0.000229108383369485	ANXA4/IL1B/SYK/CD74/CD14/LGALS9/FCN1/TLR4/PYCARD/CLEC7A	10
Myeloid/TAM	GO:0032677	regulation of interleukin-8 production	10/342	81/15651	0.123456790123457	5.64977257959714	6.27085455086145	1.03244143743563e-05	0.000229108383369485	0.000229108383369485	ANXA4/IL1B/SYK/CD74/CD14/LGALS9/FCN1/TLR4/PYCARD/CLEC7A	10
Myeloid/TAM	GO:0045765	regulation of angiogenesis	19/342	275/15651	0.0690909090909091	3.16181818181818	5.40580828224595	1.0359264442574e-05	0.000229108383369485	0.000229108383369485	HSPB1/HMOX1/CYBB/EPN1/RHOB/RTN4/IL1B/STAB1/PLXND1/GLUL/NINJ1/GPNMB/C3AR1/GRN/C5AR1/EMILIN2/QKI/PKM/ITGB2	19
Myeloid/TAM	GO:0008360	regulation of cell shape	12/342	118/15651	0.101694915254237	4.65388046387154	5.95476298814321	1.04665478211113e-05	0.000229700468720235	0.000229700468720235	ARHGAP18/ARAP1/CYFIP1/LST1/CSF1R/PLXND1/FMNL2/HCK/RAC1/FN1/ITGB2/EPB41L3	12
Myeloid/TAM	GO:0050868	negative regulation of T cell activation	12/342	118/15651	0.101694915254237	4.65388046387154	5.95476298814321	1.04665478211113e-05	0.000229700468720235	0.000229700468720235	LILRB1/VSIG4/HLA-DRB1/LGALS9/LGALS1/HAVCR2/GPNMB/LGALS3/LILRB4/LAPTM5/CEBPB/LILRB2	12
Myeloid/TAM	GO:0032689	negative regulation of type II interferon production	7/342	36/15651	0.194444444444444	8.8983918128655	7.09113481860362	1.08227221450794e-05	0.000236607097930357	0.000236607097930357	LILRB1/HLA-DRB1/LGALS9/TLR4/HAVCR2/LILRB4/LAPTM5	7
Myeloid/TAM	GO:0072583	clathrin-dependent endocytosis	8/342	50/15651	0.16	7.32210526315789	6.69217545525716	1.15507426068765e-05	0.000251559302728387	0.000251559302728387	SIGLEC1/DAB2/AP2A2/CLTA/BMP2K/GAS7/CLTC/AP2S1	8
Myeloid/TAM	GO:0002430	complement receptor mediated signaling pathway	5/342	15/15651	0.333333333333333	15.2543859649123	8.25520999122564	1.2134074897429e-05	0.000263258674390607	0.000263258674390607	FPR3/ITGAM/C3AR1/C5AR1/CMKLR1	5
Myeloid/TAM	GO:1903531	negative regulation of secretion by cell	12/342	120/15651	0.1	4.57631578947368	5.8779188470666	1.24389033778627e-05	0.000268849934371533	0.000268849934371533	TSPO/UCP2/APOE/LILRB1/GNAI2/IL1B/LGALS9/NR1H3/VAMP8/SPI1/CD84/TNFRSF1B	12
Myeloid/TAM	GO:0006576	biogenic amine metabolic process	9/342	66/15651	0.136363636363636	6.24043062200957	6.37649983297578	1.26406836281855e-05	0.000271156920234686	0.000271156920234686	SULT1A1/OAZ1/SMS/ALDH2/ITGAM/SAT1/COMT/HNMT/ITGB2	9
Myeloid/TAM	GO:0070527	platelet aggregation	9/342	66/15651	0.136363636363636	6.24043062200957	6.37649983297578	1.26406836281855e-05	0.000271156920234686	0.000271156920234686	HSPB1/PLEK/TLN1/RAP2B/SYK/ACTB/GNAS/EMILIN2/LYN	9
Myeloid/TAM	GO:0010875	positive regulation of cholesterol efflux	6/342	25/15651	0.24	10.9831578947368	7.46639301986359	1.29882814352599e-05	0.000276534081602959	0.000276534081602959	LRP1/APOE/PLTP/NR1H3/TREM2/ABCA1	6
Myeloid/TAM	GO:0051043	regulation of membrane protein ectodomain proteolysis	6/342	25/15651	0.24	10.9831578947368	7.46639301986359	1.29882814352599e-05	0.000276534081602959	0.000276534081602959	APOE/ADAM9/IL1B/TIMP1/TNFRSF1B/TIMP2	6
Myeloid/TAM	GO:0030301	cholesterol transport	11/342	102/15651	0.107843137254902	4.93524251805986	5.95960078142798	1.3966034100495e-05	0.000295148853990461	0.000295148853990461	TSPO/LRP1/APOE/PLTP/ANXA2/NPC2/MSR1/NR1H3/TREM2/ABCA1/APOC1	11
Myeloid/TAM	GO:1902106	negative regulation of leukocyte differentiation	11/342	102/15651	0.107843137254902	4.93524251805986	5.95960078142798	1.3966034100495e-05	0.000295148853990461	0.000295148853990461	TMEM176B/LILRB1/LILRB3/C1QC/MAFB/LGALS1/TLR4/LILRB4/LYN/TMEM176A/QKI	11
Myeloid/TAM	GO:1901342	regulation of vasculature development	19/342	282/15651	0.0673758865248227	3.08333333333333	5.27663828181278	1.47765420244623e-05	0.000311125272293661	0.000311125272293661	HSPB1/HMOX1/CYBB/EPN1/RHOB/RTN4/IL1B/STAB1/PLXND1/GLUL/NINJ1/GPNMB/C3AR1/GRN/C5AR1/EMILIN2/QKI/PKM/ITGB2	19
Myeloid/TAM	GO:0002763	positive regulation of myeloid leukocyte differentiation	8/342	52/15651	0.153846153846154	7.04048582995951	6.52111674230425	1.55870251684921e-05	0.000324596954786189	0.000324596954786189	TYROBP/CORO1C/HLA-DRB1/ZFP36L1/CD74/TREM2/CCR1/CD4	8
Myeloid/TAM	GO:0032615	interleukin-12 production	8/342	52/15651	0.153846153846154	7.04048582995951	6.52111674230425	1.55870251684921e-05	0.000324596954786189	0.000324596954786189	LILRB1/SYK/LGALS9/TLR4/LAPTM5/CLEC7A/CMKLR1/ARRB2	8
Myeloid/TAM	GO:0032655	regulation of interleukin-12 production	8/342	52/15651	0.153846153846154	7.04048582995951	6.52111674230425	1.55870251684921e-05	0.000324596954786189	0.000324596954786189	LILRB1/SYK/LGALS9/TLR4/LAPTM5/CLEC7A/CMKLR1/ARRB2	8
Myeloid/TAM	GO:0032733	positive regulation of interleukin-10 production	7/342	38/15651	0.184210526315789	8.43005540166205	6.85389556964228	1.57593341601998e-05	0.000326991857156728	0.000326991857156728	RBM47/SYK/LGALS9/TLR4/TREM2/PYCARD/CLEC7A	7
Myeloid/TAM	GO:0030168	platelet activation	12/342	123/15651	0.0975609756097561	4.46469833119384	5.76576627901736	1.6006031111095e-05	0.000330907295361985	0.000330907295361985	HSPB1/PLEK/APOE/TLN1/RAP2B/SYK/ACTB/GNAS/TLR4/FCER1G/EMILIN2/LYN	12
Myeloid/TAM	GO:0002862	negative regulation of inflammatory response to antigenic stimulus	6/342	26/15651	0.230769230769231	10.5607287449393	7.29229904558007	1.65760011130126e-05	0.000341453654696209	0.000341453654696209	HLA-DRB1/SYK/HCK/GNAS/TREM2/LYN	6
Myeloid/TAM	GO:0007596	blood coagulation	16/342	212/15651	0.0754716981132075	3.45382323733863	5.37648494628377	1.75969811652082e-05	0.000361181203340568	0.000361181203340568	HSPB1/PLEK/APOE/TLN1/RAP2B/SYK/SERPINA1/ACTB/GNAS/TLR4/FN1/FCER1G/EMILIN2/LYN/PLAUR/ANXA5	16
Myeloid/TAM	GO:0033344	cholesterol efflux	8/342	53/15651	0.150943396226415	6.90764647467726	6.4389460696959	1.80127432795488e-05	0.000368389652878513	0.000368389652878513	LRP1/APOE/PLTP/NPC2/NR1H3/TREM2/ABCA1/APOC1	8
Myeloid/TAM	GO:1903707	negative regulation of hemopoiesis	11/342	105/15651	0.104761904761905	4.79423558897243	5.83050837600209	1.84266124862737e-05	0.000375508038738135	0.000375508038738135	TMEM176B/LILRB1/LILRB3/C1QC/MAFB/LGALS1/TLR4/LILRB4/LYN/TMEM176A/QKI	11
Myeloid/TAM	GO:0015918	sterol transport	11/342	106/15651	0.10377358490566	4.74900695134062	5.78856117743257	2.01650940101651e-05	0.000409473403637018	0.000409473403637018	TSPO/LRP1/APOE/PLTP/ANXA2/NPC2/MSR1/NR1H3/TREM2/ABCA1/APOC1	11
Myeloid/TAM	GO:0046718	symbiont entry into host cell	12/342	126/15651	0.0952380952380952	4.35839598997494	5.65715636966494	2.04355277896124e-05	0.000413493338891944	0.000413493338891944	ITGB5/LRP1/CD81/SIGLEC1/CTSL/LGALS9/LGALS1/VAMP8/LAMP1/CTSB/SCARB2/CD4	12
Myeloid/TAM	GO:0002767	immune response-inhibiting cell surface receptor signaling pathway	6/342	27/15651	0.222222222222222	10.1695906432749	7.12742288782588	2.09224203129581e-05	0.000420744906781458	0.000420744906781458	LILRB1/LILRB3/LAIR1/LILRB4/LYN/LILRB2	6
Myeloid/TAM	GO:0050817	coagulation	16/342	215/15651	0.0744186046511628	3.40563035495716	5.30857005132904	2.09413868780116e-05	0.000420744906781458	0.000420744906781458	HSPB1/PLEK/APOE/TLN1/RAP2B/SYK/SERPINA1/ACTB/GNAS/TLR4/FN1/FCER1G/EMILIN2/LYN/PLAUR/ANXA5	16
Myeloid/TAM	GO:0097306	cellular response to alcohol	10/342	88/15651	0.113636363636364	5.20035885167464	5.90578843597832	2.16733541007652e-05	0.000433923363154267	0.000433923363154267	FBP1/CYBB/CTNNA1/SOD2/GNAS/CYBA/ABCA1/SPI1/GNB1/FOS	10
Myeloid/TAM	GO:0007015	actin filament organization	24/342	425/15651	0.0564705882352941	2.58427244582043	4.94912284280623	2.22510439420087e-05	0.000443931666898956	0.000443931666898956	ITGB5/ARHGAP18/ARAP1/PLEK/TPM4/AIF1/CYFIP1/RHOB/TMSB10/CORO1C/RHOA/GSN/HCK/RAC1/CCDC88A/LIMS1/ZEB2/ARPC1B/MARCKS/MYO5A/PYCARD/ZYX/COTL1/S100A10	24
Myeloid/TAM	GO:0031663	lipopolysaccharide-mediated signaling pathway	8/342	55/15651	0.145454545454545	6.65645933014354	6.28081805568008	2.38227988634075e-05	0.000473633764162381	0.000473633764162381	LY96/HCK/PTAFR/CD14/SIRPA/TLR4/SPI1/LYN	8
Myeloid/TAM	GO:0002523	leukocyte migration involved in inflammatory response	5/342	17/15651	0.294117647058824	13.4597523219814	7.68237723137366	2.41184351505658e-05	0.000477846496420585	0.000477846496420585	RTN4/NINJ1/S100A9/S100A8/ITGB2	5
Myeloid/TAM	GO:0007162	negative regulation of cell adhesion	18/342	267/15651	0.0674157303370786	3.08515671200473	5.13637244996254	2.45963506088318e-05	0.000485628984685101	0.000485628984685101	LILRB1/TGFBI/VSIG4/CORO1C/HLA-DRB1/PLXND1/RHOA/LGALS9/LGALS1/HAVCR2/GPNMB/LGALS3/SPI1/LILRB4/LAPTM5/DUSP1/CEBPB/LILRB2	18
Myeloid/TAM	GO:0007599	hemostasis	16/342	218/15651	0.073394495412844	3.35876388218252	5.24184711811277	2.48383011842014e-05	0.00048871498812777	0.00048871498812777	HSPB1/PLEK/APOE/TLN1/RAP2B/SYK/SERPINA1/ACTB/GNAS/TLR4/FN1/FCER1G/EMILIN2/LYN/PLAUR/ANXA5	16
Myeloid/TAM	GO:1903038	negative regulation of leukocyte cell-cell adhesion	12/342	129/15651	0.0930232558139535	4.25703794369645	5.55188735681674	2.58974388644252e-05	0.000507803388867389	0.000507803388867389	LILRB1/VSIG4/HLA-DRB1/LGALS9/LGALS1/HAVCR2/GPNMB/LGALS3/LILRB4/LAPTM5/CEBPB/LILRB2	12
Myeloid/TAM	GO:0002765	immune response-inhibiting signal transduction	6/342	28/15651	0.214285714285714	9.80639097744361	6.9709436909828	2.6141947182101e-05	0.000510842296647495	0.000510842296647495	LILRB1/LILRB3/LAIR1/LILRB4/LYN/LILRB2	6
Myeloid/TAM	GO:0045824	negative regulation of innate immune response	10/342	90/15651	0.111111111111111	5.08479532163743	5.80857519458467	2.64293502571723e-05	0.000514695810810325	0.000514695810810325	LILRB1/A2M/VSIG4/LGALS9/NR1H3/HAVCR2/GRN/SAMHD1/ARRB2/GRB2	10
Myeloid/TAM	GO:0050851	antigen receptor-mediated signaling pathway	15/342	196/15651	0.076530612244898	3.50228249194415	5.26898158423529	2.73213117620695e-05	0.000530256479300573	0.000530256479300573	MEF2C/THEMIS2/CD81/HLA-DRB1/SYK/MNDA/HLA-DQB1/SPG21/LGALS3/HLA-DPB1/LILRB4/LAPTM5/LYN/CD4/GRB2	15
Myeloid/TAM	GO:0007160	cell-matrix adhesion	16/342	220/15651	0.0727272727272727	3.32822966507177	5.19800790593168	2.77809638878603e-05	0.000537349762522477	0.000537349762522477	ITGB5/TLN1/ADAM9/CORO1C/SIGLEC1/LYVE1/RHOA/ITGAM/RAC1/FN1/LIMS1/ZYX/PLAUR/CD63/ITGB2/S100A10	16
Myeloid/TAM	GO:0034109	homotypic cell-cell adhesion	10/342	91/15651	0.10989010989011	5.02891844997108	5.76104395967441	2.9125087829983e-05	0.000561445105263119	0.000561445105263119	HSPB1/PLEK/TLN1/RAP2B/SYK/ACTB/GNAS/EMILIN2/LYN/PLAUR	10
Myeloid/TAM	GO:0044409	symbiont entry into host	12/342	131/15651	0.0916030534351145	4.19204499799116	5.4834717039325	3.02078496002328e-05	0.000580356868077201	0.000580356868077201	ITGB5/LRP1/CD81/SIGLEC1/CTSL/LGALS9/LGALS1/VAMP8/LAMP1/CTSB/SCARB2/CD4	12
Myeloid/TAM	GO:0032633	interleukin-4 production	6/342	29/15651	0.206896551724138	9.46823956442831	6.822140043382	3.23594954539088e-05	0.000617536057056869	0.000617536057056869	HLA-DRB1/SYK/LGALS9/HAVCR2/FCER1G/CEBPB	6
Myeloid/TAM	GO:0032673	regulation of interleukin-4 production	6/342	29/15651	0.206896551724138	9.46823956442831	6.822140043382	3.23594954539088e-05	0.000617536057056869	0.000617536057056869	HLA-DRB1/SYK/LGALS9/HAVCR2/FCER1G/CEBPB	6
Myeloid/TAM	GO:0034163	regulation of toll-like receptor 9 signaling pathway	5/342	18/15651	0.277777777777778	12.7119883040936	7.43091906366867	3.27987922201749e-05	0.000621760493050891	0.000621760493050891	RTN4/SYK/MSR1/LYN/PLD3	5
Myeloid/TAM	GO:0097401	synaptic vesicle lumen acidification	5/342	18/15651	0.277777777777778	12.7119883040936	7.43091906366867	3.27987922201749e-05	0.000621760493050891	0.000621760493050891	ATP6V1B2/ATP6V0A1/ATP6V1F/ATP6V0D1/ATP6V0C	5
Myeloid/TAM	GO:0009620	response to fungus	8/342	58/15651	0.137931034482759	6.31215970961887	6.05783016371007	3.54289909654359e-05	0.000664992837002557	0.000664992837002557	HAMP/SYK/S100A9/TLR4/SPI1/COTL1/CLEC7A/S100A8	8
Myeloid/TAM	GO:0045806	negative regulation of endocytosis	8/342	58/15651	0.137931034482759	6.31215970961887	6.05783016371007	3.54289909654359e-05	0.000664992837002557	0.000664992837002557	LILRB1/ANXA2/NR1H3/SIRPA/SDCBP/RAC1/LGALS3/APOC1	8
Myeloid/TAM	GO:0048678	response to axon injury	8/342	58/15651	0.137931034482759	6.31215970961887	6.05783016371007	3.54289909654359e-05	0.000664992837002557	0.000664992837002557	TSPO/TYROBP/SPP1/CTNNA1/P2RX4/TREM2/GRN/LYN	8
Myeloid/TAM	GO:0034381	plasma lipoprotein particle clearance	7/342	43/15651	0.162790697674419	7.44981640146879	6.33001536737626	3.6638612446172e-05	0.000685442369238876	0.000685442369238876	HMOX1/APOE/LIPA/ANXA2/MSR1/TREM2/APOC1	7
Myeloid/TAM	GO:0090025	regulation of monocyte chemotaxis	6/342	30/15651	0.2	9.15263157894737	6.68037497410637	3.97107784831913e-05	0.000740489222304214	0.000740489222304213	AIF1/NINJ1/LGMN/CCR1/LYN/DUSP1	6
Myeloid/TAM	GO:0009308	amine metabolic process	9/342	76/15651	0.118421052631579	5.41932132963989	5.77225038337986	4.01727542441842e-05	0.000746663634258355	0.000746663634258355	SULT1A1/OAZ1/SMS/ALDH2/ITGAM/SAT1/COMT/HNMT/ITGB2	9
Myeloid/TAM	GO:0045657	positive regulation of monocyte differentiation	4/342	10/15651	0.4	18.3052631578947	8.1816851407517	4.23965240010523e-05	0.000782895035436908	0.000782895035436908	HLA-DRB1/ZFP36L1/CD74/CD4	4
Myeloid/TAM	GO:1900426	positive regulation of defense response to bacterium	4/342	10/15651	0.4	18.3052631578947	8.1816851407517	4.23965240010523e-05	0.000782895035436908	0.000782895035436908	CYBA/HAVCR2/GRN/EMILIN2	4
Myeloid/TAM	GO:0048259	regulation of receptor-mediated endocytosis	11/342	115/15651	0.0956521739130435	4.37734553775744	5.43314908404482	4.33464233910094e-05	0.00079785384473903	0.00079785384473903	HAMP/ARAP1/SYK/ANXA2/DAB2/SDCBP/RAC1/BMP2K/CD63/APOC1/ARRB2	11
Myeloid/TAM	GO:0045766	positive regulation of angiogenesis	13/342	158/15651	0.0822784810126582	3.76532311792139	5.2215985587358	4.42462982373434e-05	0.000811798642258139	0.000811798642258139	HSPB1/HMOX1/CYBB/RHOB/RTN4/IL1B/NINJ1/C3AR1/GRN/C5AR1/EMILIN2/PKM/ITGB2	13
Myeloid/TAM	GO:0050728	negative regulation of inflammatory response	13/342	159/15651	0.0817610062893082	3.74164184045018	5.19340688939768	4.72535234170208e-05	0.000864194245568976	0.000864194245568976	APOE/IL1B/HLA-DRB1/SYK/HCK/GNAS/METRNL/NR1H3/SIRPA/TREM2/GRN/LYN/TNFRSF1B	13
Myeloid/TAM	GO:0097006	regulation of plasma lipoprotein particle levels	9/342	78/15651	0.115384615384615	5.28036437246964	5.6642017330681	4.94926495137395e-05	0.000902252581870279	0.000902252581870279	HMOX1/APOE/LIPA/PLTP/ANXA2/MSR1/TREM2/ABCA1/APOC1	9
Myeloid/TAM	GO:0016050	vesicle organization	21/342	363/15651	0.0578512396694215	2.647455415398	4.7466636457015	5.1413201999822e-05	0.000934279396850269	0.000934279396850268	ATP6V1B2/APOE/CORO1C/ATP6V0A1/ANXA2/ATP6V1F/RAB20/ATP6V0B/VAMP8/SDCBP/ATP6V0D1/ABCA1/VTI1B/ATP6V0C/AP1B1/ZEB2/PLD3/RAB32/AP1S2/S100A10/SCARB2	21
Myeloid/TAM	GO:0043122	regulation of canonical NF-kappaB signal transduction	19/342	311/15651	0.0610932475884244	2.79581993569132	4.7810921640554	5.67168925745178e-05	0.00102738599692127	0.00102738599692127	HSPB1/HMOX1/LTBR/ANXA4/IL1B/RHOA/CD74/LGALS9/LGALS1/SIRPA/TLR4/TREM2/SPI1/LIMS1/LILRB4/NAMPT/PYCARD/CLEC7A/ARRB2	19
Myeloid/TAM	GO:1904018	positive regulation of vasculature development	13/342	162/15651	0.0802469135802469	3.67235217673814	5.11018144877827	5.73684938583456e-05	0.00103558570256295	0.00103558570256295	HSPB1/HMOX1/CYBB/RHOB/RTN4/IL1B/NINJ1/C3AR1/GRN/C5AR1/EMILIN2/PKM/ITGB2	13
Myeloid/TAM	GO:0032480	negative regulation of type I interferon production	7/342	46/15651	0.152173913043478	6.96395881006865	6.05450269898019	5.75325390312748e-05	0.00103558570256295	0.00103558570256295	LILRB1/TYROBP/SIGLEC1/SIRPA/HAVCR2/PYCARD/QKI	7
Myeloid/TAM	GO:0034165	positive regulation of toll-like receptor 9 signaling pathway	4/342	11/15651	0.363636363636364	16.6411483253589	7.75610027314749	6.54765235453026e-05	0.00117118822366613	0.00117118822366613	RTN4/SYK/MSR1/LYN	4
Myeloid/TAM	GO:0071639	positive regulation of monocyte chemotactic protein-1 production	4/342	11/15651	0.363636363636364	16.6411483253589	7.75610027314749	6.54765235453026e-05	0.00117118822366613	0.00117118822366613	IL1B/SYK/LGALS9/CLEC7A	4
Myeloid/TAM	GO:0072659	protein localization to plasma membrane	17/342	262/15651	0.0648854961832061	2.96936520691041	4.80472481689905	6.65430252882439e-05	0.001186545319671	0.001186545319671	LRP1/RAB10/CD81/DAB2/ACTB/TREM2/VAMP8/VAMP5/LGALS3/CCDC88A/VTI1B/RAB31/MYO5A/S100A10/CLTC/EPB41L3/EHD4	17
Myeloid/TAM	GO:0002706	regulation of lymphocyte mediated immunity	13/342	165/15651	0.0787878787878788	3.60558213716108	5.0289107176167	6.93151123867199e-05	0.0012321247080331	0.0012321247080331	HLA-DRA/LILRB1/IL1B/CD81/HLA-DRB1/LGALS9/TREM2/HAVCR2/LILRB4/LAMP1/TNFRSF1B/ARRB2/GRB2	13
Myeloid/TAM	GO:0050878	regulation of body fluid levels	19/342	316/15651	0.060126582278481	2.75158227848101	4.70141952039056	7.01955994449979e-05	0.00124390090196633	0.00124390090196633	HSPB1/PLEK/APOE/TLN1/RAP2B/GNAI2/SYK/SERPINA1/ACTB/GNAS/NR1H3/TLR4/VAMP8/FN1/FCER1G/EMILIN2/LYN/PLAUR/ANXA5	19
Myeloid/TAM	GO:0060341	regulation of cellular localization	25/342	487/15651	0.0513347022587269	2.34923808494542	4.52108837811938	7.19019272672238e-05	0.00127019317952563	0.00127019317952563	UCP2/LRP1/NEAT1/OAZ1/IL1B/CD81/HLA-DRB1/P2RX4/GABARAP/ANXA2/DAB2/GSN/ACTB/GNAS/TREM2/VAMP8/ITGAM/RAC1/LGALS3/VTI1B/LAMP1/ITGB2/CLTC/EPB41L3/CD4	25
Myeloid/TAM	GO:0002704	negative regulation of leukocyte mediated immunity	8/342	64/15651	0.125	5.7203947368421	5.65566724060109	7.30175123542489e-05	0.00128196284767183	0.00128196284767183	LILRB1/LGALS9/HAVCR2/SPI1/CD84/LILRB4/ARRB2/GRB2	8
Myeloid/TAM	GO:0140895	cell surface toll-like receptor signaling pathway	8/342	64/15651	0.125	5.7203947368421	5.65566724060109	7.30175123542489e-05	0.00128196284767183	0.00128196284767183	LY96/NINJ1/CD14/NR1H3/CYBA/TLR4/TREM2/LYN	8
Myeloid/TAM	GO:0002228	natural killer cell mediated immunity	9/342	82/15651	0.109756097560976	5.02278562259307	5.45883878576682	7.36762625533511e-05	0.00128393084261746	0.00128393084261746	LILRB1/TYROBP/FCGR3A/LGALS9/HAVCR2/PLEKHM2/LAMP1/ARRB2/GRB2	9
Myeloid/TAM	GO:0007039	protein catabolic process in the vacuole	5/342	21/15651	0.238095238095238	10.8959899749373	6.78244401272958	7.3804647104544e-05	0.00128393084261746	0.00128393084261746	LRP1/CTSH/CD81/TCIRG1/LAPTM5	5
Myeloid/TAM	GO:0098883	synapse pruning	5/342	21/15651	0.238095238095238	10.8959899749373	6.78244401272958	7.3804647104544e-05	0.00128393084261746	0.00128393084261746	C1QA/C1QC/TREM2/ITGAM/C1QB	5
Myeloid/TAM	GO:0002832	negative regulation of response to biotic stimulus	11/342	122/15651	0.0901639344262295	4.12618636755824	5.18107462590854	7.46472654963698e-05	0.00129464223988537	0.00129464223988537	LILRB1/A2M/VSIG4/LGALS9/NR1H3/SIRPA/HAVCR2/GRN/SAMHD1/ARRB2/GRB2	11
Myeloid/TAM	GO:0043068	positive regulation of programmed cell death	24/342	460/15651	0.0521739130434783	2.38764302059497	4.51502648349091	7.81151396667618e-05	0.00135068177860164	0.00135068177860164	MEF2C/TSPO/LILRB1/LTBR/CTSH/RHOB/GSN/MNDA/S100A9/SOD2/LGALS9/LGALS1/TLR4/GRN/EMILIN2/LAPTM5/PYCARD/ATF3/LYN/DUSP1/S100A8/CTSD/BCL2A1/TNFRSF1B	24
Myeloid/TAM	GO:1901136	carbohydrate derivative catabolic process	16/342	241/15651	0.0663900414937759	3.0382179515178	4.7660065697914	8.3038500691188e-05	0.00143147336841063	0.00143147336841063	UCP2/GNS/FBP1/HK3/ADA2/NAGK/CTSL/LYVE1/CST3/NAGA/TYMP/HEXA/SAMHD1/NPL/PKM/SCARB2	16
Myeloid/TAM	GO:0030224	monocyte differentiation	6/342	34/15651	0.176470588235294	8.07585139318885	6.17328275056085	8.35592663542682e-05	0.00143611196932968	0.00143611196932968	IL1B/HLA-DRB1/CSF1R/ZFP36L1/CD74/CD4	6
Myeloid/TAM	GO:0031667	response to nutrient levels	23/342	433/15651	0.0531177829099307	2.43083748632551	4.51286435955246	8.42007911161553e-05	0.00144279193426061	0.00144279193426061	TSPO/UCP2/APOE/FBP1/CYBB/SPP1/GNAI2/CD68/FOLR2/GABARAP/PDK4/PLIN2/SOD2/ACSL1/CYBA/VAMP8/ABCA1/ZEB2/ATF3/NENF/FOS/DRAM1/CD4	23
Myeloid/TAM	GO:0042304	regulation of fatty acid biosynthetic process	7/342	49/15651	0.142857142857143	6.53759398496241	5.80264265125525	8.72928478482787e-05	0.00149129637671341	0.00149129637671341	IL1B/PDK4/CD74/NR1H3/FABP5/NME2/APOC1	7
Myeloid/TAM	GO:1903532	positive regulation of secretion by cell	17/342	268/15651	0.0634328358208955	2.90288688138256	4.69630897122813	8.79343065559279e-05	0.00149765026085578	0.00149765026085578	ADAM9/SPP1/IL1B/HLA-DRB1/P2RX4/ANXA2/DAB2/GNAS/TLR4/TREM2/VAMP8/SDCBP/ITGAM/RAC1/LAMP1/ITGB2/S100A10	17
Myeloid/TAM	GO:0043269	regulation of monoatomic ion transport	20/342	349/15651	0.0573065902578797	2.62253053838033	4.58171748739387	8.81897104184267e-05	0.00149765026085578	0.00149765026085578	HAMP/TSPO/UCP2/LILRB1/CTSS/GNAI2/VMP1/P2RX4/YWHAH/TREM2/LGALS3/CCR1/CD84/GNB2/LYN/GSTO1/CD63/CALM3/CD4/LILRB2	20
Myeloid/TAM	GO:0030336	negative regulation of cell migration	17/342	269/15651	0.0631970260223048	2.89209548033653	4.67853192412739	9.20339672618955e-05	0.00155829619346105	0.00155829619346105	MEF2C/LRP1/HMOX1/APOE/RAP2B/AIF1/RHOB/CORO1C/RHOA/CD74/ENG/RAC1/ZEB2/EMILIN2/TIMP1/DUSP1/CD63	17
Myeloid/TAM	GO:0043065	positive regulation of apoptotic process	23/342	436/15651	0.0527522935779817	2.41411154031869	4.47597595902067	9.33787207616479e-05	0.00157436573868427	0.00157436573868428	MEF2C/TSPO/LILRB1/LTBR/CTSH/RHOB/GSN/MNDA/S100A9/SOD2/LGALS9/LGALS1/TLR4/GRN/EMILIN2/PYCARD/ATF3/LYN/DUSP1/S100A8/CTSD/BCL2A1/TNFRSF1B	23
Myeloid/TAM	GO:0043304	regulation of mast cell degranulation	5/342	22/15651	0.227272727272727	10.4007177033493	6.59482944904003	9.38107870929992e-05	0.00157436573868427	0.00157436573868428	STXBP2/LGALS9/VAMP8/CD84/LYN	5
Myeloid/TAM	GO:0048268	clathrin coat assembly	5/342	22/15651	0.227272727272727	10.4007177033493	6.59482944904003	9.38107870929992e-05	0.00157436573868427	0.00157436573868428	DAB2/CLTA/GAS7/CLTC/AP2S1	5
Myeloid/TAM	GO:0002679	respiratory burst involved in defense response	4/342	12/15651	0.333333333333333	15.2543859649123	7.38297605045522	9.6525689811985e-05	0.00161045493002101	0.00161045493002101	HCK/S100A9/TREM2/GRN	4
Myeloid/TAM	GO:0097067	cellular response to thyroid hormone stimulus	4/342	12/15651	0.333333333333333	15.2543859649123	7.38297605045522	9.6525689811985e-05	0.00161045493002101	0.00161045493002101	CTSS/CTSH/CTSL/CTSB	4
Myeloid/TAM	GO:0007249	canonical NF-kappaB signal transduction	19/342	324/15651	0.058641975308642	2.68364197530864	4.57710087066424	9.77130894591747e-05	0.00162551279432668	0.00162551279432668	HSPB1/HMOX1/LTBR/ANXA4/IL1B/RHOA/CD74/LGALS9/LGALS1/SIRPA/TLR4/TREM2/SPI1/LIMS1/LILRB4/NAMPT/PYCARD/CLEC7A/ARRB2	19
Myeloid/TAM	GO:0006968	cellular defense response	7/342	50/15651	0.14	6.40684210526316	5.72333653445361	9.9622958003856e-05	0.00164767709672464	0.00164767709672464	TYROBP/LY96/MNDA/TCIRG1/NCF2/C5AR1/LILRB2	7
Myeloid/TAM	GO:0071622	regulation of granulocyte chemotaxis	7/342	50/15651	0.14	6.40684210526316	5.72333653445361	9.9622958003856e-05	0.00164767709672464	0.00164767709672464	MPP1/CSF1R/CD74/RAC1/C3AR1/C5AR1/CMKLR1	7
Myeloid/TAM	GO:0002705	positive regulation of leukocyte mediated immunity	11/342	126/15651	0.0873015873015873	3.99519632414369	5.04535320257244	0.0001000214945116	0.00164948742104969	0.00164948742104969	HLA-DRA/TYROBP/IL1B/CD81/HLA-DRB1/TREM2/ITGAM/SPI1/LAMP1/CLEC7A/ITGB2	11
Myeloid/TAM	GO:0045862	positive regulation of proteolysis	8/342	67/15651	0.119402985074627	5.46425765907306	5.47323375124829	0.000101657416826643	0.00167163464095915	0.00167163464095915	APOE/ADAM9/IL1B/ANXA2/GSN/GRN/S100A10/TNFRSF1B	8
Myeloid/TAM	GO:0071346	cellular response to type II interferon	8/342	68/15651	0.117647058823529	5.38390092879257	5.41485042402291	0.000113052186519081	0.00185295529552658	0.00185295529552658	IFNGR2/AIF1/HCK/LGALS9/NR1H3/SIRPA/TLR4/HLA-DPA1	8
Myeloid/TAM	GO:0002548	monocyte chemotaxis	7/342	51/15651	0.137254901960784	6.281217750258	5.64616643075882	0.000113333578362912	0.00185295529552658	0.00185295529552658	AIF1/NINJ1/LGMN/LGALS3/CCR1/LYN/DUSP1	7
Myeloid/TAM	GO:0034612	response to tumor necrosis factor	14/342	198/15651	0.0707070707070707	3.235778841042	4.73207748176424	0.000118399695994005	0.00193025332954798	0.00193025332954798	CXCL16/ADAM9/ANXA4/SYK/NAIP/ZFP36L1/TNFSF13B/ASAH1/CYBA/LIMS1/LAPTM5/PYCARD/FOS/TNFRSF1B	14
Myeloid/TAM	GO:0010959	regulation of metal ion transport	18/342	302/15651	0.0596026490066225	2.72760543743465	4.53111206201762	0.00012123402048188	0.00197082997398749	0.00197082997398749	HAMP/TSPO/UCP2/LILRB1/GNAI2/P2RX4/YWHAH/TREM2/LGALS3/CCR1/CD84/GNB2/LYN/GSTO1/CD63/CALM3/CD4/LILRB2	18
Myeloid/TAM	GO:0032479	regulation of type I interferon production	11/342	129/15651	0.0852713178294574	3.90228478172175	4.94718159998946	0.000123583758974201	0.0019976456903875	0.0019976456903875	LILRB1/TYROBP/LTBR/SIGLEC1/SYK/CD14/SIRPA/TLR4/HAVCR2/PYCARD/QKI	11
Myeloid/TAM	GO:0032606	type I interferon production	11/342	129/15651	0.0852713178294574	3.90228478172175	4.94718159998946	0.000123583758974201	0.0019976456903875	0.0019976456903875	LILRB1/TYROBP/LTBR/SIGLEC1/SYK/CD14/SIRPA/TLR4/HAVCR2/PYCARD/QKI	11
Myeloid/TAM	GO:0072657	protein localization to membrane	22/342	416/15651	0.0528846153846154	2.42016700404858	4.3879499632188	0.000127779071750353	0.00204871854400599	0.00204871854400599	LRP1/APOE/RAB10/CD81/GABARAP/DAB2/GSN/ACTB/TREM2/VAMP8/VAMP5/LGALS3/CCDC88A/VTI1B/RAB31/MYO5A/RAB32/ITGB2/S100A10/CLTC/EPB41L3/EHD4	22
Myeloid/TAM	GO:0021782	glial cell development	9/342	88/15651	0.102272727272727	4.68032296650718	5.17460759515771	0.000128087854206791	0.00204871854400599	0.00204871854400599	LRP1/C1QA/S100A9/TREM2/ZEB2/GRN/C5AR1/LYN/GRB2	9
Myeloid/TAM	GO:0010543	regulation of platelet activation	7/342	52/15651	0.134615384615385	6.16042510121457	5.57103111773428	0.000128538597748711	0.00204871854400599	0.00204871854400599	PLEK/APOE/SYK/TLR4/FCER1G/EMILIN2/LYN	7
Myeloid/TAM	GO:0043030	regulation of macrophage activation	7/342	52/15651	0.134615384615385	6.16042510121457	5.57103111773428	0.000128538597748711	0.00204871854400599	0.00204871854400599	VSIG4/CD74/NR1H3/TLR4/TREM2/HAVCR2/GRN	7
Myeloid/TAM	GO:0140894	endolysosomal toll-like receptor signaling pathway	7/342	52/15651	0.134615384615385	6.16042510121457	5.57103111773428	0.000128538597748711	0.00204871854400599	0.00204871854400599	RTN4/SYK/MSR1/UNC93B1/HAVCR2/LYN/PLD3	7
Myeloid/TAM	GO:0071322	cellular response to carbohydrate stimulus	11/342	130/15651	0.0846153846153846	3.87226720647773	4.91511268394722	0.000132421029671938	0.00210471976408936	0.00210471976408936	UCP2/FBP1/HLA-DRB1/ZFP36L1/GNAS/CYBA/TREM2/SLC2A5/RAC1/USF2/CLEC7A	11
Myeloid/TAM	GO:0010874	regulation of cholesterol efflux	6/342	37/15651	0.162162162162162	7.42105263157895	5.84449264839822	0.000136688098498043	0.00214217058057395	0.00214217058057395	LRP1/APOE/PLTP/NR1H3/TREM2/ABCA1	6
Myeloid/TAM	GO:0043277	apoptotic cell clearance	6/342	37/15651	0.162162162162162	7.42105263157895	5.84449264839822	0.000136688098498043	0.00214217058057395	0.00214217058057395	LRP1/TYROBP/FCN1/NR1H3/TREM2/RAC1	6
Myeloid/TAM	GO:0048246	macrophage chemotaxis	6/342	37/15651	0.162162162162162	7.42105263157895	5.84449264839822	0.000136688098498043	0.00214217058057395	0.00214217058057395	CORO1C/CSF1R/LGALS3/C3AR1/C5AR1/CMKLR1	6
Myeloid/TAM	GO:0051017	actin filament bundle assembly	12/342	153/15651	0.0784313725490196	3.58926728586171	4.81040435301045	0.000136943415721029	0.00214217058057395	0.00214217058057395	ITGB5/ARAP1/PLEK/AIF1/RHOA/RAC1/CCDC88A/LIMS1/ZEB2/MARCKS/ZYX/S100A10	12
Myeloid/TAM	GO:0032490	detection of molecule of bacterial origin	4/342	13/15651	0.307692307692308	14.080971659919	7.05209069423147	0.000137029839100857	0.00214217058057395	0.00214217058057395	LY96/NR4A1/TLR4/TREM2	4
Myeloid/TAM	GO:0048388	endosomal lumen acidification	4/342	13/15651	0.307692307692308	14.080971659919	7.05209069423147	0.000137029839100857	0.00214217058057395	0.00214217058057395	ATP6V0A1/ATP6V1F/ATP6V0B/ATP6V0C	4
Myeloid/TAM	GO:0032732	positive regulation of interleukin-1 production	8/342	70/15651	0.114285714285714	5.23007518796992	5.30146935750179	0.000139019281997246	0.00216733339638329	0.00216733339638329	HSPB1/TYROBP/NAIP/LGALS9/TLR4/HAVCR2/PYCARD/CLEC7A	8
Myeloid/TAM	GO:0044403	biological process involved in symbiotic interaction	13/342	177/15651	0.0734463276836158	3.36113589057389	4.72175155628074	0.000141287591234769	0.00219669481085993	0.00219669481085993	ITGB5/LRP1/CD81/SIGLEC1/CTSL/LGALS9/LGALS1/VAMP8/FN1/LAMP1/CTSB/SCARB2/CD4	13
Myeloid/TAM	GO:1990778	protein localization to cell periphery	19/342	334/15651	0.0568862275449102	2.60329341317365	4.42686418378897	0.000145235121349178	0.00224772715104854	0.00224772715104854	LRP1/RAB10/CD81/GABARAP/DAB2/ACTB/EPB41L2/TREM2/VAMP8/VAMP5/LGALS3/CCDC88A/VTI1B/RAB31/MYO5A/S100A10/CLTC/EPB41L3/EHD4	19
Myeloid/TAM	GO:0030865	cortical cytoskeleton organization	7/342	53/15651	0.132075471698113	6.0441906653426	5.49783603311823	0.000145357749515757	0.00224772715104854	0.00224772715104854	PLEK/TLN1/FMNL2/EPB41L2/RAC1/ARPC1B/EPB41L3	7
Myeloid/TAM	GO:0032753	positive regulation of interleukin-4 production	5/342	24/15651	0.208333333333333	9.53399122807017	6.25340878395604	0.000146072453980215	0.00225267411462461	0.00225267411462461	SYK/LGALS9/HAVCR2/FCER1G/CEBPB	5
Myeloid/TAM	GO:0022408	negative regulation of cell-cell adhesion	13/342	178/15651	0.0730337078651685	3.34225310467179	4.69735490398992	0.000149475032507291	0.00229893405791538	0.00229893405791538	LILRB1/VSIG4/HLA-DRB1/LGALS9/LGALS1/HAVCR2/GPNMB/LGALS3/SPI1/LILRB4/LAPTM5/CEBPB/LILRB2	13
Myeloid/TAM	GO:0045639	positive regulation of myeloid cell differentiation	9/342	90/15651	0.1	4.57631578947368	5.08551776699822	0.000152400438456897	0.00233762608020176	0.00233762608020176	TYROBP/CORO1C/HLA-DRB1/ZFP36L1/GLUL/CD74/TREM2/CCR1/CD4	9
Myeloid/TAM	GO:0031638	zymogen activation	7/342	54/15651	0.12962962962963	5.932261208577	5.42649271981218	0.00016391668616514	0.00250082516379222	0.00250082516379222	CFD/CTSH/CTSL/ANXA2/PLAUR/S100A10/CTSZ	7
Myeloid/TAM	GO:1901224	positive regulation of non-canonical NF-kappaB signal transduction	7/342	54/15651	0.12962962962963	5.932261208577	5.42649271981218	0.00016391668616514	0.00250082516379222	0.00250082516379222	IL1B/RHOA/LGALS9/TREM2/HAVCR2/LAPTM5/PYCARD	7
Myeloid/TAM	GO:0061572	actin filament bundle organization	12/342	156/15651	0.0769230769230769	3.52024291497976	4.7283076220573	0.000164519474350937	0.00250332832172386	0.00250332832172386	ITGB5/ARAP1/PLEK/AIF1/RHOA/RAC1/CCDC88A/LIMS1/ZEB2/MARCKS/ZYX/S100A10	12
Myeloid/TAM	GO:2000146	negative regulation of cell motility	17/342	283/15651	0.0600706713780919	2.74902361911847	4.43789506045963	0.000169833746630796	0.0025773174422216	0.0025773174422216	MEF2C/LRP1/HMOX1/APOE/RAP2B/AIF1/RHOB/CORO1C/RHOA/CD74/ENG/RAC1/ZEB2/EMILIN2/TIMP1/DUSP1/CD63	17
Myeloid/TAM	GO:0097191	extrinsic apoptotic signaling pathway	13/342	181/15651	0.0718232044198895	3.28685664437336	4.62519325865811	0.00017653459433526	0.00267190025272412	0.00267190025272412	HMOX1/LTBR/IL1B/GABARAP/TLR4/PEA15/LGALS3/SPI1/GRINA/PYCARD/ATF3/BCL2A1/TNFRSF1B	13
Myeloid/TAM	GO:0051047	positive regulation of secretion	17/342	284/15651	0.0598591549295775	2.73934395848777	4.42126870167803	0.000177123382812942	0.00267371963579536	0.00267371963579536	ADAM9/SPP1/IL1B/HLA-DRB1/P2RX4/ANXA2/DAB2/GNAS/TLR4/TREM2/VAMP8/SDCBP/ITGAM/RAC1/LAMP1/ITGB2/S100A10	17
Myeloid/TAM	GO:0002716	negative regulation of natural killer cell mediated immunity	5/342	25/15651	0.2	9.15263157894737	6.09734436301597	0.000179343497116453	0.00268591599618499	0.00268591599618499	LILRB1/LGALS9/HAVCR2/ARRB2/GRB2	5
Myeloid/TAM	GO:0016188	synaptic vesicle maturation	5/342	25/15651	0.2	9.15263157894737	6.09734436301597	0.000179343497116453	0.00268591599618499	0.00268591599618499	ATP6V1B2/ATP6V0A1/ATP6V1F/ATP6V0D1/ATP6V0C	5
Myeloid/TAM	GO:0045953	negative regulation of natural killer cell mediated cytotoxicity	5/342	25/15651	0.2	9.15263157894737	6.09734436301597	0.000179343497116453	0.00268591599618499	0.00268591599618499	LILRB1/LGALS9/HAVCR2/ARRB2/GRB2	5
Myeloid/TAM	GO:0045861	negative regulation of proteolysis	7/342	55/15651	0.127272727272727	5.8244019138756	5.35691832646103	0.000184347044729976	0.00275362365766818	0.00275362365766818	CSTB/CST3/NR1H3/CSTA/TIMP1/TIMP2/CTSZ	7
Myeloid/TAM	GO:1902622	regulation of neutrophil migration	6/342	39/15651	0.153846153846154	7.04048582995951	5.64510097357175	0.000184909968591371	0.00275482057645525	0.00275482057645525	RTN4/MPP1/CD74/RAC1/C3AR1/C5AR1	6
Myeloid/TAM	GO:0010934	macrophage cytokine production	4/342	14/15651	0.285714285714286	13.0751879699248	6.75581910291925	0.000188547138586448	0.00278717609527014	0.00278717609527014	LILRB1/RTN4/CD74/LAPTM5	4
Myeloid/TAM	GO:0010935	regulation of macrophage cytokine production	4/342	14/15651	0.285714285714286	13.0751879699248	6.75581910291925	0.000188547138586448	0.00278717609527014	0.00278717609527014	LILRB1/RTN4/CD74/LAPTM5	4
Myeloid/TAM	GO:2000644	regulation of receptor catabolic process	4/342	14/15651	0.285714285714286	13.0751879699248	6.75581910291925	0.000188547138586448	0.00278717609527014	0.00278717609527014	HAMP/APOE/ANXA2/LAPTM5	4
Myeloid/TAM	GO:0002367	cytokine production involved in immune response	9/342	93/15651	0.0967741935483871	4.42869269949066	4.95666954347028	0.000196006670895315	0.00288251047455842	0.00288251047455842	LILRB1/RTN4/IL1B/CD81/CD74/LILRB4/LAPTM5/CLEC7A/TNFRSF1B	9
Myeloid/TAM	GO:0002718	regulation of cytokine production involved in immune response	9/342	93/15651	0.0967741935483871	4.42869269949066	4.95666954347028	0.000196006670895315	0.00288251047455842	0.00288251047455842	LILRB1/RTN4/IL1B/CD81/CD74/LILRB4/LAPTM5/CLEC7A/TNFRSF1B	9
Myeloid/TAM	GO:0038061	non-canonical NF-kappaB signal transduction	10/342	114/15651	0.087719298245614	4.01431209602955	4.82785114873514	0.000198096627687778	0.0029057567033071	0.0029057567033071	LTBR/IL1B/RHOA/LGALS9/TREM2/HAVCR2/SPI1/LAPTM5/PYCARD/TNFRSF1B	10
Myeloid/TAM	GO:0034142	toll-like receptor 4 signaling pathway	7/342	56/15651	0.125	5.7203947368421	5.28903515715602	0.000206786502797701	0.00302544560247099	0.00302544560247099	LY96/NINJ1/CD14/NR1H3/TLR4/TREM2/LYN	7
Myeloid/TAM	GO:0150146	cell junction disassembly	6/342	40/15651	0.15	6.86447368421053	5.55060711515792	0.000213584020032474	0.003108955148738	0.003108955148738	C1QA/IL1B/C1QC/TREM2/ITGAM/C1QB	6
Myeloid/TAM	GO:1904646	cellular response to amyloid-beta	6/342	40/15651	0.15	6.86447368421053	5.55060711515792	0.000213584020032474	0.003108955148738	0.003108955148738	LRP1/TYROBP/SYK/TLR4/TREM2/LGMN	6
Myeloid/TAM	GO:0009743	response to carbohydrate	13/342	185/15651	0.0702702702702703	3.21578947368421	4.53129324421398	0.000219086220308946	0.00318093122921844	0.00318093122921844	UCP2/FBP1/HLA-DRB1/ZFP36L1/SOD2/GNAS/CYBA/TREM2/SLC2A5/RAC1/USF2/LYN/CLEC7A	13
Myeloid/TAM	GO:0010594	regulation of endothelial cell migration	12/342	161/15651	0.0745341614906832	3.41091860084995	4.59585786863098	0.000221035067279151	0.00320108145658587	0.00320108145658587	MEF2C/HSPB1/HMOX1/APOE/NRP2/RHOB/P2RX4/RHOA/GLUL/LGMN/RAC1/GRN	12
Myeloid/TAM	GO:0030888	regulation of B cell proliferation	7/342	57/15651	0.12280701754386	5.62003693444137	5.22277026464573	0.000231378825062986	0.00332556064435616	0.00332556064435616	MEF2C/TYROBP/CD81/TNFSF13B/CD74/MNDA/LYN	7
Myeloid/TAM	GO:0033619	membrane protein proteolysis	7/342	57/15651	0.12280701754386	5.62003693444137	5.22277026464573	0.000231378825062986	0.00332556064435616	0.00332556064435616	APOE/ADAM9/CTSH/IL1B/TIMP1/TNFRSF1B/TIMP2	7
Myeloid/TAM	GO:0038093	Fc receptor signaling pathway	7/342	57/15651	0.12280701754386	5.62003693444137	5.22277026464573	0.000231378825062986	0.00332556064435616	0.00332556064435616	FCGR3A/SYK/FCGR2A/HCK/FCGR1A/FCER1G/LYN	7
Myeloid/TAM	GO:0040013	negative regulation of locomotion	17/342	292/15651	0.0582191780821918	2.66429343907714	4.29078416391276	0.000245965224954311	0.00352632556178215	0.00352632556178215	MEF2C/LRP1/HMOX1/APOE/RAP2B/AIF1/RHOB/CORO1C/RHOA/CD74/ENG/RAC1/ZEB2/EMILIN2/TIMP1/DUSP1/CD63	17
Myeloid/TAM	GO:0042267	natural killer cell mediated cytotoxicity	8/342	76/15651	0.105263157894737	4.81717451523546	4.98576261273835	0.000247909864354045	0.0035452974586571	0.0035452974586571	LILRB1/FCGR3A/LGALS9/HAVCR2/PLEKHM2/LAMP1/ARRB2/GRB2	8
Myeloid/TAM	GO:0046634	regulation of alpha-beta T cell activation	9/342	96/15651	0.09375	4.29029605263158	4.83317363437417	0.000249526032036538	0.00355948884700121	0.00355948884700121	HLA-DRA/LILRB1/CD81/HLA-DRB1/RHOA/LGALS9/LGALS1/LGALS3/LILRB4	9
Myeloid/TAM	GO:0034145	positive regulation of toll-like receptor 4 signaling pathway	4/342	15/15651	0.266666666666667	12.2035087719298	6.48834104664209	0.000252697343564273	0.00357789340540383	0.00357789340540383	NINJ1/CD14/NR1H3/LYN	4
Myeloid/TAM	GO:0051044	positive regulation of membrane protein ectodomain proteolysis	4/342	15/15651	0.266666666666667	12.2035087719298	6.48834104664209	0.000252697343564273	0.00357789340540383	0.00357789340540383	APOE/ADAM9/IL1B/TNFRSF1B	4
Myeloid/TAM	GO:1900424	regulation of defense response to bacterium	4/342	15/15651	0.266666666666667	12.2035087719298	6.48834104664209	0.000252697343564273	0.00357789340540383	0.00357789340540383	CYBA/HAVCR2/GRN/EMILIN2	4
Myeloid/TAM	GO:0051701	biological process involved in interaction with host	12/342	164/15651	0.0731707317073171	3.34852374839538	4.51887203757253	0.000262304910093581	0.00369498941778178	0.00369498941778178	ITGB5/LRP1/CD81/SIGLEC1/CTSL/LGALS9/LGALS1/VAMP8/LAMP1/CTSB/SCARB2/CD4	12
Myeloid/TAM	GO:0060759	regulation of response to cytokine stimulus	12/342	164/15651	0.0731707317073171	3.34852374839538	4.51887203757253	0.000262304910093581	0.00369498941778178	0.00369498941778178	RBM47/ANXA4/IL1B/SYK/NAIP/CD74/NR1H3/TLR4/TREM2/LAPTM5/SAMHD1/PYCARD	12
Myeloid/TAM	GO:0045671	negative regulation of osteoclast differentiation	5/342	27/15651	0.185185185185185	8.47465886939571	5.8099708893215	0.000262910217949422	0.00369498941778178	0.00369498941778178	LILRB1/LILRB3/MAFB/TLR4/LILRB4	5
Myeloid/TAM	GO:0055080	monoatomic cation homeostasis	22/342	442/15651	0.0497737556561086	2.27780423910455	4.07307063567327	0.000299663913160254	0.00420118498401083	0.00420118498401083	HAMP/SLC11A1/ATP6V1B2/HMOX1/FTL/ATP6V0A1/FTH1/ATOX1/PDK4/ATP6V1F/RAB20/MCOLN1/ATP6V0B/TCIRG1/CREG1/DMXL2/ATP6V0D1/FAM20A/CCR1/ATP6V0C/GRN/LAMP1	22
Myeloid/TAM	GO:1905475	regulation of protein localization to membrane	12/342	167/15651	0.0718562874251497	3.28837062716672	4.44364986227369	0.000309949593398742	0.00433473622532653	0.00433473622532653	LRP1/CD81/GABARAP/DAB2/GSN/ACTB/TREM2/VAMP8/LGALS3/VTI1B/CLTC/EPB41L3	12
Myeloid/TAM	GO:0002507	tolerance induction	5/342	28/15651	0.178571428571429	8.17199248120301	5.67719010735216	0.000314381581159709	0.0043706167491114	0.0043706167491114	LGALS9/HAVCR2/LILRB4/LYN/LILRB2	5
Myeloid/TAM	GO:0015908	fatty acid transport	9/342	99/15651	0.0909090909090909	4.16028708133971	4.7146322409422	0.000314635746847111	0.0043706167491114	0.0043706167491114	UCP2/APOE/IL1B/SYK/P2RX4/ACSL1/SLCO2B1/FABP5/LYN	9
Myeloid/TAM	GO:1901654	response to ketone	13/342	192/15651	0.0677083333333333	3.09854714912281	4.37295954243868	0.000314813088658392	0.0043706167491114	0.0043706167491114	TSPO/UCP2/FBP1/CYBB/SPP1/GNAS/NR1H3/CYBA/ITGAM/GNB1/DUSP1/FOS/CALM3	13
Myeloid/TAM	GO:0042402	biogenic amine catabolic process	4/342	16/15651	0.25	11.4407894736842	6.24512592498696	0.000331151698558419	0.00457518545272236	0.00457518545272236	SULT1A1/SAT1/COMT/HNMT	4
Myeloid/TAM	GO:0045655	regulation of monocyte differentiation	4/342	16/15651	0.25	11.4407894736842	6.24512592498696	0.000331151698558419	0.00457518545272236	0.00457518545272236	HLA-DRB1/ZFP36L1/CD74/CD4	4
Myeloid/TAM	GO:0071375	cellular response to peptide hormone stimulus	17/342	300/15651	0.0566666666666667	2.59324561403509	4.16458600703544	0.000337005518468847	0.0046448151893315	0.0046448151893315	UCP2/FBP1/BLVRB/RAB10/IL1B/ZFP36L1/PDK4/NR4A1/GNAS/CYBA/RAB31/MYO5A/LYN/FOS/PKM/CTSD/GRB2	17
Myeloid/TAM	GO:0030003	intracellular monoatomic cation homeostasis	20/342	387/15651	0.0516795865633075	2.36502107983136	4.06403532713055	0.000347349259373785	0.00477291628909932	0.00477291628909932	HAMP/SLC11A1/ATP6V1B2/HMOX1/FTL/ATP6V0A1/FTH1/ATOX1/ATP6V1F/RAB20/MCOLN1/ATP6V0B/TCIRG1/CREG1/DMXL2/ATP6V0D1/CCR1/ATP6V0C/GRN/LAMP1	20
Myeloid/TAM	GO:0051924	regulation of calcium ion transport	13/342	194/15651	0.0670103092783505	3.0666033640803	4.32904605333817	0.000347972866502859	0.00477291628909932	0.00477291628909932	TSPO/UCP2/LILRB1/GNAI2/P2RX4/LGALS3/CCR1/CD84/LYN/GSTO1/CALM3/CD4/LILRB2	13
Myeloid/TAM	GO:0032731	positive regulation of interleukin-1 beta production	7/342	61/15651	0.114754098360656	5.25150992234685	4.97258103575884	0.000354366901818857	0.00483736254013971	0.00483736254013971	HSPB1/TYROBP/NAIP/LGALS9/TLR4/PYCARD/CLEC7A	7
Myeloid/TAM	GO:0033059	cellular pigmentation	7/342	61/15651	0.114754098360656	5.25150992234685	4.97258103575884	0.000354366901818857	0.00483736254013971	0.00483736254013971	APOE/AP1B1/ZEB2/MYO5A/CD63/RAB32/AP1S2	7
Myeloid/TAM	GO:0006509	membrane protein ectodomain proteolysis	6/342	44/15651	0.136363636363636	6.24043062200957	5.20271949176218	0.00036501286141901	0.00494718144241537	0.00494718144241537	APOE/ADAM9/IL1B/TIMP1/TNFRSF1B/TIMP2	6
Myeloid/TAM	GO:0031529	ruffle organization	6/342	44/15651	0.136363636363636	6.24043062200957	5.20271949176218	0.00036501286141901	0.00494718144241537	0.00494718144241537	PLEK/AIF1/CYFIP1/CORO1C/CSF1R/RAC1	6
Myeloid/TAM	GO:1905953	negative regulation of lipid localization	6/342	44/15651	0.136363636363636	6.24043062200957	5.20271949176218	0.00036501286141901	0.00494718144241537	0.00494718144241537	TSPO/APOE/NR1H3/TREM2/ABCA1/APOC1	6
Myeloid/TAM	GO:0001911	negative regulation of leukocyte mediated cytotoxicity	5/342	29/15651	0.172413793103448	7.89019963702359	5.55084755137158	0.000373136182348418	0.00503336892784887	0.00503336892784887	LILRB1/LGALS9/HAVCR2/ARRB2/GRB2	5
Myeloid/TAM	GO:0032801	receptor catabolic process	5/342	29/15651	0.172413793103448	7.89019963702359	5.55084755137158	0.000373136182348418	0.00503336892784887	0.00503336892784887	HAMP/APOE/ANXA2/LGMN/LAPTM5	5
Myeloid/TAM	GO:0002534	cytokine production involved in inflammatory response	7/342	62/15651	0.112903225806452	5.16680814940577	4.91345557290537	0.000392095116023024	0.00526422289888795	0.00526422289888795	HMOX1/SIRPA/TLR4/TREM2/LILRB4/PYCARD/CLEC7A	7
Myeloid/TAM	GO:1900015	regulation of cytokine production involved in inflammatory response	7/342	62/15651	0.112903225806452	5.16680814940577	4.91345557290537	0.000392095116023024	0.00526422289888795	0.00526422289888795	HMOX1/SIRPA/TLR4/TREM2/LILRB4/PYCARD/CLEC7A	7
Myeloid/TAM	GO:0043473	pigmentation	8/342	82/15651	0.0975609756097561	4.46469833119384	4.7015256107809	0.000418443576792249	0.005583005817805	0.005583005817805	MEF2C/APOE/AP1B1/ZEB2/MYO5A/CD63/RAB32/AP1S2	8
Myeloid/TAM	GO:0071887	leukocyte apoptotic process	8/342	82/15651	0.0975609756097561	4.46469833119384	4.7015256107809	0.000418443576792249	0.005583005817805	0.005583005817805	MEF2C/LILRB1/CTSL/CD74/LGALS9/PLEKHO2/LGALS3/LYN	8
Myeloid/TAM	GO:0002888	positive regulation of myeloid leukocyte mediated immunity	4/342	17/15651	0.235294117647059	10.7678018575851	6.02258669772242	0.000425623471914682	0.005583005817805	0.005583005817805	TYROBP/ITGAM/SPI1/ITGB2	4
Myeloid/TAM	GO:0009310	amine catabolic process	4/342	17/15651	0.235294117647059	10.7678018575851	6.02258669772242	0.000425623471914682	0.005583005817805	0.005583005817805	SULT1A1/SAT1/COMT/HNMT	4
Myeloid/TAM	GO:0010755	regulation of plasminogen activation	4/342	17/15651	0.235294117647059	10.7678018575851	6.02258669772242	0.000425623471914682	0.005583005817805	0.005583005817805	ANXA2/PLAUR/S100A10/CTSZ	4
Myeloid/TAM	GO:0010885	regulation of cholesterol storage	4/342	17/15651	0.235294117647059	10.7678018575851	6.02258669772242	0.000425623471914682	0.005583005817805	0.005583005817805	MSR1/NR1H3/TREM2/ABCA1	4
Myeloid/TAM	GO:0036005	response to macrophage colony-stimulating factor	4/342	17/15651	0.235294117647059	10.7678018575851	6.02258669772242	0.000425623471914682	0.005583005817805	0.005583005817805	SPP1/CSF1R/TLR4/TREM2	4
Myeloid/TAM	GO:0060263	regulation of respiratory burst	4/342	17/15651	0.235294117647059	10.7678018575851	6.02258669772242	0.000425623471914682	0.005583005817805	0.005583005817805	S100A9/RAC1/GRN/CLEC7A	4
Myeloid/TAM	GO:0071605	monocyte chemotactic protein-1 production	4/342	17/15651	0.235294117647059	10.7678018575851	6.02258669772242	0.000425623471914682	0.005583005817805	0.005583005817805	IL1B/SYK/LGALS9/CLEC7A	4
Myeloid/TAM	GO:0071637	regulation of monocyte chemotactic protein-1 production	4/342	17/15651	0.235294117647059	10.7678018575851	6.02258669772242	0.000425623471914682	0.005583005817805	0.005583005817805	IL1B/SYK/LGALS9/CLEC7A	4
Myeloid/TAM	GO:0050801	monoatomic ion homeostasis	22/342	454/15651	0.0484581497797357	2.21759795965685	3.93504514159086	0.000432071086995528	0.0056404462769835	0.0056404462769835	HAMP/SLC11A1/ATP6V1B2/HMOX1/FTL/ATP6V0A1/FTH1/ATOX1/PDK4/ATP6V1F/RAB20/MCOLN1/ATP6V0B/TCIRG1/CREG1/DMXL2/ATP6V0D1/FAM20A/CCR1/ATP6V0C/GRN/LAMP1	22
Myeloid/TAM	GO:0032623	interleukin-2 production	7/342	63/15651	0.111111111111111	5.08479532163743	4.85559201627718	0.000432968010746368	0.0056404462769835	0.0056404462769835	IL1B/VSIG4/HAVCR2/LILRB4/LAPTM5/CLEC7A/CD4	7
Myeloid/TAM	GO:0032663	regulation of interleukin-2 production	7/342	63/15651	0.111111111111111	5.08479532163743	4.85559201627718	0.000432968010746368	0.0056404462769835	0.0056404462769835	IL1B/VSIG4/HAVCR2/LILRB4/LAPTM5/CLEC7A/CD4	7
Myeloid/TAM	GO:0034143	regulation of toll-like receptor 4 signaling pathway	5/342	30/15651	0.166666666666667	7.62719298245614	5.43041025708776	0.000439821263121463	0.00569074858814301	0.00569074858814302	NINJ1/CD14/NR1H3/TREM2/LYN	5
Myeloid/TAM	GO:1900016	negative regulation of cytokine production involved in inflammatory response	5/342	30/15651	0.166666666666667	7.62719298245614	5.43041025708776	0.000439821263121463	0.00569074858814301	0.00569074858814302	HMOX1/SIRPA/TREM2/LILRB4/PYCARD	5
Myeloid/TAM	GO:1902624	positive regulation of neutrophil migration	5/342	30/15651	0.166666666666667	7.62719298245614	5.43041025708776	0.000439821263121463	0.00569074858814301	0.00569074858814302	RTN4/CD74/RAC1/C3AR1/C5AR1	5
Myeloid/TAM	GO:0006873	intracellular monoatomic ion homeostasis	20/342	395/15651	0.0506329113924051	2.31712191872085	3.96278944264037	0.000451117232673168	0.00582369893582148	0.00582369893582148	HAMP/SLC11A1/ATP6V1B2/HMOX1/FTL/ATP6V0A1/FTH1/ATOX1/ATP6V1F/RAB20/MCOLN1/ATP6V0B/TCIRG1/CREG1/DMXL2/ATP6V0D1/CCR1/ATP6V0C/GRN/LAMP1	20
Myeloid/TAM	GO:1901222	regulation of non-canonical NF-kappaB signal transduction	8/342	83/15651	0.0963855421686747	4.41090678503488	4.65681835560332	0.00045442982318738	0.0058532202508063	0.0058532202508063	IL1B/RHOA/LGALS9/TREM2/HAVCR2/SPI1/LAPTM5/PYCARD	8
Myeloid/TAM	GO:1904375	regulation of protein localization to cell periphery	11/342	150/15651	0.0733333333333333	3.3559649122807	4.33342617246283	0.000460918767427685	0.00592342902464498	0.00592342902464498	LRP1/GABARAP/DAB2/ACTB/EPB41L2/TREM2/VAMP8/LGALS3/VTI1B/CLTC/EPB41L3	11
Myeloid/TAM	GO:0032868	response to insulin	14/342	226/15651	0.0619469026548673	2.83488588728458	4.152862060633	0.000463066628509558	0.00593765883657424	0.00593765883657424	UCP2/FBP1/BLVRB/RAB10/IL1B/ZFP36L1/PDK4/RAB31/MYO5A/LYN/FOS/PKM/CTSD/GRB2	14
Myeloid/TAM	GO:0030225	macrophage differentiation	6/342	46/15651	0.130434782608696	5.96910755148741	5.04454776434935	0.000466921144958079	0.00597365931195246	0.00597365931195246	UCP2/HLA-DRB1/C1QC/CSF1R/QKI/CD4	6
Myeloid/TAM	GO:0002821	positive regulation of adaptive immune response	9/342	105/15651	0.0857142857142857	3.92255639097744	4.49102042225777	0.000487248471676367	0.00620589236469944	0.00620589236469944	HLA-DRA/SLC11A1/IL1B/CD81/HLA-DRB1/TREM2/PYCARD/CLEC7A/CD4	9
Myeloid/TAM	GO:0015914	phospholipid transport	9/342	105/15651	0.0857142857142857	3.92255639097744	4.49102042225777	0.000487248471676367	0.00620589236469944	0.00620589236469944	DBI/APOE/VMP1/VAT1/PLTP/NPC2/ABCA1/APOC1/SCARB2	9
Myeloid/TAM	GO:0090022	regulation of neutrophil chemotaxis	5/342	31/15651	0.161290322580645	7.3811544991511	5.31540553597699	0.000515105626961207	0.00654608620810834	0.00654608620810834	MPP1/CD74/RAC1/C3AR1/C5AR1	5
Myeloid/TAM	GO:0061462	protein localization to lysosome	6/342	47/15651	0.127659574468085	5.8421052631579	4.96891991255726	0.000525541705509151	0.00666386882585604	0.00666386882585604	RTN4/CD81/GLMP/LAPTM5/MFSD1/SCARB2	6
Myeloid/TAM	GO:0061081	positive regulation of myeloid leukocyte cytokine production involved in immune response	4/342	18/15651	0.222222222222222	10.1695906432749	5.81784101452127	0.000537859094684541	0.00680493125115297	0.00680493125115297	LILRB1/RTN4/CD74/LAPTM5	4
Myeloid/TAM	GO:0010001	glial cell differentiation	11/342	153/15651	0.0718954248366013	3.29016167870657	4.25471861035832	0.000544978506638917	0.00687975079398597	0.00687975079398597	LRP1/C1QA/S100A9/TREM2/ZEB2/GRN/C5AR1/LYN/QKI/TNFRSF1B/GRB2	11
Myeloid/TAM	GO:0046890	regulation of lipid biosynthetic process	12/342	178/15651	0.0674157303370786	3.08515671200473	4.1817517872798	0.000552365297062446	0.00695760791399187	0.00695760791399186	TSPO/APOE/IL1B/PDK4/DAB2/CD74/ASAH1/NR1H3/FABP5/NME2/QKI/APOC1	12
Myeloid/TAM	GO:0022604	regulation of cell morphogenesis	13/342	204/15651	0.0637254901960784	2.91627966976264	4.11764323166737	0.000561991996774527	0.00706327386254504	0.00706327386254504	ARHGAP18/ARAP1/CYFIP1/LST1/CORO1C/CSF1R/PLXND1/FMNL2/HCK/RAC1/FN1/ITGB2/EPB41L3	13
Myeloid/TAM	GO:0034103	regulation of tissue remodeling	7/342	66/15651	0.106060606060606	4.853668261563	4.68910225106223	0.000576354028687511	0.00722785953338668	0.00722785953338668	ARAP1/SPP1/SYK/CSF1R/PDK4/CST3/GPNMB	7
Myeloid/TAM	GO:0006826	iron ion transport	6/342	48/15651	0.125	5.7203947368421	4.89543957452261	0.000589728360593329	0.00736321668609526	0.00736321668609526	HAMP/SLC11A1/FTL/FTH1/MCOLN1/CLTC	6
Myeloid/TAM	GO:0045453	bone resorption	6/342	48/15651	0.125	5.7203947368421	4.89543957452261	0.000589728360593329	0.00736321668609526	0.00736321668609526	ARAP1/TPP1/SPP1/SYK/CSF1R/PDK4	6
Myeloid/TAM	GO:0042417	dopamine metabolic process	5/342	32/15651	0.15625	7.15049342105263	5.20541246168165	0.000599678346905835	0.00747110185031592	0.00747110185031592	SULT1A1/ALDH2/ITGAM/COMT/ITGB2	5
Myeloid/TAM	GO:0001959	regulation of cytokine-mediated signaling pathway	11/342	155/15651	0.0709677419354839	3.24770797962649	4.20332281471048	0.000607843899009785	0.00755633396023929	0.00755633396023929	RBM47/ANXA4/IL1B/SYK/NAIP/CD74/NR1H3/TREM2/LAPTM5/SAMHD1/PYCARD	11
Myeloid/TAM	GO:0002753	cytoplasmic pattern recognition receptor signaling pathway	12/342	180/15651	0.0666666666666667	3.05087719298246	4.13631426179527	0.000610242073675165	0.00756965493997933	0.00756965493997933	RTN4/NAGK/SYK/MSR1/TLR4/TREM2/UNC93B1/HAVCR2/SLC15A3/PYCARD/LYN/PLD3	12
Myeloid/TAM	GO:0002720	positive regulation of cytokine production involved in immune response	7/342	67/15651	0.104477611940299	4.78122545168892	4.63582802421848	0.00063173530007128	0.00781926599177164	0.00781926599177163	LILRB1/RTN4/IL1B/CD81/CD74/LAPTM5/CLEC7A	7
Myeloid/TAM	GO:2001234	negative regulation of apoptotic signaling pathway	12/342	181/15651	0.0662983425414365	3.03402151788311	4.11383137444383	0.000641037871024747	0.00791723396551343	0.00791723396551343	HSPB1/HMOX1/GNAI2/IL1B/CD74/PTTG1IP/SOD2/PEA15/LGALS3/GRINA/PLAUR/ZNF385A	12
Myeloid/TAM	GO:0071559	response to transforming growth factor beta	14/342	234/15651	0.0598290598290598	2.73796671165092	4.0035592377335	0.000653968135703923	0.00805948635491703	0.00805948635491703	MEF2C/ITGB5/ADAM9/ZFP36L1/DAB2/ENG/SDCBP/SPI1/LIMS1/ZEB2/ZFHX3/ZYX/FOS/ARRB2	14
Myeloid/TAM	GO:0042269	regulation of natural killer cell mediated cytotoxicity	6/342	49/15651	0.122448979591837	5.60365198711063	4.82399891441761	0.000659835641441474	0.00809682187110764	0.00809682187110764	LILRB1/LGALS9/HAVCR2/LAMP1/ARRB2/GRB2	6
Myeloid/TAM	GO:0071526	semaphorin-plexin signaling pathway	6/342	49/15651	0.122448979591837	5.60365198711063	4.82399891441761	0.000659835641441474	0.00809682187110764	0.00809682187110764	TYROBP/NRP2/PLXND1/RHOA/TREM2/RAC1	6
Myeloid/TAM	GO:0010878	cholesterol storage	4/342	19/15651	0.210526315789474	9.63434903047091	5.62854237552111	0.000669629875744988	0.00814692552452217	0.00814692552452217	MSR1/NR1H3/TREM2/ABCA1	4
Myeloid/TAM	GO:0097066	response to thyroid hormone	4/342	19/15651	0.210526315789474	9.63434903047091	5.62854237552111	0.000669629875744988	0.00814692552452217	0.00814692552452217	CTSS/CTSH/CTSL/CTSB	4
Myeloid/TAM	GO:0098543	detection of other organism	4/342	19/15651	0.210526315789474	9.63434903047091	5.62854237552111	0.000669629875744988	0.00814692552452217	0.00814692552452217	HLA-DRB1/NAIP/TLR4/CLEC7A	4
Myeloid/TAM	GO:1903306	negative regulation of regulated secretory pathway	4/342	19/15651	0.210526315789474	9.63434903047091	5.62854237552111	0.000669629875744988	0.00814692552452217	0.00814692552452217	GNAI2/LGALS9/SPI1/CD84	4
Myeloid/TAM	GO:0071356	cellular response to tumor necrosis factor	12/342	182/15651	0.0659340659340659	3.01735106998265	4.09150295991392	0.000673126906846998	0.00817204708610419	0.00817204708610419	ANXA4/SYK/NAIP/ZFP36L1/TNFSF13B/ASAH1/CYBA/LIMS1/LAPTM5/PYCARD/FOS/TNFRSF1B	12
Myeloid/TAM	GO:0002446	neutrophil mediated immunity	5/342	33/15651	0.151515151515152	6.93381180223285	5.10005478319606	0.000694247438118463	0.00841056450510393	0.00841056450510393	STXBP2/SYK/ITGAM/SPI1/ITGB2	5
Myeloid/TAM	GO:0031589	cell-substrate adhesion	17/342	320/15651	0.053125	2.43116776315789	3.86613580228058	0.000701535902262669	0.00848085563201439	0.00848085563201439	ITGB5/TLN1/ADAM9/CORO1C/SIGLEC1/LYVE1/RHOA/DAB2/ITGAM/RAC1/FN1/LIMS1/ZYX/PLAUR/CD63/ITGB2/S100A10	17
Myeloid/TAM	GO:0043409	negative regulation of MAPK cascade	10/342	134/15651	0.0746268656716418	3.41516103692066	4.19654056305516	0.000723229548632786	0.00872462537948981	0.0087246253794898	APOE/IL1B/DAB2/SIRPA/TLR4/TREM2/LILRB4/ATF3/LYN/DUSP1	10
Myeloid/TAM	GO:1904645	response to amyloid-beta	6/342	50/15651	0.12	5.49157894736842	4.75449761365007	0.00073622828009206	0.00886269739705758	0.00886269739705758	LRP1/TYROBP/SYK/TLR4/TREM2/LGMN	6
Myeloid/TAM	GO:0008625	extrinsic apoptotic signaling pathway via death domain receptors	7/342	69/15651	0.101449275362319	4.64263920671243	4.53237583643251	0.000755134024808931	0.00905208980159614	0.00905208980159614	HMOX1/GABARAP/PEA15/LGALS3/SPI1/GRINA/ATF3	7
Myeloid/TAM	GO:0043112	receptor metabolic process	7/342	69/15651	0.101449275362319	4.64263920671243	4.53237583643251	0.000755134024808931	0.00905208980159614	0.00905208980159614	HAMP/ARAP1/APOE/ANXA2/LGMN/LAPTM5/CTSD	7
Myeloid/TAM	GO:0032869	cellular response to insulin stimulus	12/342	185/15651	0.0648648648648649	2.96842105263158	4.02542440222334	0.000777581880979782	0.00930163985926758	0.00930163985926758	UCP2/FBP1/BLVRB/RAB10/IL1B/ZFP36L1/PDK4/RAB31/MYO5A/PKM/CTSD/GRB2	12
Myeloid/TAM	GO:0031342	negative regulation of cell killing	5/342	34/15651	0.147058823529412	6.72987616099071	4.99899499041806	0.000799538502215739	0.00954428178586403	0.00954428178586403	LILRB1/LGALS9/HAVCR2/ARRB2/GRB2	5
Myeloid/TAM	GO:0038066	p38MAPK cascade	6/342	51/15651	0.117647058823529	5.38390092879257	4.68684220769193	0.000819280906989278	0.00975953414463637	0.00975953414463637	IL1B/ZFP36L1/LGALS9/TREM2/SPI1/DUSP1	6
Myeloid/TAM	GO:0010759	positive regulation of macrophage chemotaxis	4/342	20/15651	0.2	9.15263157894737	5.45275827545536	0.00082272426619899	0.00975980179403625	0.00975980179403625	CSF1R/C3AR1/C5AR1/CMKLR1	4
Myeloid/TAM	GO:0045591	positive regulation of regulatory T cell differentiation	4/342	20/15651	0.2	9.15263157894737	5.45275827545536	0.00082272426619899	0.00975980179403625	0.00975980179403625	HLA-DRA/HLA-DRB1/LILRB4/LILRB2	4
Myeloid/TAM	GO:0097305	response to alcohol	14/342	240/15651	0.0583333333333333	2.66951754385965	3.89563276776526	0.000837638790498708	0.00991611398046811	0.00991611398046811	TSPO/FBP1/CYBB/CTNNA1/SOD2/GNAS/CYBA/ABCA1/SPI1/GNB1/S100A8/FOS/CALM3/CD4	14
Myeloid/TAM	GO:0050673	epithelial cell proliferation	16/342	298/15651	0.0536912751677852	2.45708230307312	3.79570457254372	0.000893780365743846	0.0105588214636323	0.0105588214636323	MEF2C/HMOX1/APOE/NEAT1/NRP2/RTN4/ZFP36L1/NR4A1/DAB2/CYBA/ENG/ZEB2/GRN/C5AR1/NME2/CEBPB	16
Myeloid/TAM	GO:0002526	acute inflammatory response	8/342	92/15651	0.0869565217391304	3.97940503432494	4.28380243120485	0.000905251991238295	0.0106722476487721	0.0106722476487721	CD163/FCGR3A/IL1B/SERPINA1/FCGR2A/FCGR1A/FN1/CEBPB	8
Myeloid/TAM	GO:0032735	positive regulation of interleukin-12 production	5/342	35/15651	0.142857142857143	6.5375939849624	4.90192931682008	0.000916293349753287	0.0107579626619182	0.0107579626619182	SYK/LGALS9/TLR4/LAPTM5/CLEC7A	5
Myeloid/TAM	GO:1902041	regulation of extrinsic apoptotic signaling pathway via death domain receptors	5/342	35/15651	0.142857142857143	6.5375939849624	4.90192931682008	0.000916293349753287	0.0107579626619182	0.0107579626619182	HMOX1/PEA15/LGALS3/GRINA/ATF3	5
Myeloid/TAM	GO:0016485	protein processing	13/342	216/15651	0.0601851851851852	2.75426413255361	3.88030045821409	0.000956638601719684	0.0112085828776438	0.0112085828776438	CFD/CTSS/ADAM9/CTSH/CTSL/ANXA2/GSN/MAFB/LGMN/PLAUR/S100A10/ST14/CTSZ	13
Myeloid/TAM	GO:0019216	regulation of lipid metabolic process	16/342	301/15651	0.053156146179402	2.43259311068369	3.75101437627117	0.000993349369375565	0.0116069514901641	0.0116069514901641	TSPO/APOE/IL1B/PDK4/DAB2/CD74/NPC2/ASAH1/NR1H3/TREM2/FABP5/PSAP/NME2/QKI/APOC1/SCARB2	16
Myeloid/TAM	GO:0002223	stimulatory C-type lectin receptor signaling pathway	4/342	21/15651	0.19047619047619	8.71679197994987	5.28888061673911	0.000998940647162388	0.0116069514901641	0.0116069514901641	TYROBP/SYK/LYN/CLEC7A	4
Myeloid/TAM	GO:1990840	response to lectin	4/342	21/15651	0.19047619047619	8.71679197994987	5.28888061673911	0.000998940647162388	0.0116069514901641	0.0116069514901641	TYROBP/SYK/LYN/CLEC7A	4
Myeloid/TAM	GO:1990858	cellular response to lectin	4/342	21/15651	0.19047619047619	8.71679197994987	5.28888061673911	0.000998940647162388	0.0116069514901641	0.0116069514901641	TYROBP/SYK/LYN/CLEC7A	4
Myeloid/TAM	GO:0008037	cell recognition	9/342	116/15651	0.0775862068965517	3.55058983666062	4.12107770156669	0.00100296540828882	0.0116069514901641	0.0116069514901641	VCAN/RTN4/CD81/PLXND1/FCN1/TREM2/HAVCR2/LGALS3/CLEC7A	9
Myeloid/TAM	GO:0048260	positive regulation of receptor-mediated endocytosis	6/342	53/15651	0.113207547169811	5.18073485600794	4.55672599654055	0.00100691219551897	0.0116069514901641	0.0116069514901641	HAMP/SYK/ANXA2/DAB2/CD63/ARRB2	6
Myeloid/TAM	GO:0050832	defense response to fungus	6/342	53/15651	0.113207547169811	5.18073485600794	4.55672599654055	0.00100691219551897	0.0116069514901641	0.0116069514901641	HAMP/S100A9/SPI1/COTL1/CLEC7A/S100A8	6
Myeloid/TAM	GO:0071470	cellular response to osmotic stress	6/342	53/15651	0.113207547169811	5.18073485600794	4.55672599654055	0.00100691219551897	0.0116069514901641	0.0116069514901641	TSPO/FBP1/SERPINB6/ZFP36L1/NINJ1/PYCARD	6
Myeloid/TAM	GO:0030866	cortical actin cytoskeleton organization	5/342	36/15651	0.138888888888889	6.35599415204678	4.8085835091077	0.0010452686068168	0.0120248037711626	0.0120248037711626	PLEK/FMNL2/EPB41L2/ARPC1B/EPB41L3	5
Myeloid/TAM	GO:0001771	immunological synapse formation	3/342	10/15651	0.3	13.7289473684211	6.01806737010584	0.00110727638497928	0.0125359505013725	0.0125359505013725	CD81/HAVCR2/LGALS3	3
Myeloid/TAM	GO:0002604	regulation of dendritic cell antigen processing and presentation	3/342	10/15651	0.3	13.7289473684211	6.01806737010584	0.00110727638497928	0.0125359505013725	0.0125359505013725	SLC11A1/CD68/CD74	3
Myeloid/TAM	GO:0010887	negative regulation of cholesterol storage	3/342	10/15651	0.3	13.7289473684211	6.01806737010584	0.00110727638497928	0.0125359505013725	0.0125359505013725	NR1H3/TREM2/ABCA1	3
Myeloid/TAM	GO:0032627	interleukin-23 production	3/342	10/15651	0.3	13.7289473684211	6.01806737010584	0.00110727638497928	0.0125359505013725	0.0125359505013725	TLR4/RAC1/CLEC7A	3
Myeloid/TAM	GO:0032667	regulation of interleukin-23 production	3/342	10/15651	0.3	13.7289473684211	6.01806737010584	0.00110727638497928	0.0125359505013725	0.0125359505013725	TLR4/RAC1/CLEC7A	3
Myeloid/TAM	GO:0035425	autocrine signaling	3/342	10/15651	0.3	13.7289473684211	6.01806737010584	0.00110727638497928	0.0125359505013725	0.0125359505013725	CD68/S100A9/S100A8	3
Myeloid/TAM	GO:0097048	dendritic cell apoptotic process	3/342	10/15651	0.3	13.7289473684211	6.01806737010584	0.00110727638497928	0.0125359505013725	0.0125359505013725	LILRB1/LGALS9/LYN	3
Myeloid/TAM	GO:2000668	regulation of dendritic cell apoptotic process	3/342	10/15651	0.3	13.7289473684211	6.01806737010584	0.00110727638497928	0.0125359505013725	0.0125359505013725	LILRB1/LGALS9/LYN	3
Myeloid/TAM	GO:0007034	vacuolar transport	11/342	167/15651	0.0658682634730539	3.01433974156949	3.91152569821268	0.00112530135525426	0.0126896631088554	0.0126896631088554	LRP1/RHOB/NPC2/ATP6V0D1/PSAP/VTI1B/GRN/LAPTM5/MFSD1/LAMP1/SCARB2	11
Myeloid/TAM	GO:0015748	organophosphate ester transport	11/342	167/15651	0.0658682634730539	3.01433974156949	3.91152569821268	0.00112530135525426	0.0126896631088554	0.0126896631088554	DBI/APOE/VMP1/VAT1/PLTP/NPC2/ABCA1/SLC25A19/APOC1/SCARB2/SLC37A2	11
Myeloid/TAM	GO:0048771	tissue remodeling	9/342	118/15651	0.076271186440678	3.49041034790366	4.05864491507539	0.0011324611004761	0.012745213095299	0.012745213095299	MEF2C/ARAP1/TPP1/SPP1/SYK/CSF1R/PDK4/CST3/GPNMB	9
Myeloid/TAM	GO:0002090	regulation of receptor internalization	7/342	74/15651	0.0945945945945946	4.32894736842105	4.29020150856122	0.00114786945398204	0.0128678646452289	0.0128678646452289	HAMP/ARAP1/SYK/ANXA2/SDCBP/CD63/ARRB2	7
Myeloid/TAM	GO:0042100	B cell proliferation	7/342	74/15651	0.0945945945945946	4.32894736842105	4.29020150856122	0.00114786945398204	0.0128678646452289	0.0128678646452289	MEF2C/TYROBP/CD81/TNFSF13B/CD74/MNDA/LYN	7
Myeloid/TAM	GO:0045124	regulation of bone resorption	5/342	37/15651	0.135135135135135	6.18421052631579	4.71870922841987	0.0011872343112416	0.0132311698827042	0.0132311698827042	ARAP1/SPP1/SYK/CSF1R/PDK4	5
Myeloid/TAM	GO:0140353	lipid export from cell	5/342	37/15651	0.135135135135135	6.18421052631579	4.71870922841987	0.0011872343112416	0.0132311698827042	0.0132311698827042	TSPO/SPP1/IL1B/P2RX4/DAB2	5
Myeloid/TAM	GO:0150077	regulation of neuroinflammatory response	5/342	37/15651	0.135135135135135	6.18421052631579	4.71870922841987	0.0011872343112416	0.0132311698827042	0.0132311698827042	IL1B/TREM2/CCR1/GRN/TNFRSF1B	5
Myeloid/TAM	GO:0043302	positive regulation of leukocyte degranulation	4/342	22/15651	0.181818181818182	8.32057416267943	5.135558751511	0.0012000806160667	0.013348265098005	0.013348265098005	VAMP8/ITGAM/LAMP1/ITGB2	4
Myeloid/TAM	GO:0043434	response to peptide hormone	19/342	397/15651	0.0478589420654912	2.19017632241814	3.590140961882	0.00121476633118163	0.0134853242912886	0.0134853242912886	UCP2/FBP1/CYBB/BLVRB/RAB10/IL1B/ZFP36L1/PDK4/NR4A1/GNAS/CYBA/RAB31/MYO5A/TIMP1/LYN/FOS/PKM/CTSD/GRB2	19
Myeloid/TAM	GO:0002715	regulation of natural killer cell mediated immunity	6/342	55/15651	0.109090909090909	4.99234449760765	4.43301859724197	0.00122591189004023	0.0135826276593583	0.0135826276593583	LILRB1/LGALS9/HAVCR2/LAMP1/ARRB2/GRB2	6
Myeloid/TAM	GO:0050829	defense response to Gram-negative bacterium	7/342	75/15651	0.0933333333333333	4.27122807017544	4.24434129572014	0.00124276337423131	0.0137426508010927	0.0137426508010927	RNASE6/HAMP/SLC11A1/TLR4/TREM2/LYZ/PYCARD	7
Myeloid/TAM	GO:0030038	contractile actin filament bundle assembly	8/342	97/15651	0.0824742268041237	3.77428106348345	4.09649179915973	0.00127948033700608	0.0140940440211519	0.0140940440211519	ITGB5/ARAP1/RHOA/RAC1/CCDC88A/ZEB2/ZYX/S100A10	8
Myeloid/TAM	GO:0043149	stress fiber assembly	8/342	97/15651	0.0824742268041237	3.77428106348345	4.09649179915973	0.00127948033700608	0.0140940440211519	0.0140940440211519	ITGB5/ARAP1/RHOA/RAC1/CCDC88A/ZEB2/ZYX/S100A10	8
Myeloid/TAM	GO:0032438	melanosome organization	5/342	38/15651	0.131578947368421	6.02146814404432	4.63208097450612	0.00134297250357951	0.0146810472895462	0.0146810472895462	APOE/AP1B1/ZEB2/RAB32/AP1S2	5
Myeloid/TAM	GO:0032715	negative regulation of interleukin-6 production	5/342	38/15651	0.131578947368421	6.02146814404432	4.63208097450612	0.00134297250357951	0.0146810472895462	0.0146810472895462	SIRPA/TLR4/HAVCR2/LILRB4/ARRB2	5
Myeloid/TAM	GO:0048753	pigment granule organization	5/342	38/15651	0.131578947368421	6.02146814404432	4.63208097450612	0.00134297250357951	0.0146810472895462	0.0146810472895462	APOE/AP1B1/ZEB2/RAB32/AP1S2	5
Myeloid/TAM	GO:0002224	toll-like receptor signaling pathway	7/342	76/15651	0.0921052631578947	4.21502770083103	4.19927484209684	0.00134369054190002	0.0146810472895462	0.0146810472895462	CTSS/LY96/S100A9/TLR4/UNC93B1/S100A8/ARRB2	7
Myeloid/TAM	GO:0016601	Rac protein signal transduction	6/342	56/15651	0.107142857142857	4.9031954887218	4.37339233602169	0.00134820693650933	0.0146810472895462	0.0146810472895462	AIF1/CYFIP1/RTN4/GABARAP/RAC1/GRB2	6
Myeloid/TAM	GO:0046635	positive regulation of alpha-beta T cell activation	6/342	56/15651	0.107142857142857	4.9031954887218	4.37339233602169	0.00134820693650933	0.0146810472895462	0.0146810472895462	HLA-DRA/CD81/HLA-DRB1/RHOA/LGALS9/LILRB4	6
Myeloid/TAM	GO:0002824	positive regulation of adaptive immune response based on somatic recombination of immune receptors built from immunoglobulin superfamily domains	8/342	98/15651	0.0816326530612245	3.73576799140709	4.0605234999051	0.00136729781046764	0.0148605739171968	0.0148605739171968	HLA-DRA/SLC11A1/IL1B/CD81/HLA-DRB1/TREM2/CLEC7A/CD4	8
Myeloid/TAM	GO:0032703	negative regulation of interleukin-2 production	4/342	23/15651	0.173913043478261	7.95881006864988	4.99164869058363	0.00142794274759462	0.0154023465364365	0.0154023465364365	VSIG4/HAVCR2/LILRB4/LAPTM5	4
Myeloid/TAM	GO:0046597	host-mediated suppression of symbiont invasion	4/342	23/15651	0.173913043478261	7.95881006864988	4.99164869058363	0.00142794274759462	0.0154023465364365	0.0154023465364365	IFITM3/CD74/GSN/FCN1	4
Myeloid/TAM	GO:0050931	pigment cell differentiation	4/342	23/15651	0.173913043478261	7.95881006864988	4.99164869058363	0.00142794274759462	0.0154023465364365	0.0154023465364365	MEF2C/ZEB2/CD63/RAB32	4
Myeloid/TAM	GO:0061082	myeloid leukocyte cytokine production	4/342	23/15651	0.173913043478261	7.95881006864988	4.99164869058363	0.00142794274759462	0.0154023465364365	0.0154023465364365	LILRB1/RTN4/CD74/LAPTM5	4
Myeloid/TAM	GO:2001236	regulation of extrinsic apoptotic signaling pathway	9/342	122/15651	0.0737704918032787	3.37597066436583	3.9377311118735	0.00143201192510309	0.0154170944238457	0.0154170944238457	HMOX1/LTBR/IL1B/TLR4/PEA15/LGALS3/GRINA/PYCARD/ATF3	9
Myeloid/TAM	GO:0120161	regulation of cold-induced thermogenesis	10/342	147/15651	0.0680272108843537	3.11313999283924	3.84735153091889	0.00146879924653686	0.0157833681746503	0.0157833681746503	UCP2/SYK/ACSL1/GNAS/NR1H3/TLR4/FABP5/CMKLR1/QKI/CEBPB	10
Myeloid/TAM	GO:0002707	negative regulation of lymphocyte mediated immunity	6/342	57/15651	0.105263157894737	4.81717451523546	4.31516583872198	0.00147959847903243	0.0158577185643694	0.0158577185643694	LILRB1/LGALS9/HAVCR2/LILRB4/ARRB2/GRB2	6
Myeloid/TAM	GO:0036035	osteoclast development	3/342	11/15651	0.272727272727273	12.4808612440191	5.693105722061	0.00149795133301701	0.0158577185643694	0.0158577185643694	LILRB1/TYROBP/ANXA2	3
Myeloid/TAM	GO:0071361	cellular response to ethanol	3/342	11/15651	0.272727272727273	12.4808612440191	5.693105722061	0.00149795133301701	0.0158577185643694	0.0158577185643694	CYBB/SOD2/SPI1	3
Myeloid/TAM	GO:0098751	bone cell development	3/342	11/15651	0.272727272727273	12.4808612440191	5.693105722061	0.00149795133301701	0.0158577185643694	0.0158577185643694	LILRB1/TYROBP/ANXA2	3
Myeloid/TAM	GO:0140052	cellular response to oxidised low-density lipoprotein particle stimulus	3/342	11/15651	0.272727272727273	12.4808612440191	5.693105722061	0.00149795133301701	0.0158577185643694	0.0158577185643694	CD68/TLR4/TREM2	3
Myeloid/TAM	GO:0140105	interleukin-10-mediated signaling pathway	3/342	11/15651	0.272727272727273	12.4808612440191	5.693105722061	0.00149795133301701	0.0158577185643694	0.0158577185643694	LILRB1/LILRB4/LILRB2	3
Myeloid/TAM	GO:1904627	response to phorbol 13-acetate 12-myristate	3/342	11/15651	0.272727272727273	12.4808612440191	5.693105722061	0.00149795133301701	0.0158577185643694	0.0158577185643694	FBP1/CYBA/FOS	3
Myeloid/TAM	GO:1905671	regulation of lysosome organization	3/342	11/15651	0.272727272727273	12.4808612440191	5.693105722061	0.00149795133301701	0.0158577185643694	0.0158577185643694	MCOLN1/GRN/SCARB2	3
Myeloid/TAM	GO:0014009	glial cell proliferation	5/342	39/15651	0.128205128205128	5.86707152496626	4.5484934453053	0.00151327581754835	0.0159902811387609	0.0159902811387609	TSPO/IL1B/CSF1R/TREM2/LYN	5
Myeloid/TAM	GO:0106106	cold-induced thermogenesis	10/342	148/15651	0.0675675675675676	3.0921052631579	3.82211129200793	0.00154544087275689	0.0162999734195025	0.0162999734195025	UCP2/SYK/ACSL1/GNAS/NR1H3/TLR4/FABP5/CMKLR1/QKI/CEBPB	10
Myeloid/TAM	GO:0050678	regulation of epithelial cell proliferation	14/342	256/15651	0.0546875	2.50267269736842	3.62319196115861	0.00155153908049196	0.0163340996186109	0.0163340996186109	MEF2C/HMOX1/APOE/NEAT1/NRP2/RTN4/ZFP36L1/NR4A1/DAB2/CYBA/ENG/GRN/C5AR1/NME2	14
Myeloid/TAM	GO:0071560	cellular response to transforming growth factor beta stimulus	13/342	228/15651	0.0570175438596491	2.60930286241921	3.65862241156915	0.0015610919367399	0.016404402561764	0.016404402561764	MEF2C/ITGB5/ADAM9/ZFP36L1/DAB2/ENG/SDCBP/SPI1/LIMS1/ZEB2/ZYX/FOS/ARRB2	13
Myeloid/TAM	GO:0001912	positive regulation of leukocyte mediated cytotoxicity	6/342	58/15651	0.103448275862069	4.73411978221416	4.2582800006264	0.00162052054580564	0.0169353300995732	0.0169353300995732	HLA-DRA/TYROBP/HLA-DRB1/ITGAM/SPI1/LAMP1	6
Myeloid/TAM	GO:0034113	heterotypic cell-cell adhesion	6/342	58/15651	0.103448275862069	4.73411978221416	4.2582800006264	0.00162052054580564	0.0169353300995732	0.0169353300995732	IL1B/NINJ1/SIRPA/ITGAM/ITGB2/LILRB2	6
Myeloid/TAM	GO:0070373	negative regulation of ERK1 and ERK2 cascade	6/342	58/15651	0.103448275862069	4.73411978221416	4.2582800006264	0.00162052054580564	0.0169353300995732	0.0169353300995732	DAB2/SIRPA/TLR4/ATF3/LYN/DUSP1	6
Myeloid/TAM	GO:0030449	regulation of complement activation	4/342	24/15651	0.166666666666667	7.62719298245614	4.85617405759094	0.0016843168063175	0.0174209100859717	0.0174209100859717	A2M/IL1B/VSIG4/TREM2	4
Myeloid/TAM	GO:0045672	positive regulation of osteoclast differentiation	4/342	24/15651	0.166666666666667	7.62719298245614	4.85617405759094	0.0016843168063175	0.0174209100859717	0.0174209100859717	TYROBP/CORO1C/TREM2/CCR1	4
Myeloid/TAM	GO:0050869	negative regulation of B cell activation	4/342	24/15651	0.166666666666667	7.62719298245614	4.85617405759094	0.0016843168063175	0.0174209100859717	0.0174209100859717	TYROBP/MNDA/LAPTM5/LYN	4
Myeloid/TAM	GO:0090023	positive regulation of neutrophil chemotaxis	4/342	24/15651	0.166666666666667	7.62719298245614	4.85617405759094	0.0016843168063175	0.0174209100859717	0.0174209100859717	CD74/RAC1/C3AR1/C5AR1	4
Myeloid/TAM	GO:2000191	regulation of fatty acid transport	4/342	24/15651	0.166666666666667	7.62719298245614	4.85617405759094	0.0016843168063175	0.0174209100859717	0.0174209100859717	IL1B/SYK/P2RX4/ACSL1	4
Myeloid/TAM	GO:0033627	cell adhesion mediated by integrin	7/342	79/15651	0.0886075949367089	4.05496335776149	4.0685922369053	0.00168530360453144	0.0174209100859717	0.0174209100859717	ITGB5/ADAM9/SYK/ITGAM/EMILIN2/LYN/ITGB2	7
Myeloid/TAM	GO:0045646	regulation of erythrocyte differentiation	5/342	40/15651	0.125	5.7203947368421	4.46775926085462	0.00169894607433634	0.0175301741413438	0.0175301741413438	ZFP36L1/GLUL/MAFB/SPI1/LYN	5
Myeloid/TAM	GO:0023061	signal release	19/342	409/15651	0.0464547677261614	2.12591687041565	3.44860786497733	0.00171090166161715	0.0176216694606272	0.0176216694606271	MEF2C/TSPO/UCP2/LILRB1/SPP1/IL1B/HLA-DRB1/STXBP2/SYK/P2RX4/DAB2/GNAS/VAMP8/RAC1/ABCA1/MYOF/FCER1G/LYN/CALM3	19
Myeloid/TAM	GO:1902600	proton transmembrane transport	11/342	176/15651	0.0625	2.86019736842105	3.7093417112023	0.00171605518768216	0.0176429025241701	0.0176429025241701	SLC11A1/ATP6V1B2/UCP2/ATP6V0A1/ATP5F1E/ATP6V1F/ATP6V0B/TCIRG1/ATP6V0D1/SLC15A3/ATP6V0C	11
Myeloid/TAM	GO:0007041	lysosomal transport	9/342	126/15651	0.0714285714285714	3.2687969924812	3.82174686838745	0.00179225616282607	0.018393190045118	0.0183931900451179	LRP1/RHOB/NPC2/PSAP/GRN/LAPTM5/MFSD1/LAMP1/SCARB2	9
Myeloid/TAM	GO:0099504	synaptic vesicle cycle	12/342	204/15651	0.0588235294117647	2.69195046439628	3.63561148613593	0.00180213751634903	0.018461394377536	0.018461394377536	ATP6V1B2/STXBP2/ATP6V0A1/ACTB/ATP6V1F/AP2A2/CLTA/RAC1/ATP6V0D1/ATP6V0C/CALM3/AP2S1	12
Myeloid/TAM	GO:0046631	alpha-beta T cell activation	11/342	178/15651	0.0617977528089888	2.82806031933767	3.66614867056967	0.00187681501962164	0.0191646550601111	0.0191646550601111	HLA-DRA/LILRB1/CD81/CTSL/HLA-DRB1/RHOA/LGALS9/LGALS1/LGALS3/LILRB4/CEBPB	11
Myeloid/TAM	GO:0045732	positive regulation of protein catabolic process	12/342	205/15651	0.0585365853658537	2.6788189987163	3.61634289760102	0.00187759773376398	0.0191646550601111	0.0191646550601111	HAMP/LRP1/APOE/OAZ1/ADAM9/IL1B/CD81/GABARAP/DAB2/TREM2/LAPTM5/TNFRSF1B	12
Myeloid/TAM	GO:0010595	positive regulation of endothelial cell migration	8/342	103/15651	0.0776699029126214	3.55442003065917	3.88750060757864	0.00188086344789033	0.0191646550601111	0.0191646550601111	HSPB1/HMOX1/NRP2/RHOB/P2RX4/LGMN/RAC1/GRN	8
Myeloid/TAM	GO:2001242	regulation of intrinsic apoptotic signaling pathway	10/342	152/15651	0.0657894736842105	3.01073407202216	3.7232431950204	0.00188514998595752	0.0191740923705412	0.0191740923705411	HSPB1/CD74/PTTG1IP/S100A9/SOD2/TREM2/PYCARD/PLAUR/S100A8/ZNF385A	10
Myeloid/TAM	GO:0039531	regulation of cytoplasmic pattern recognition receptor signaling pathway	9/342	127/15651	0.0708661417322835	3.24305843348529	3.79347689584976	0.00189277848619476	0.0192174271214009	0.0192174271214009	RTN4/NAGK/SYK/MSR1/TLR4/TREM2/SLC15A3/LYN/PLD3	9
Myeloid/TAM	GO:0070269	pyroptotic inflammatory response	5/342	41/15651	0.121951219512195	5.5808729139923	4.38970699352219	0.00190079288478906	0.0192645190064056	0.0192645190064056	NAIP/NINJ1/TREM2/ZEB2/PYCARD	5
Myeloid/TAM	GO:0031343	positive regulation of cell killing	6/342	60/15651	0.1	4.57631578947368	4.14831103693728	0.00193272644852862	0.019518826752751	0.019518826752751	HLA-DRA/TYROBP/HLA-DRB1/ITGAM/SPI1/LAMP1	6
Myeloid/TAM	GO:0042088	T-helper 1 type immune response	6/342	60/15651	0.1	4.57631578947368	4.14831103693728	0.00193272644852862	0.019518826752751	0.019518826752751	SLC11A1/IL1B/HLA-DRB1/LGALS9/TLR4/HAVCR2	6
Myeloid/TAM	GO:0045921	positive regulation of exocytosis	7/342	81/15651	0.0864197530864197	3.954840805718	3.98500713667446	0.00194812105256352	0.0195589611961081	0.0195589611961081	ANXA2/VAMP8/SDCBP/ITGAM/LAMP1/ITGB2/S100A10	7
Myeloid/TAM	GO:0030889	negative regulation of B cell proliferation	3/342	12/15651	0.25	11.4407894736842	5.40774599634112	0.00196509321408536	0.0195589611961081	0.0195589611961081	TYROBP/MNDA/LYN	3
Myeloid/TAM	GO:0031392	regulation of prostaglandin biosynthetic process	3/342	12/15651	0.25	11.4407894736842	5.40774599634112	0.00196509321408536	0.0195589611961081	0.0195589611961081	IL1B/CD74/FABP5	3
Myeloid/TAM	GO:0032688	negative regulation of interferon-beta production	3/342	12/15651	0.25	11.4407894736842	5.40774599634112	0.00196509321408536	0.0195589611961081	0.0195589611961081	LILRB1/SIRPA/PYCARD	3
Myeloid/TAM	GO:0034135	regulation of toll-like receptor 2 signaling pathway	3/342	12/15651	0.25	11.4407894736842	5.40774599634112	0.00196509321408536	0.0195589611961081	0.0195589611961081	CYBA/TREM2/LYN	3
Myeloid/TAM	GO:0071107	response to parathyroid hormone	3/342	12/15651	0.25	11.4407894736842	5.40774599634112	0.00196509321408536	0.0195589611961081	0.0195589611961081	MEF2C/GNAS/FOS	3
Myeloid/TAM	GO:0071888	macrophage apoptotic process	3/342	12/15651	0.25	11.4407894736842	5.40774599634112	0.00196509321408536	0.0195589611961081	0.0195589611961081	MEF2C/CTSL/PLEKHO2	3
Myeloid/TAM	GO:1904350	regulation of protein catabolic process in the vacuole	3/342	12/15651	0.25	11.4407894736842	5.40774599634112	0.00196509321408536	0.0195589611961081	0.0195589611961081	LRP1/CD81/LAPTM5	3
Myeloid/TAM	GO:0031639	plasminogen activation	4/342	25/15651	0.16	7.32210526315789	4.72829570616836	0.00197097838902246	0.0195589611961081	0.0195589611961081	ANXA2/PLAUR/S100A10/CTSZ	4
Myeloid/TAM	GO:0048261	negative regulation of receptor-mediated endocytosis	4/342	25/15651	0.16	7.32210526315789	4.72829570616836	0.00197097838902246	0.0195589611961081	0.0195589611961081	ANXA2/SDCBP/RAC1/APOC1	4
Myeloid/TAM	GO:0006584	catecholamine metabolic process	5/342	42/15651	0.119047619047619	5.44799498746867	4.31417945696332	0.00211963226318097	0.0208888112153897	0.0208888112153897	SULT1A1/ALDH2/ITGAM/COMT/ITGB2	5
Myeloid/TAM	GO:0008347	glial cell migration	5/342	42/15651	0.119047619047619	5.44799498746867	4.31417945696332	0.00211963226318097	0.0208888112153897	0.0208888112153897	TSPO/VCAN/RTN4/P2RX4/TREM2	5
Myeloid/TAM	GO:0009712	catechol-containing compound metabolic process	5/342	42/15651	0.119047619047619	5.44799498746867	4.31417945696332	0.00211963226318097	0.0208888112153897	0.0208888112153897	SULT1A1/ALDH2/ITGAM/COMT/ITGB2	5
Myeloid/TAM	GO:0051926	negative regulation of calcium ion transport	5/342	42/15651	0.119047619047619	5.44799498746867	4.31417945696332	0.00211963226318097	0.0208888112153897	0.0208888112153897	UCP2/LILRB1/GSTO1/CALM3/LILRB2	5
Myeloid/TAM	GO:0016064	immunoglobulin mediated immune response	10/342	155/15651	0.0645161290322581	2.95246179966044	3.65119815463181	0.00217758440855795	0.0213860527284538	0.0213860527284538	C1QA/FCGR3A/CD81/C1QC/CD74/FCGR2A/FCGR1A/TREM2/FCER1G/C1QB	10
Myeloid/TAM	GO:1902905	positive regulation of supramolecular fiber organization	10/342	155/15651	0.0645161290322581	2.95246179966044	3.65119815463181	0.00217758440855795	0.0213860527284538	0.0213860527284538	PLEK/APOE/CYFIP1/RHOA/GSN/HCK/RAC1/CCDC88A/PYCARD/S100A10	10
Myeloid/TAM	GO:0062012	regulation of small molecule metabolic process	15/342	295/15651	0.0508474576271186	2.32694023193577	3.43890461947632	0.00218333131321781	0.0214056502976303	0.0214056502976303	TSPO/PLEK/APOE/FBP1/OAZ1/IL1B/PDK4/DAB2/CD74/NR1H3/TREM2/FABP5/NME2/QKI/APOC1	15
Myeloid/TAM	GO:0140029	exocytic process	7/342	83/15651	0.0843373493975904	3.85954343690552	3.90405695753731	0.00224161763306274	0.0219394000244529	0.0219394000244529	PLEK/STXBP2/SYK/VAMP8/VTI1B/FCER1G/LYN	7
Myeloid/TAM	GO:0071624	positive regulation of granulocyte chemotaxis	4/342	26/15651	0.153846153846154	7.04048582995951	4.6072878153739	0.00228968397560263	0.0223714670629941	0.0223714670629941	CD74/RAC1/C3AR1/C5AR1	4
Myeloid/TAM	GO:0002455	humoral immune response mediated by circulating immunoglobulin	5/342	43/15651	0.116279069767442	5.32129742962056	4.24103221454063	0.00235628525596458	0.0228655844736971	0.0228655844736971	C1QA/CD81/C1QC/TREM2/C1QB	5
Myeloid/TAM	GO:0010883	regulation of lipid storage	5/342	43/15651	0.116279069767442	5.32129742962056	4.24103221454063	0.00235628525596458	0.0228655844736971	0.0228655844736971	PLIN2/MSR1/NR1H3/TREM2/ABCA1	5
Myeloid/TAM	GO:0021762	substantia nigra development	5/342	43/15651	0.116279069767442	5.32129742962056	4.24103221454063	0.00235628525596458	0.0228655844736971	0.0228655844736971	GNB4/RHOA/ACTB/YWHAH/CALM3	5
Myeloid/TAM	GO:0048662	negative regulation of smooth muscle cell proliferation	5/342	43/15651	0.116279069767442	5.32129742962056	4.24103221454063	0.00235628525596458	0.0228655844736971	0.0228655844736971	MEF2C/HMOX1/APOE/AIF1/SOD2	5
Myeloid/TAM	GO:0043124	negative regulation of canonical NF-kappaB signal transduction	7/342	84/15651	0.0833333333333333	3.81359649122807	3.8645222000303	0.00240059310669065	0.0232560004529319	0.0232560004529319	ANXA4/SIRPA/TREM2/SPI1/LILRB4/PYCARD/ARRB2	7
Myeloid/TAM	GO:0016032	viral process	17/342	359/15651	0.0473537604456825	2.16705761618531	3.34352203124615	0.00241755157800032	0.0233805920407963	0.0233805920407963	ITGB5/LRP1/APOE/OAZ1/CD81/SIGLEC1/CTSL/IFITM3/MGAT1/LGALS9/LGALS1/VAMP8/USF2/LAMP1/CTSB/SCARB2/CD4	17
Myeloid/TAM	GO:2000106	regulation of leukocyte apoptotic process	6/342	63/15651	0.0952380952380952	4.35839598997494	3.9921218745136	0.00248373861342778	0.0238997452716851	0.0238997452716851	MEF2C/LILRB1/CD74/LGALS9/LGALS3/LYN	6
Myeloid/TAM	GO:0071214	cellular response to abiotic stimulus	15/342	299/15651	0.0501672240802676	2.29581059672593	3.38136032737764	0.00248379757204859	0.0238997452716851	0.0238997452716851	TSPO/FBP1/LTBR/SERPINB6/RHOB/IL1B/ZFP36L1/NINJ1/GNAS/CYBA/MCOLN1/TLR4/TIMP1/PYCARD/GRB2	15
Myeloid/TAM	GO:0104004	cellular response to environmental stimulus	15/342	299/15651	0.0501672240802676	2.29581059672593	3.38136032737764	0.00248379757204859	0.0238997452716851	0.0238997452716851	TSPO/FBP1/LTBR/SERPINB6/RHOB/IL1B/ZFP36L1/NINJ1/GNAS/CYBA/MCOLN1/TLR4/TIMP1/PYCARD/GRB2	15
Myeloid/TAM	GO:0006596	polyamine biosynthetic process	3/342	13/15651	0.230769230769231	10.5607287449393	5.15429036658236	0.00251351222658071	0.0239035012747826	0.0239035012747826	OAZ1/SMS/SAT1	3
Myeloid/TAM	GO:0036006	cellular response to macrophage colony-stimulating factor stimulus	3/342	13/15651	0.230769230769231	10.5607287449393	5.15429036658236	0.00251351222658071	0.0239035012747826	0.0239035012747826	CSF1R/TLR4/TREM2	3
Myeloid/TAM	GO:0046007	negative regulation of activated T cell proliferation	3/342	13/15651	0.230769230769231	10.5607287449393	5.15429036658236	0.00251351222658071	0.0239035012747826	0.0239035012747826	LGALS9/LILRB4/LAPTM5	3
Myeloid/TAM	GO:0061795	Golgi lumen acidification	3/342	13/15651	0.230769230769231	10.5607287449393	5.15429036658236	0.00251351222658071	0.0239035012747826	0.0239035012747826	ATP6V1F/ATP6V0B/ATP6V0C	3
Myeloid/TAM	GO:0070486	leukocyte aggregation	3/342	13/15651	0.230769230769231	10.5607287449393	5.15429036658236	0.00251351222658071	0.0239035012747826	0.0239035012747826	IL1B/S100A9/S100A8	3
Myeloid/TAM	GO:0071635	negative regulation of transforming growth factor beta production	3/342	13/15651	0.230769230769231	10.5607287449393	5.15429036658236	0.00251351222658071	0.0239035012747826	0.0239035012747826	LILRB1/TYROBP/FN1	3
Myeloid/TAM	GO:0099159	regulation of modification of postsynaptic structure	3/342	13/15651	0.230769230769231	10.5607287449393	5.15429036658236	0.00251351222658071	0.0239035012747826	0.0239035012747826	CYFIP1/RHOB/RHOA	3
Myeloid/TAM	GO:0046850	regulation of bone remodeling	5/342	44/15651	0.113636363636364	5.20035885167464	4.17013227466854	0.00261157658859863	0.024753581419508	0.024753581419508	ARAP1/SPP1/SYK/CSF1R/PDK4	5
Myeloid/TAM	GO:0070613	regulation of protein processing	5/342	44/15651	0.113636363636364	5.20035885167464	4.17013227466854	0.00261157658859863	0.024753581419508	0.024753581419508	ANXA2/GSN/PLAUR/S100A10/CTSZ	5
Myeloid/TAM	GO:0006633	fatty acid biosynthetic process	10/342	159/15651	0.0628930817610063	2.87818603111552	3.557789398182	0.00262317912865812	0.0248031070675223	0.0248031070675223	IL1B/PDK4/CD74/ACSL1/NR1H3/FABP5/GPX4/MGLL/NME2/APOC1	10
Myeloid/TAM	GO:0010758	regulation of macrophage chemotaxis	4/342	27/15651	0.148148148148148	6.77972709551657	4.49251889081712	0.00264216636823796	0.0248031070675223	0.0248031070675223	CSF1R/C3AR1/C5AR1/CMKLR1	4
Myeloid/TAM	GO:0035767	endothelial cell chemotaxis	4/342	27/15651	0.148148148148148	6.77972709551657	4.49251889081712	0.00264216636823796	0.0248031070675223	0.0248031070675223	HSPB1/P2RX4/NR4A1/LGMN	4
Myeloid/TAM	GO:0090382	phagosome maturation	4/342	27/15651	0.148148148148148	6.77972709551657	4.49251889081712	0.00264216636823796	0.0248031070675223	0.0248031070675223	RAB20/MCOLN1/RAB31/RAB32	4
Myeloid/TAM	GO:0010038	response to metal ion	15/342	301/15651	0.0498338870431894	2.28055604126596	3.35292979184937	0.00264642045578257	0.0248031070675223	0.0248031070675223	HAMP/MEF2C/SLC11A1/TSPO/UCP2/FBP1/CYBB/ADAM9/P2RX4/SOD2/MCOLN1/LGMN/DUSP1/S100A8/CALM3	15
Myeloid/TAM	GO:0001894	tissue homeostasis	11/342	186/15651	0.0591397849462366	2.7064233163554	3.499170456903	0.00264722961866826	0.0248031070675223	0.0248031070675223	ARAP1/HSPB1/TPP1/SPP1/SYK/CSF1R/P2RX4/PDK4/ACTB/TLR4/ZEB2	11
Myeloid/TAM	GO:0060249	anatomical structure homeostasis	11/342	186/15651	0.0591397849462366	2.7064233163554	3.499170456903	0.00264722961866826	0.0248031070675223	0.0248031070675223	ARAP1/HSPB1/TPP1/SPP1/SYK/CSF1R/P2RX4/PDK4/ACTB/TLR4/ZEB2	11
Myeloid/TAM	GO:0046849	bone remodeling	6/342	64/15651	0.09375	4.29029605263158	3.94221683443292	0.00269131442261852	0.025174819828625	0.025174819828625	ARAP1/TPP1/SPP1/SYK/CSF1R/PDK4	6
Myeloid/TAM	GO:0043500	muscle adaptation	7/342	86/15651	0.0813953488372093	3.72490820073439	3.78724456918542	0.00274447720711731	0.0255537944200012	0.0255537944200012	HMOX1/IL1B/P2RX4/GSN/CYBA/TNFRSF1B/ARRB2	7
Myeloid/TAM	GO:0019724	B cell mediated immunity	10/342	160/15651	0.0625	2.86019736842105	3.53489161684552	0.00274526392910283	0.0255537944200012	0.0255537944200012	C1QA/FCGR3A/CD81/C1QC/CD74/FCGR2A/FCGR1A/TREM2/FCER1G/C1QB	10
Myeloid/TAM	GO:1990845	adaptive thermogenesis	10/342	160/15651	0.0625	2.86019736842105	3.53489161684552	0.00274526392910283	0.0255537944200012	0.0255537944200012	UCP2/SYK/ACSL1/GNAS/NR1H3/TLR4/FABP5/CMKLR1/QKI/CEBPB	10
Myeloid/TAM	GO:0001659	temperature homeostasis	11/342	187/15651	0.0588235294117647	2.69195046439628	3.4789191763125	0.00275927605901718	0.0256423928220717	0.0256423928220717	UCP2/IL1B/SYK/ACSL1/GNAS/NR1H3/TLR4/FABP5/CMKLR1/QKI/CEBPB	11
Myeloid/TAM	GO:0006690	icosanoid metabolic process	8/342	110/15651	0.0727272727272727	3.32822966507177	3.66251568516318	0.00284284590441851	0.0263760629766049	0.0263760629766049	IL1B/NAIP/ABHD12/CD74/FABP5/GPX4/MGLL/PYCARD	8
Myeloid/TAM	GO:0006953	acute-phase response	5/342	45/15651	0.111111111111111	5.08479532163743	4.10135694598883	0.00288633333328077	0.0266927358179904	0.0266927358179904	CD163/IL1B/SERPINA1/FN1/CEBPB	5
Myeloid/TAM	GO:0014015	positive regulation of gliogenesis	5/342	45/15651	0.111111111111111	5.08479532163743	4.10135694598883	0.00288633333328077	0.0266927358179904	0.0266927358179904	TSPO/IL1B/LYN/QKI/TNFRSF1B	5
Myeloid/TAM	GO:0050871	positive regulation of B cell activation	6/342	65/15651	0.0923076923076923	4.22429149797571	3.89332315705152	0.0029116276069235	0.0268830859629539	0.0268830859629539	MEF2C/CD81/SYK/TNFSF13B/CD74/SPI1	6
Myeloid/TAM	GO:0019058	viral life cycle	14/342	275/15651	0.0509090909090909	2.32976076555024	3.32517869461687	0.00299677392794867	0.0276245428640955	0.0276245428640955	ITGB5/LRP1/APOE/CD81/SIGLEC1/CTSL/IFITM3/LGALS9/LGALS1/VAMP8/LAMP1/CTSB/SCARB2/CD4	14
Myeloid/TAM	GO:0033209	tumor necrosis factor-mediated signaling pathway	8/342	111/15651	0.0720720720720721	3.29824561403509	3.63186113303425	0.00300687353956639	0.0276283742621027	0.0276283742621027	ANXA4/SYK/NAIP/TNFSF13B/LIMS1/LAPTM5/PYCARD/TNFRSF1B	8
Myeloid/TAM	GO:1903076	regulation of protein localization to plasma membrane	8/342	111/15651	0.0720720720720721	3.29824561403509	3.63186113303425	0.00300687353956639	0.0276283742621027	0.0276283742621027	LRP1/DAB2/ACTB/TREM2/VAMP8/LGALS3/VTI1B/CLTC	8
Myeloid/TAM	GO:0034383	low-density lipoprotein particle clearance	4/342	28/15651	0.142857142857143	6.5375939849624	4.38343652372152	0.00303013049941767	0.0277973064785808	0.0277973064785808	HMOX1/LIPA/ANXA2/TREM2	4
Myeloid/TAM	GO:1901264	carbohydrate derivative transport	7/342	88/15651	0.0795454545454545	3.64025119617225	3.71224591351649	0.00312495171097079	0.0281949280419367	0.0281949280419367	LYVE1/PLTP/NPC2/PSAP/SLC25A19/SLC15A3/SLC37A2	7
Myeloid/TAM	GO:0001782	B cell homeostasis	3/342	14/15651	0.214285714285714	9.80639097744361	4.92699447340857	0.00314759361421551	0.0281949280419367	0.0281949280419367	MEF2C/CD74/LYN	3
Myeloid/TAM	GO:0002524	hypersensitivity	3/342	14/15651	0.214285714285714	9.80639097744361	4.92699447340857	0.00314759361421551	0.0281949280419367	0.0281949280419367	FCGR3A/FCGR2A/FCGR1A	3
Myeloid/TAM	GO:0002544	chronic inflammatory response	3/342	14/15651	0.214285714285714	9.80639097744361	4.92699447340857	0.00314759361421551	0.0281949280419367	0.0281949280419367	S100A9/S100A8/CEBPB	3
Myeloid/TAM	GO:0032303	regulation of icosanoid secretion	3/342	14/15651	0.214285714285714	9.80639097744361	4.92699447340857	0.00314759361421551	0.0281949280419367	0.0281949280419367	IL1B/SYK/P2RX4	3
Myeloid/TAM	GO:0032695	negative regulation of interleukin-12 production	3/342	14/15651	0.214285714285714	9.80639097744361	4.92699447340857	0.00314759361421551	0.0281949280419367	0.0281949280419367	LILRB1/CMKLR1/ARRB2	3
Myeloid/TAM	GO:0033700	phospholipid efflux	3/342	14/15651	0.214285714285714	9.80639097744361	4.92699447340857	0.00314759361421551	0.0281949280419367	0.0281949280419367	APOE/ABCA1/APOC1	3
Myeloid/TAM	GO:0042053	regulation of dopamine metabolic process	3/342	14/15651	0.214285714285714	9.80639097744361	4.92699447340857	0.00314759361421551	0.0281949280419367	0.0281949280419367	ALDH2/ITGAM/ITGB2	3
Myeloid/TAM	GO:0042069	regulation of catecholamine metabolic process	3/342	14/15651	0.214285714285714	9.80639097744361	4.92699447340857	0.00314759361421551	0.0281949280419367	0.0281949280419367	ALDH2/ITGAM/ITGB2	3
Myeloid/TAM	GO:0042117	monocyte activation	3/342	14/15651	0.214285714285714	9.80639097744361	4.92699447340857	0.00314759361421551	0.0281949280419367	0.0281949280419367	ADAM9/FN1/LILRB4	3
Myeloid/TAM	GO:0060143	positive regulation of syncytium formation by plasma membrane fusion	3/342	14/15651	0.214285714285714	9.80639097744361	4.92699447340857	0.00314759361421551	0.0281949280419367	0.0281949280419367	TYROBP/ADAM9/TREM2	3
Myeloid/TAM	GO:0060252	positive regulation of glial cell proliferation	3/342	14/15651	0.214285714285714	9.80639097744361	4.92699447340857	0.00314759361421551	0.0281949280419367	0.0281949280419367	TSPO/IL1B/LYN	3
Myeloid/TAM	GO:0150079	negative regulation of neuroinflammatory response	3/342	14/15651	0.214285714285714	9.80639097744361	4.92699447340857	0.00314759361421551	0.0281949280419367	0.0281949280419367	TREM2/GRN/TNFRSF1B	3
Myeloid/TAM	GO:2001028	positive regulation of endothelial cell chemotaxis	3/342	14/15651	0.214285714285714	9.80639097744361	4.92699447340857	0.00314759361421551	0.0281949280419367	0.0281949280419367	HSPB1/P2RX4/LGMN	3
Myeloid/TAM	GO:2001279	regulation of unsaturated fatty acid biosynthetic process	3/342	14/15651	0.214285714285714	9.80639097744361	4.92699447340857	0.00314759361421551	0.0281949280419367	0.0281949280419367	IL1B/CD74/FABP5	3
Myeloid/TAM	GO:0043303	mast cell degranulation	5/342	46/15651	0.108695652173913	4.97425629290618	4.0345928297185	0.00318138360014938	0.0284529385931856	0.0284529385931856	STXBP2/LGALS9/VAMP8/CD84/LYN	5
Myeloid/TAM	GO:0015718	monocarboxylic acid transport	10/342	164/15651	0.0609756097560976	2.79043645699615	3.44503786521142	0.00327982568624927	0.0292874575363667	0.0292874575363667	UCP2/APOE/IL1B/SYK/SLC16A3/P2RX4/ACSL1/SLCO2B1/FABP5/LYN	10
Myeloid/TAM	GO:0097193	intrinsic apoptotic signaling pathway	14/342	278/15651	0.0503597122302158	2.30461946232488	3.28037693676451	0.00330312637706545	0.0294494361055242	0.0294494361055242	HSPB1/CD74/PTTG1IP/S100A9/SOD2/TREM2/LAPTM5/PYCARD/PLAUR/S100A8/ZNF385A/BCL2A1/CEBPB/TNFRSF1B	14
Myeloid/TAM	GO:0043534	blood vessel endothelial cell migration	8/342	113/15651	0.0707964601769911	3.2398695854681	3.57158679220603	0.00335697679897968	0.0298363078114923	0.0298363078114923	MEF2C/HSPB1/HMOX1/APOE/P2RX4/RHOA/NR4A1/EHD4	8
Myeloid/TAM	GO:0045621	positive regulation of lymphocyte differentiation	8/342	113/15651	0.0707964601769911	3.2398695854681	3.57158679220603	0.00335697679897968	0.0298363078114923	0.0298363078114923	HLA-DRA/HLA-DRB1/SYK/RHOA/ACTB/SPI1/LILRB4/LILRB2	8
Myeloid/TAM	GO:0002092	positive regulation of receptor internalization	4/342	29/15651	0.137931034482759	6.31215970961887	4.27955505936115	0.00345524959014875	0.0306143698158211	0.0306143698158211	HAMP/SYK/CD63/ARRB2	4
Myeloid/TAM	GO:0032369	negative regulation of lipid transport	4/342	29/15651	0.137931034482759	6.31215970961887	4.27955505936115	0.00345524959014875	0.0306143698158211	0.0306143698158211	TSPO/APOE/NR1H3/APOC1	4
Myeloid/TAM	GO:0042113	B cell activation	12/342	221/15651	0.0542986425339367	2.48487735175042	3.32277220880465	0.00348200099012363	0.0307979171001281	0.0307979171001281	MEF2C/TYROBP/THEMIS2/CD81/SYK/ZFP36L1/TNFSF13B/CD74/MNDA/SPI1/LAPTM5/LYN	12
Myeloid/TAM	GO:0050852	T cell receptor signaling pathway	9/342	139/15651	0.0647482014388489	2.96308216584627	3.47463181697814	0.00348814447530643	0.0307979171001281	0.0307979171001281	THEMIS2/CD81/HLA-DRB1/HLA-DQB1/LGALS3/HLA-DPB1/LILRB4/LAPTM5/CD4	9
Myeloid/TAM	GO:0002448	mast cell mediated immunity	5/342	47/15651	0.106382978723404	4.86842105263158	3.96973493014086	0.00349755525427323	0.0307979171001281	0.0307979171001281	STXBP2/LGALS9/VAMP8/CD84/LYN	5
Myeloid/TAM	GO:0002931	response to ischemia	5/342	47/15651	0.106382978723404	4.86842105263158	3.96973493014086	0.00349755525427323	0.0307979171001281	0.0307979171001281	MEF2C/CSF1R/P2RX4/TREM2/ITGAM	5
Myeloid/TAM	GO:1990748	cellular detoxification	8/342	114/15651	0.0701754385964912	3.21144967682364	3.54195236673937	0.00354348504511829	0.0311542768373574	0.0311542768373574	AKR1A1/SLC11A1/APOE/S100A9/SOD2/ALDH2/GPX4/GSTO1	8
Myeloid/TAM	GO:0006879	intracellular iron ion homeostasis	6/342	68/15651	0.0882352941176471	4.03792569659443	3.75234603006531	0.00365377530575448	0.0320745259917462	0.0320745259917462	HAMP/SLC11A1/HMOX1/FTL/FTH1/ATP6V0D1	6
Myeloid/TAM	GO:0007044	cell-substrate junction assembly	7/342	91/15651	0.0769230769230769	3.52024291497976	3.6037538119841	0.00376966417533082	0.0329903432276651	0.0329903432276651	TLN1/CORO1C/DST/RHOA/RAC1/FN1/S100A10	7
Myeloid/TAM	GO:0034763	negative regulation of transmembrane transport	7/342	91/15651	0.0769230769230769	3.52024291497976	3.6037538119841	0.00376966417533082	0.0329903432276651	0.0329903432276651	HAMP/UCP2/OAZ1/IL1B/PEA15/GSTO1/CALM3	7
Myeloid/TAM	GO:1903317	regulation of protein maturation	5/342	48/15651	0.104166666666667	4.76699561403509	3.90668586719453	0.00383567466051508	0.0335166303413461	0.0335166303413461	ANXA2/GSN/PLAUR/S100A10/CTSZ	5
Myeloid/TAM	GO:0042167	heme catabolic process	3/342	15/15651	0.2	9.15263157894737	4.72147210205853	0.00387131768187832	0.0336221289083678	0.0336221289083678	HMOX1/BLVRB/SLCO2B1	3
Myeloid/TAM	GO:0046149	pigment catabolic process	3/342	15/15651	0.2	9.15263157894737	4.72147210205853	0.00387131768187832	0.0336221289083678	0.0336221289083678	HMOX1/BLVRB/SLCO2B1	3
Myeloid/TAM	GO:0060586	multicellular organismal-level iron ion homeostasis	3/342	15/15651	0.2	9.15263157894737	4.72147210205853	0.00387131768187832	0.0336221289083678	0.0336221289083678	HAMP/SLC11A1/HMOX1	3
Myeloid/TAM	GO:2000193	positive regulation of fatty acid transport	3/342	15/15651	0.2	9.15263157894737	4.72147210205853	0.00387131768187832	0.0336221289083678	0.0336221289083678	IL1B/P2RX4/ACSL1	3
Myeloid/TAM	GO:0043123	positive regulation of canonical NF-kappaB signal transduction	12/342	224/15651	0.0535714285714286	2.4515977443609	3.27059197301504	0.00387990492134646	0.0336454976917977	0.0336454976917977	HMOX1/LTBR/IL1B/RHOA/CD74/LGALS9/LGALS1/TLR4/LIMS1/NAMPT/PYCARD/CLEC7A	12
Myeloid/TAM	GO:0097707	ferroptosis	4/342	30/15651	0.133333333333333	6.10175438596491	4.18044554006915	0.00391916164046065	0.0339343494999521	0.0339343494999521	HMOX1/FTH1/NINJ1/GPX4	4
Myeloid/TAM	GO:0000041	transition metal ion transport	7/342	92/15651	0.0760869565217391	3.48197940503432	3.56860154527309	0.00400555694343256	0.0345774703770441	0.0345774703770441	HAMP/SLC11A1/FTL/FTH1/ATOX1/MCOLN1/CLTC	7
Myeloid/TAM	GO:0018958	phenol-containing compound metabolic process	7/342	92/15651	0.0760869565217391	3.48197940503432	3.56860154527309	0.00400555694343256	0.0345774703770441	0.0345774703770441	SULT1A1/ALDH2/ITGAM/COMT/ZEB2/CTSB/ITGB2	7
Myeloid/TAM	GO:0002279	mast cell activation involved in immune response	5/342	49/15651	0.102040816326531	4.66970998925886	3.84535517757998	0.00419656545813707	0.0361716049911332	0.0361716049911332	STXBP2/LGALS9/VAMP8/CD84/LYN	5
Myeloid/TAM	GO:0002700	regulation of production of molecular mediator of immune response	9/342	143/15651	0.0629370629370629	2.8801987486198	3.3759087116804	0.00420719470603642	0.0362085263840781	0.0362085263840782	LILRB1/RTN4/IL1B/CD81/CD74/LILRB4/LAPTM5/CLEC7A/TNFRSF1B	9
Myeloid/TAM	GO:0014013	regulation of gliogenesis	6/342	70/15651	0.0857142857142857	3.92255639097744	3.66278197522387	0.00422104686403733	0.0362184863251083	0.0362184863251083	TSPO/IL1B/TREM2/LYN/QKI/TNFRSF1B	6
Myeloid/TAM	GO:0050853	B cell receptor signaling pathway	6/342	70/15651	0.0857142857142857	3.92255639097744	3.66278197522387	0.00422104686403733	0.0362184863251083	0.0362184863251083	MEF2C/CD81/SYK/MNDA/LYN/GRB2	6
Myeloid/TAM	GO:0030098	lymphocyte differentiation	16/342	348/15651	0.0459770114942529	2.10405323653962	3.11306479769849	0.00426798840757048	0.0365662790594552	0.0365662790594552	HLA-DRA/IL1B/CTSL/HLA-DRB1/SYK/ZFP36L1/TNFSF13B/RHOA/CD74/ACTB/LGALS1/SPI1/LILRB4/LAPTM5/CD4/LILRB2	16
Myeloid/TAM	GO:0030522	intracellular receptor signaling pathway	17/342	380/15651	0.0447368421052632	2.04729916897507	3.08905493032359	0.00430392675657979	0.0368188996597365	0.0368188996597365	RTN4/NAGK/SYK/NR4A1/DAB2/MSR1/NR1H3/YWHAH/TLR4/TREM2/UNC93B1/HAVCR2/FABP5/SLC15A3/PYCARD/LYN/PLD3	17
Myeloid/TAM	GO:0002456	T cell mediated immunity	8/342	118/15651	0.0677966101694915	3.10258697591436	3.42660555738612	0.00437104176603618	0.037337072330842	0.037337072330842	HLA-DRA/LILRB1/CTSH/IL1B/CD81/HLA-DRB1/LILRB4/TNFRSF1B	8
Myeloid/TAM	GO:0030217	T cell differentiation	13/342	257/15651	0.0505836575875486	2.31486790907229	3.17665286491086	0.00439514397764218	0.0374868333877822	0.0374868333877822	HLA-DRA/IL1B/CTSL/HLA-DRB1/ZFP36L1/RHOA/CD74/ACTB/LGALS1/SPI1/LILRB4/CD4/LILRB2	13
Myeloid/TAM	GO:0045920	negative regulation of exocytosis	4/342	31/15651	0.129032258064516	5.90492359932088	4.08572744271319	0.00442346623505315	0.0376720870704676	0.0376720870704676	GNAI2/LGALS9/SPI1/CD84	4
Myeloid/TAM	GO:0048488	synaptic vesicle endocytosis	6/342	71/15651	0.0845070422535211	3.86730911786509	3.61923493950369	0.00452789521276724	0.0384971658739556	0.0384971658739556	ACTB/AP2A2/CLTA/RAC1/CALM3/AP2S1	6
Myeloid/TAM	GO:0042176	regulation of protein catabolic process	17/342	382/15651	0.0445026178010471	2.03658032515845	3.06567532116137	0.00453384077590224	0.0384971658739556	0.0384971658739556	HAMP/LRP1/APOE/OAZ1/ADAM9/IL1B/CD81/GABARAP/ANXA2/CST3/DAB2/TREM2/LAPTM5/TIMP1/CTSA/TNFRSF1B/TIMP2	17
Myeloid/TAM	GO:0048857	neural nucleus development	5/342	50/15651	0.1	4.57631578947368	3.78565869284652	0.00458104736680875	0.0388402024888718	0.0388402024888718	GNB4/RHOA/ACTB/YWHAH/CALM3	5
Myeloid/TAM	GO:0002643	regulation of tolerance induction	3/342	16/15651	0.1875	8.58059210526316	4.53430771711797	0.00468827906264445	0.0393401769580135	0.0393401769580135	HAVCR2/LILRB4/LILRB2	3
Myeloid/TAM	GO:0006787	porphyrin-containing compound catabolic process	3/342	16/15651	0.1875	8.58059210526316	4.53430771711797	0.00468827906264445	0.0393401769580135	0.0393401769580135	HMOX1/BLVRB/SLCO2B1	3
Myeloid/TAM	GO:0010042	response to manganese ion	3/342	16/15651	0.1875	8.58059210526316	4.53430771711797	0.00468827906264445	0.0393401769580135	0.0393401769580135	TSPO/ADAM9/SOD2	3
Myeloid/TAM	GO:0033015	tetrapyrrole catabolic process	3/342	16/15651	0.1875	8.58059210526316	4.53430771711797	0.00468827906264445	0.0393401769580135	0.0393401769580135	HMOX1/BLVRB/SLCO2B1	3
Myeloid/TAM	GO:0033238	regulation of amine metabolic process	3/342	16/15651	0.1875	8.58059210526316	4.53430771711797	0.00468827906264445	0.0393401769580135	0.0393401769580135	ALDH2/ITGAM/ITGB2	3
Myeloid/TAM	GO:0043031	negative regulation of macrophage activation	3/342	16/15651	0.1875	8.58059210526316	4.53430771711797	0.00468827906264445	0.0393401769580135	0.0393401769580135	VSIG4/NR1H3/GRN	3
Myeloid/TAM	GO:1903729	regulation of plasma membrane organization	3/342	16/15651	0.1875	8.58059210526316	4.53430771711797	0.00468827906264445	0.0393401769580135	0.0393401769580135	ANXA2/GSN/S100A10	3
Myeloid/TAM	GO:0007584	response to nutrient	9/342	146/15651	0.0616438356164384	2.82101658255227	3.30408533704725	0.00481865409449363	0.0403748021485766	0.0403748021485766	TSPO/CYBB/SPP1/GNAI2/FOLR2/SOD2/ACSL1/ABCA1/CD4	9
Myeloid/TAM	GO:0072665	protein localization to vacuole	6/342	72/15651	0.0833333333333333	3.81359649122807	3.57647411137017	0.00485087079547891	0.0405851448079218	0.0405851448079218	RTN4/CD81/GLMP/LAPTM5/MFSD1/SCARB2	6
Myeloid/TAM	GO:0010743	regulation of macrophage derived foam cell differentiation	4/342	32/15651	0.125	5.7203947368421	3.99506184383643	0.00496972164764563	0.0412769020690916	0.0412769020690916	IL1B/MSR1/NR1H3/ABCA1	4
Myeloid/TAM	GO:0032691	negative regulation of interleukin-1 beta production	4/342	32/15651	0.125	5.7203947368421	3.99506184383643	0.00496972164764563	0.0412769020690916	0.0412769020690916	IL1B/TREM2/LILRB4/ARRB2	4
Myeloid/TAM	GO:0042401	biogenic amine biosynthetic process	4/342	32/15651	0.125	5.7203947368421	3.99506184383643	0.00496972164764563	0.0412769020690916	0.0412769020690916	OAZ1/SMS/ALDH2/SAT1	4
Myeloid/TAM	GO:0071634	regulation of transforming growth factor beta production	4/342	32/15651	0.125	5.7203947368421	3.99506184383643	0.00496972164764563	0.0412769020690916	0.0412769020690916	LILRB1/TYROBP/LGALS9/FN1	4
Myeloid/TAM	GO:2000406	positive regulation of T cell migration	4/342	32/15651	0.125	5.7203947368421	3.99506184383643	0.00496972164764563	0.0412769020690916	0.0412769020690916	AIF1/RHOA/LGALS9/PYCARD	4
Myeloid/TAM	GO:0002260	lymphocyte homeostasis	5/342	51/15651	0.0980392156862745	4.48658410732714	3.72751798462504	0.00498993502548477	0.0413244836798492	0.0413244836798492	MEF2C/TNFSF13B/CD74/LGALS9/LYN	5
Myeloid/TAM	GO:0070050	neuron cellular homeostasis	5/342	51/15651	0.0980392156862745	4.48658410732714	3.72751798462504	0.00498993502548477	0.0413244836798492	0.0413244836798492	ATP6V1B2/ATP6V0A1/ATP6V1F/ATP6V0D1/ATP6V0C	5
Myeloid/TAM	GO:0002709	regulation of T cell mediated immunity	7/342	96/15651	0.0729166666666667	3.33689692982456	3.43270892552194	0.00506259061242984	0.0416841876400067	0.0416841876400067	HLA-DRA/LILRB1/IL1B/CD81/HLA-DRB1/LILRB4/TNFRSF1B	7
Myeloid/TAM	GO:0019217	regulation of fatty acid metabolic process	7/342	96/15651	0.0729166666666667	3.33689692982456	3.43270892552194	0.00506259061242984	0.0416841876400067	0.0416841876400067	IL1B/PDK4/CD74/NR1H3/FABP5/NME2/APOC1	7
Myeloid/TAM	GO:1990868	response to chemokine	7/342	96/15651	0.0729166666666667	3.33689692982456	3.43270892552194	0.00506259061242984	0.0416841876400067	0.0416841876400067	RHOA/TREM2/CCR1/LYN/DUSP1/CMKLR1/ARRB2	7
Myeloid/TAM	GO:1990869	cellular response to chemokine	7/342	96/15651	0.0729166666666667	3.33689692982456	3.43270892552194	0.00506259061242984	0.0416841876400067	0.0416841876400067	RHOA/TREM2/CCR1/LYN/DUSP1/CMKLR1/ARRB2	7
Myeloid/TAM	GO:0071331	cellular response to hexose stimulus	8/342	121/15651	0.0661157024793388	3.02566333188343	3.3432668059744	0.00508361745077016	0.0417970045736232	0.0417970045736232	UCP2/HLA-DRB1/GNAS/CYBA/TREM2/SLC2A5/RAC1/USF2	8
Myeloid/TAM	GO:0006970	response to osmotic stress	6/342	73/15651	0.0821917808219178	3.76135544340303	3.53447330301375	0.00519046342555376	0.0425528510146692	0.0425528510146692	TSPO/FBP1/SERPINB6/ZFP36L1/NINJ1/PYCARD	6
Myeloid/TAM	GO:0019915	lipid storage	6/342	73/15651	0.0821917808219178	3.76135544340303	3.53447330301375	0.00519046342555376	0.0425528510146692	0.0425528510146692	APOE/PLIN2/MSR1/NR1H3/TREM2/ABCA1	6
Myeloid/TAM	GO:0048872	homeostasis of number of cells	11/342	204/15651	0.053921568627451	2.46762125902993	3.15357974060449	0.00532369032120937	0.0435824633756394	0.0435824633756394	MEF2C/HMOX1/LTBR/ZFP36L1/TNFSF13B/GLUL/CD74/MAFB/LGALS9/SPI1/LYN	11
Myeloid/TAM	GO:0001776	leukocyte homeostasis	6/342	74/15651	0.0810810810810811	3.71052631578947	3.49320755242534	0.00554716289363361	0.0450836272499742	0.0450836272499742	MEF2C/LTBR/TNFSF13B/CD74/LGALS9/LYN	6
Myeloid/TAM	GO:0002825	regulation of T-helper 1 type immune response	4/342	33/15651	0.121212121212121	5.54704944178628	3.9081457295772	0.00555944222827007	0.0450836272499742	0.0450836272499742	SLC11A1/IL1B/LGALS9/HAVCR2	4
Myeloid/TAM	GO:0009309	amine biosynthetic process	4/342	33/15651	0.121212121212121	5.54704944178628	3.9081457295772	0.00555944222827007	0.0450836272499742	0.0450836272499742	OAZ1/SMS/ALDH2/SAT1	4
Myeloid/TAM	GO:0048066	developmental pigmentation	4/342	33/15651	0.121212121212121	5.54704944178628	3.9081457295772	0.00555944222827007	0.0450836272499742	0.0450836272499742	MEF2C/ZEB2/CD63/RAB32	4
Myeloid/TAM	GO:0008298	intracellular mRNA localization	3/342	17/15651	0.176470588235294	8.07585139318885	4.36279616407119	0.00560170526065796	0.0450836272499742	0.0450836272499742	ZFP36L1/QKI/ZNF385A	3
Myeloid/TAM	GO:0034134	toll-like receptor 2 signaling pathway	3/342	17/15651	0.176470588235294	8.07585139318885	4.36279616407119	0.00560170526065796	0.0450836272499742	0.0450836272499742	CYBA/TREM2/LYN	3
Myeloid/TAM	GO:0090713	immunological memory process	3/342	17/15651	0.176470588235294	8.07585139318885	4.36279616407119	0.00560170526065796	0.0450836272499742	0.0450836272499742	HLA-DRA/CD81/HLA-DRB1	3
Myeloid/TAM	GO:0097186	amelogenesis	3/342	17/15651	0.176470588235294	8.07585139318885	4.36279616407119	0.00560170526065796	0.0450836272499742	0.0450836272499742	FAM20C/CSF3R/FAM20A	3
Myeloid/TAM	GO:1900221	regulation of amyloid-beta clearance	3/342	17/15651	0.176470588235294	8.07585139318885	4.36279616407119	0.00560170526065796	0.0450836272499742	0.0450836272499742	LRP1/APOE/TREM2	3
Myeloid/TAM	GO:1903428	positive regulation of reactive oxygen species biosynthetic process	3/342	17/15651	0.176470588235294	8.07585139318885	4.36279616407119	0.00560170526065796	0.0450836272499742	0.0450836272499742	SOD2/CYBA/TLR4	3
Myeloid/TAM	GO:1905146	lysosomal protein catabolic process	3/342	17/15651	0.176470588235294	8.07585139318885	4.36279616407119	0.00560170526065796	0.0450836272499742	0.0450836272499742	LRP1/CTSH/LAPTM5	3
Myeloid/TAM	GO:0071326	cellular response to monosaccharide stimulus	8/342	123/15651	0.0650406504065041	2.97646555412923	3.28912862082021	0.00560587448769338	0.0450836272499742	0.0450836272499742	UCP2/HLA-DRB1/GNAS/CYBA/TREM2/SLC2A5/RAC1/USF2	8
Myeloid/TAM	GO:0002440	production of molecular mediator of immune response	10/342	177/15651	0.0564971751412429	2.5854891465953	3.17062896518971	0.00560977485935536	0.0450836272499742	0.0450836272499742	LILRB1/RTN4/IL1B/CD81/CD74/LILRB4/LAPTM5/SAMHD1/CLEC7A/TNFRSF1B	10
Myeloid/TAM	GO:0099003	vesicle-mediated transport in synapse	12/342	235/15651	0.051063829787234	2.33684210526316	3.08620669051071	0.00566260581260102	0.0453893050929212	0.0453893050929212	ATP6V1B2/STXBP2/ATP6V0A1/ACTB/ATP6V1F/AP2A2/CLTA/RAC1/ATP6V0D1/ATP6V0C/CALM3/AP2S1	12
Myeloid/TAM	GO:0007032	endosome organization	7/342	98/15651	0.0714285714285714	3.2687969924812	3.36742864651533	0.00566371980830002	0.0453893050929212	0.0453893050929212	CORO1C/ATP6V0A1/ATP6V1F/ATP6V0B/ATP6V0C/PLD3/SCARB2	7
Myeloid/TAM	GO:0034405	response to fluid shear stress	5/342	53/15651	0.0943396226415094	4.31727904667329	3.61561595996288	0.00588415401855349	0.0470237854760031	0.0470237854760031	MEF2C/MPP1/P2RX4/GNAS/ABCA1	5
Myeloid/TAM	GO:0046456	icosanoid biosynthetic process	5/342	53/15651	0.0943396226415094	4.31727904667329	3.61561595996288	0.00588415401855349	0.0470237854760031	0.0470237854760031	IL1B/NAIP/CD74/FABP5/PYCARD	5
Myeloid/TAM	GO:0030901	midbrain development	6/342	75/15651	0.08	3.66105263157895	3.45265305017071	0.00592145850401642	0.0471897237764213	0.0471897237764213	GNB4/RHOA/ACTB/YWHAH/RAC1/CALM3	6
Myeloid/TAM	GO:0140238	presynaptic endocytosis	6/342	75/15651	0.08	3.66105263157895	3.45265305017071	0.00592145850401642	0.0471897237764213	0.0471897237764213	ACTB/AP2A2/CLTA/RAC1/CALM3/AP2S1	6
Myeloid/TAM	GO:0071248	cellular response to metal ion	9/342	151/15651	0.0596026490066225	2.72760543743465	3.18833538620836	0.00598885588092334	0.047660267303415	0.047660267303415	MEF2C/SLC11A1/TSPO/UCP2/FBP1/CYBB/P2RX4/MCOLN1/LGMN	9
Myeloid/TAM	GO:0050767	regulation of neurogenesis	13/342	267/15651	0.048689138576779	2.22816873644786	3.02535153615916	0.0060221058793253	0.0478581283390392	0.0478581283390392	TSPO/SPP1/RTN4/IL1B/PLXND1/ANXA2/VIM/YWHAH/TREM2/LYN/QKI/S100A10/TNFRSF1B	13
Myeloid/TAM	GO:0110053	regulation of actin filament organization	12/342	237/15651	0.0506329113924051	2.31712191872085	3.05379081973487	0.00604736173649806	0.0479919973135715	0.0479919973135715	ARHGAP18/ARAP1/PLEK/CYFIP1/RHOA/GSN/HCK/RAC1/CCDC88A/PYCARD/COTL1/S100A10	12
Myeloid/TAM	GO:0046394	carboxylic acid biosynthetic process	14/342	298/15651	0.0469798657718121	2.14994701518898	2.99561605719178	0.00606374754800579	0.0480551993179459	0.0480551993179459	CYP27A1/IL1B/NAIP/PDK4/GLUL/CD74/ACSL1/NR1H3/FABP5/GPX4/MGLL/PYCARD/NME2/APOC1	14
Myeloid/TAM	GO:0097237	cellular response to toxic substance	8/342	125/15651	0.064	2.92884210526316	3.23607594993911	0.00616807286977555	0.0488141800207203	0.0488141800207203	AKR1A1/SLC11A1/APOE/S100A9/SOD2/ALDH2/GPX4/GSTO1	8
Myeloid/TAM	GO:0030212	hyaluronan metabolic process	4/342	34/15651	0.117647058823529	5.38390092879257	3.82470723027528	0.00619409605841064	0.0488845257389919	0.0488845257389919	IL1B/LYVE1/HEXA/CLTC	4
Myeloid/TAM	GO:0031103	axon regeneration	4/342	34/15651	0.117647058823529	5.38390092879257	3.82470723027528	0.00619409605841064	0.0488845257389919	0.0488845257389919	TSPO/SPP1/CTNNA1/GRN	4
Myeloid/TAM	GO:0170062	nutrient storage	6/342	76/15651	0.0789473684210526	3.61288088642659	3.41278707145533	0.00631383861505497	0.0496464627148249	0.0496464627148249	APOE/PLIN2/MSR1/NR1H3/TREM2/ABCA1	6
Myeloid/TAM	GO:0120162	positive regulation of cold-induced thermogenesis	7/342	100/15651	0.07	3.20342105263158	3.30381063126174	0.0063167423643468	0.0496464627148249	0.0496464627148249	UCP2/SYK/ACSL1/GNAS/FABP5/CMKLR1/CEBPB	7
Myeloid/TAM	GO:2001235	positive regulation of apoptotic signaling pathway	7/342	100/15651	0.07	3.20342105263158	3.30381063126174	0.0063167423643468	0.0496464627148249	0.0496464627148249	LTBR/CTSH/S100A9/TLR4/PYCARD/ATF3/S100A8	7
T/NK	GO:0042110	T cell activation	79/327	479/15651	0.164926931106472	7.89379632644462	22.3846219248459	8.86430361671899e-49	5.05797164369985e-45	5.05797164369985e-45	IRF1/EOMES/JUNB/CD247/TGFB1/CD40LG/THEMIS/CD69/CD5/XCL1/CD27/PTPRC/CD3D/SOCS3/RIPOR2/KLRC1/IL7R/RUNX3/TYROBP/MAP3K8/HLA-E/TRDC/CD6/CBLB/CLEC2B/SOD1/NKG7/ITK/SPN/MYC/RAC2/CD3G/ZFP36L2/PIK3R1/RORA/ZAP70/CCR7/SH2D2A/NFKBIZ/PTPN22/RHOH/TRBC1/LCK/STAT3/TESPA1/BRD2/PSMB9/KLRF1/GPR183/TRBC2/LEF1/CD300A/SIT1/TBX21/CD28/B2M/SOCS1/CAMK4/ICOS/TRAC/NCR3/BATF/CD2/CD3E/LAT/TCF7/HLA-A/TNFRSF4/FYN/CTLA4/LAG3/CD7/CCR6/CD8B/IKZF3/SLA2/CD8A/CCL5/HMGB1	79
T/NK	GO:0051249	regulation of lymphocyte activation	62/327	437/15651	0.14187643020595	6.79054437049944	17.9342567093238	4.64127826701876e-34	1.32415668958045e-30	1.32415668958045e-30	IRF1/JUNB/TGFB1/CD40LG/CD69/CD5/XCL1/CD27/PTPRC/RIPOR2/KLRC1/IL7R/RUNX3/TYROBP/MAP3K8/HLA-E/CD6/FLT3LG/CBLB/SOD1/TNFAIP3/SPN/SAMSN1/FGR/RAC2/ZFP36L2/ID2/ZAP70/CCR7/NFKBIZ/KLRD1/PTPN22/RHOH/LCK/TESPA1/BRD2/PSMB9/GPR183/LEF1/CD300A/SIT1/TBX21/CD28/B2M/SOCS1/CAMK4/ICOS/BATF/CD2/CD3E/LAT/TCF7/FCGR3A/HLA-A/TNFRSF4/FYN/CTLA4/LAG3/IKZF3/CCL5/HMGB1/KLRC3	62
T/NK	GO:0002694	regulation of leukocyte activation	65/327	499/15651	0.130260521042084	6.23457925024361	17.3596932532338	1.87254707882483e-33	3.56158454392483e-30	3.56158454392483e-30	IRF1/JUNB/TGFB1/CD40LG/CD69/CD5/XCL1/CD27/PTPRC/RIPOR2/KLRC1/IL7R/CCL3/RUNX3/TYROBP/MAP3K8/HLA-E/CD6/FLT3LG/CBLB/SOD1/TNFAIP3/SPN/SAMSN1/FGR/RAC2/MCUB/ZFP36L2/ID2/ZAP70/CCR7/NFKBIZ/KLRD1/PTPN22/RHOH/LCK/TESPA1/BRD2/PSMB9/GPR183/LEF1/CD300A/SIT1/TBX21/CD28/B2M/SOCS1/CAMK4/ICOS/BATF/CD2/CD3E/LAT/TCF7/FCGR3A/HLA-A/TNFRSF4/FYN/CTLA4/LAG3/CST7/IKZF3/CCL5/HMGB1/KLRC3	65
T/NK	GO:1903131	mononuclear cell differentiation	58/327	425/15651	0.136470588235294	6.53180787911495	16.8893764736013	6.58201571647218e-31	6.59870524820802e-28	6.59870524820802e-28	IRF1/EOMES/JUNB/TGFB1/THEMIS/CD69/CD27/PTPRC/CD3D/SOCS3/IFNG/KLRC1/IL7R/RUNX3/FLT3LG/SOD1/ITK/SPN/MYC/IKZF1/CD3G/NR3C1/ZFP36L2/PIK3R1/ID2/RORA/MYH9/ZAP70/CCR7/NFKBIZ/PTPN22/RHOH/LCK/STAT3/TESPA1/BRD2/PSMB9/KLF6/GPR183/LEF1/TBX21/CD28/HLA-B/SOCS1/CAMK4/ICOS/NPM1/BATF/CD2/CD3E/TCF7/CTLA4/LAG3/CCR6/IKZF3/CD8A/HMGB1/FOS	58
T/NK	GO:0002429	immune response-activating cell surface receptor signaling pathway	51/327	314/15651	0.162420382165605	7.77382691521066	17.712248074456	6.91608986563559e-31	6.59870524820802e-28	6.59870524820802e-28	TRAT1/PRKCH/CD247/THEMIS/CD5/PTPRC/CD3D/IFNG/KLRC1/TYROBP/TRDC/SH2D1A/CBLB/CLEC2B/TNFAIP3/ITK/RGCC/FGR/CD3G/PIK3R1/EZR/ZAP70/CCR7/NFKBIZ/KLRD1/PTPN22/TRBC1/LCK/TESPA1/TRBC2/LIME1/FCMR/CD300A/CD28/PDE4B/TRAC/FYB1/NCR3/CD3E/LAT/SKAP1/HLA-A/FYN/CTLA4/LAG3/CD8B/SLA2/CD8A/HMGB1/NFKBIA/KLRC3	51
T/NK	GO:0030217	T cell differentiation	47/327	257/15651	0.182879377431907	8.75304322992896	18.3066130430318	6.93870162797899e-31	6.59870524820802e-28	6.59870524820802e-28	IRF1/EOMES/JUNB/TGFB1/THEMIS/CD69/CD27/PTPRC/CD3D/SOCS3/KLRC1/IL7R/RUNX3/SOD1/ITK/SPN/CD3G/ZFP36L2/PIK3R1/RORA/ZAP70/CCR7/NFKBIZ/PTPN22/RHOH/LCK/STAT3/TESPA1/BRD2/PSMB9/GPR183/LEF1/TBX21/CD28/SOCS1/CAMK4/ICOS/BATF/CD2/CD3E/TCF7/CTLA4/LAG3/CCR6/IKZF3/CD8A/HMGB1	47
T/NK	GO:0002768	immune response-regulating cell surface receptor signaling pathway	53/327	359/15651	0.147632311977716	7.06603460172242	16.9849760376387	5.81515966333794e-30	4.74018586271519e-27	4.74018586271519e-27	TRAT1/PRKCH/CD247/THEMIS/CD5/PTPRC/CD3D/IFNG/KLRC1/TYROBP/TRDC/SH2D1A/FCER1G/CBLB/CLEC2B/TNFAIP3/ITK/RGCC/FGR/CD3G/PIK3R1/EZR/ZAP70/CCR7/NFKBIZ/KLRD1/PTPN22/TRBC1/LCK/TESPA1/TRBC2/LIME1/FCMR/CD300A/CD28/PDE4B/TRAC/FYB1/NCR3/CD3E/LAT/SKAP1/FCGR3A/HLA-A/FYN/CTLA4/LAG3/CD8B/SLA2/CD8A/HMGB1/NFKBIA/KLRC3	53
T/NK	GO:0050852	T cell receptor signaling pathway	36/327	139/15651	0.258992805755396	12.3960134644578	19.7138492579815	1.8409731593427e-29	1.31307410590118e-26	1.31307410590118e-26	TRAT1/CD247/THEMIS/PTPRC/CD3D/TRDC/SH2D1A/CBLB/CLEC2B/ITK/CD3G/EZR/ZAP70/CCR7/NFKBIZ/PTPN22/TRBC1/LCK/TESPA1/TRBC2/LIME1/CD300A/CD28/PDE4B/TRAC/FYB1/CD3E/LAT/SKAP1/HLA-A/FYN/CTLA4/LAG3/CD8B/SLA2/CD8A	36
T/NK	GO:0030098	lymphocyte differentiation	51/327	348/15651	0.146551724137931	7.01431509016134	16.574196579717	1.11319339471324e-28	7.05764612248197e-26	7.05764612248197e-26	IRF1/EOMES/JUNB/TGFB1/THEMIS/CD69/CD27/PTPRC/CD3D/SOCS3/KLRC1/IL7R/RUNX3/FLT3LG/SOD1/ITK/SPN/IKZF1/CD3G/ZFP36L2/PIK3R1/ID2/RORA/ZAP70/CCR7/NFKBIZ/PTPN22/RHOH/LCK/STAT3/TESPA1/BRD2/PSMB9/KLF6/GPR183/LEF1/TBX21/CD28/SOCS1/CAMK4/ICOS/BATF/CD2/CD3E/TCF7/CTLA4/LAG3/CCR6/IKZF3/CD8A/HMGB1	51
T/NK	GO:0050851	antigen receptor-mediated signaling pathway	40/327	196/15651	0.204081632653061	9.76783373900019	18.0439166564959	2.6993172202976e-28	1.54023040590181e-25	1.54023040590181e-25	TRAT1/PRKCH/CD247/THEMIS/CD5/PTPRC/CD3D/TRDC/SH2D1A/CBLB/CLEC2B/ITK/CD3G/EZR/ZAP70/CCR7/NFKBIZ/PTPN22/TRBC1/LCK/TESPA1/TRBC2/LIME1/FCMR/CD300A/CD28/PDE4B/TRAC/FYB1/CD3E/LAT/SKAP1/HLA-A/FYN/CTLA4/LAG3/CD8B/SLA2/CD8A/NFKBIA	40
T/NK	GO:0002757	immune response-activating signaling pathway	59/327	500/15651	0.118	5.64776146788991	15.4295464358072	5.60343304882233e-28	2.90665354332547e-25	2.90665354332547e-25	IRF1/TRAT1/PRKCH/CD247/THEMIS/CD5/TRAF3IP3/PTPRC/CD3D/IFNG/KLRC1/TYROBP/BIRC3/TRDC/SH2D1A/GBP5/CYLD/CBLB/CLEC2B/TNFAIP3/ITK/NOP53/RGCC/FGR/CD3G/PIK3R1/EZR/HSPA8/ZAP70/CCR7/NFKBIZ/KLRD1/PTPN22/TRBC1/LCK/TESPA1/TRBC2/LIME1/ABHD17A/FCMR/CD300A/CD28/PDE4B/TRAC/FYB1/NCR3/CD3E/LAT/SKAP1/HLA-A/FYN/CTLA4/LAG3/CD8B/SLA2/CD8A/HMGB1/NFKBIA/KLRC3	59
T/NK	GO:0046631	alpha-beta T cell activation	38/327	178/15651	0.213483146067416	10.2178125966395	18.0673970369763	1.10897889847597e-27	5.27319466225324e-25	5.27319466225324e-25	IRF1/EOMES/JUNB/CD247/CD69/XCL1/CD3D/SOCS3/RUNX3/HLA-E/CLEC2B/NKG7/ITK/SPN/MYC/CD3G/PIK3R1/RORA/NFKBIZ/TRBC1/LCK/STAT3/BRD2/PSMB9/KLRF1/GPR183/TRBC2/LEF1/CD300A/TBX21/SOCS1/ICOS/TRAC/NCR3/BATF/CD3E/HLA-A/HMGB1	38
T/NK	GO:0050863	regulation of T cell activation	48/327	332/15651	0.144578313253012	6.9198629379905	15.9261375040941	9.71967312215762e-27	4.26618883346395e-24	4.26618883346395e-24	IRF1/JUNB/TGFB1/CD40LG/CD69/CD5/XCL1/CD27/PTPRC/RIPOR2/IL7R/RUNX3/MAP3K8/HLA-E/CD6/CBLB/SOD1/SPN/RAC2/ZAP70/CCR7/NFKBIZ/PTPN22/RHOH/LCK/TESPA1/BRD2/PSMB9/LEF1/CD300A/SIT1/TBX21/CD28/B2M/SOCS1/CAMK4/ICOS/BATF/CD2/CD3E/LAT/TCF7/HLA-A/FYN/CTLA4/LAG3/CCL5/HMGB1	48
T/NK	GO:0007159	leukocyte cell-cell adhesion	47/327	379/15651	0.12401055408971	5.93544092372492	14.2083151263014	2.96879084825962e-23	1.20999432715496e-20	1.20999432715496e-20	IRF1/SELPLG/TGFB1/CD40LG/CD69/CD5/XCL1/CD27/PTPRC/RIPOR2/IL7R/RUNX3/MAP3K8/HLA-E/CD6/CBLB/SPN/RAC2/CX3CR1/EZR/ZAP70/CCR7/NFKBIZ/PTPN22/RHOH/LCK/TESPA1/BRD2/ETS1/PSMB9/LEF1/CD300A/TBX21/CD28/B2M/SOCS1/ICOS/CD3E/SKAP1/HLA-A/SELL/FYN/CTLA4/LAG3/ITGB2/CCL5/HMGB1	47
T/NK	GO:1903037	regulation of leukocyte cell-cell adhesion	42/327	337/15651	0.124629080118694	5.96504505485531	13.4598059431147	6.3126759546409e-21	2.4013419331454e-18	2.4013419331454e-18	IRF1/TGFB1/CD40LG/CD69/CD5/XCL1/CD27/PTPRC/RIPOR2/IL7R/RUNX3/MAP3K8/HLA-E/CD6/CBLB/SPN/ZAP70/CCR7/NFKBIZ/PTPN22/RHOH/LCK/TESPA1/BRD2/ETS1/PSMB9/LEF1/CD300A/TBX21/CD28/B2M/SOCS1/ICOS/CD3E/SKAP1/HLA-A/FYN/CTLA4/LAG3/ITGB2/CCL5/HMGB1	42
T/NK	GO:0002443	leukocyte mediated immunity	45/327	401/15651	0.112219451371571	5.37109062206868	12.9530502557602	1.63764480170557e-20	5.84025077408248e-18	5.84025077408248e-18	TGFB1/CD40LG/XCL1/CD27/PTPRC/KLRC1/CCL3/TYROBP/HLA-E/FCER1G/NKG7/PTGDR/FGR/CORO1A/RAC2/CX3CR1/PIK3R1/SH2D1B/NFKBIZ/KLRD1/GZMB/HLA-C/FCMR/CD300A/TBX21/HLA-B/B2M/PRF1/KLRB1/NCR3/BATF/CD2/IL2RB/LAT/FCGR3A/HLA-A/HCST/LAG3/CD7/CCR6/ITGB2/SLA2/CD8A/HMGB1/KLRC3	45
T/NK	GO:0022407	regulation of cell-cell adhesion	45/327	447/15651	0.100671140939597	4.81836093836586	11.9645614695867	1.23513282803848e-18	4.14568700987505e-16	4.14568700987505e-16	IRF1/TGFB1/CD40LG/CD69/CD5/XCL1/CD27/PTPRC/RIPOR2/IL7R/RUNX3/MAP3K8/HLA-E/CD6/CBLB/ADGRG1/SPN/RGCC/ZAP70/CCR7/NFKBIZ/PTPN22/RHOH/LCK/TESPA1/BRD2/ETS1/PSMB9/LEF1/CD300A/TBX21/CD28/FXYD5/B2M/SOCS1/ICOS/CD3E/SKAP1/HLA-A/FYN/CTLA4/LAG3/ITGB2/CCL5/HMGB1	45
T/NK	GO:0002449	lymphocyte mediated immunity	37/327	315/15651	0.117460317460317	5.62193097422455	12.1050798296419	1.15821373309842e-17	3.67153753392199e-15	3.67153753392199e-15	TGFB1/CD40LG/XCL1/CD27/PTPRC/KLRC1/TYROBP/HLA-E/FCER1G/NKG7/CORO1A/PIK3R1/SH2D1B/NFKBIZ/KLRD1/GZMB/HLA-C/FCMR/TBX21/HLA-B/B2M/PRF1/KLRB1/NCR3/BATF/CD2/IL2RB/FCGR3A/HLA-A/HCST/LAG3/CD7/CCR6/SLA2/CD8A/HMGB1/KLRC3	37
T/NK	GO:0002228	natural killer cell mediated immunity	21/327	82/15651	0.25609756097561	12.2574401432088	14.9300474831368	1.60005043868866e-17	4.805204106925e-15	4.805204106925e-15	TGFB1/KLRC1/TYROBP/HLA-E/NKG7/CORO1A/PIK3R1/SH2D1B/NFKBIZ/KLRD1/GZMB/HLA-C/HLA-B/B2M/KLRB1/NCR3/CD2/FCGR3A/HLA-A/HCST/KLRC3	21
T/NK	GO:0002366	leukocyte activation involved in immune response	33/327	255/15651	0.129411764705882	6.19395574743659	12.2154468872974	3.97617882001658e-17	1.13440381735073e-14	1.13440381735073e-14	EOMES/JUNB/TGFB1/CD40LG/CD69/SOCS3/IFNG/CCL3/TYROBP/FCER1G/NKG7/PTGDR/SPN/FGR/CORO1A/RAC2/CX3CR1/RORA/SH2D1B/NFKBIZ/STAT3/BRD2/PSMB9/GPR183/LEF1/CD300A/TBX21/BATF/LAT/FCGR3A/CCR6/ITGB2/HMGB1	33
T/NK	GO:0050867	positive regulation of cell activation	37/327	330/15651	0.112121212121212	5.36638865721434	11.7106440174811	5.44459847093486e-17	1.47937518453116e-14	1.47937518453116e-14	TGFB1/CD40LG/FLNA/PLEK/CD5/XCL1/CD27/PTPRC/IL7R/CCL3/RUNX3/TYROBP/MAP3K8/HLA-E/CD6/FLT3LG/ZAP70/CCR7/NFKBIZ/RHOH/LCK/TESPA1/BRD2/GPR183/LEF1/CD28/B2M/SOCS1/ICOS/CD2/CD3E/FCGR3A/HLA-A/TNFRSF4/FYN/CCL5/HMGB1	37
T/NK	GO:0002263	cell activation involved in immune response	33/327	260/15651	0.126923076923077	6.07484121383204	12.0537086161884	7.18159980068789e-17	1.86264583921478e-14	1.86264583921478e-14	EOMES/JUNB/TGFB1/CD40LG/CD69/SOCS3/IFNG/CCL3/TYROBP/FCER1G/NKG7/PTGDR/SPN/FGR/CORO1A/RAC2/CX3CR1/RORA/SH2D1B/NFKBIZ/STAT3/BRD2/PSMB9/GPR183/LEF1/CD300A/TBX21/BATF/LAT/FCGR3A/CCR6/ITGB2/HMGB1	33
T/NK	GO:0002696	positive regulation of leukocyte activation	35/327	312/15651	0.112179487179487	5.36917784050812	11.3873710280815	3.94716639953612e-16	9.79240498945787e-14	9.79240498945787e-14	TGFB1/CD40LG/CD5/XCL1/CD27/PTPRC/IL7R/CCL3/RUNX3/TYROBP/MAP3K8/HLA-E/CD6/FLT3LG/ZAP70/CCR7/NFKBIZ/RHOH/LCK/TESPA1/BRD2/GPR183/LEF1/CD28/B2M/SOCS1/ICOS/CD2/CD3E/FCGR3A/HLA-A/TNFRSF4/FYN/CCL5/HMGB1	35
T/NK	GO:1903039	positive regulation of leukocyte cell-cell adhesion	31/327	241/15651	0.128630705394191	6.15657238570178	11.7845579430019	4.46448265004673e-16	1.06143075004861e-13	1.06143075004861e-13	TGFB1/CD40LG/CD5/XCL1/CD27/PTPRC/IL7R/RUNX3/MAP3K8/HLA-E/CD6/ZAP70/CCR7/NFKBIZ/RHOH/LCK/TESPA1/BRD2/ETS1/LEF1/CD28/B2M/SOCS1/ICOS/CD3E/SKAP1/HLA-A/FYN/ITGB2/CCL5/HMGB1	31
T/NK	GO:0051251	positive regulation of lymphocyte activation	33/327	280/15651	0.117857142857143	5.64092398427261	11.4466231482222	6.6839557610159e-16	1.52554606289427e-13	1.52554606289427e-13	TGFB1/CD40LG/CD5/XCL1/CD27/PTPRC/IL7R/RUNX3/TYROBP/MAP3K8/HLA-E/CD6/FLT3LG/ZAP70/CCR7/NFKBIZ/RHOH/LCK/TESPA1/BRD2/GPR183/LEF1/CD28/B2M/SOCS1/ICOS/CD3E/FCGR3A/HLA-A/TNFRSF4/FYN/CCL5/HMGB1	33
T/NK	GO:1902105	regulation of leukocyte differentiation	33/327	281/15651	0.117437722419929	5.62084952169513	11.4178156775822	7.43348207683111e-16	1.63136341270763e-13	1.63136341270763e-13	IRF1/JUNB/TGFB1/CD69/CD27/IFNG/IL7R/CCL3/RUNX3/TYROBP/SOD1/MYC/ZFP36L2/ID2/ZAP70/NFKBIZ/RHOH/TESPA1/BRD2/PSMB9/LEF1/TBX21/HLA-B/SOCS1/CAMK4/BATF/CD2/IL2RB/TCF7/CTLA4/LAG3/IKZF3/HMGB1	33
T/NK	GO:0002683	negative regulation of immune system process	42/327	469/15651	0.0895522388059701	4.28618376009859	10.555012416194	1.30092696852017e-15	2.74929232680596e-13	2.74929232680596e-13	IRF1/TGFB1/CD69/CD5/XCL1/PTPRC/RIPOR2/KLRC1/CCL3/RUNX3/TYROBP/HLA-E/SH2D1A/LYAR/CBLB/TNFAIP3/SPN/SAMSN1/MYC/FGR/CX3CR1/TSC22D3/ID2/EZR/HSPA8/KLRD1/PTPN22/PSMB9/ABHD17A/CD300A/TBX21/HLA-B/SOCS1/DUSP1/HLA-A/FYN/CTLA4/LAG3/CST7/PIM1/SLA2/HMGB1	42
T/NK	GO:0001909	leukocyte mediated cytotoxicity	23/327	127/15651	0.181102362204724	8.6679910424041	12.6743768493742	1.68156274106964e-15	3.4267846430512e-13	3.4267846430512e-13	TGFB1/XCL1/PTPRC/KLRC1/TYROBP/HLA-E/NKG7/CORO1A/CX3CR1/PIK3R1/NFKBIZ/KLRD1/GZMB/HLA-C/HLA-B/PRF1/KLRB1/NCR3/CD2/FCGR3A/HLA-A/HCST/KLRC3	23
T/NK	GO:0045619	regulation of lymphocyte differentiation	27/327	187/15651	0.144385026737968	6.91061178433008	11.8778351556429	2.06199723177136e-15	4.0571573118922e-13	4.0571573118922e-13	IRF1/JUNB/TGFB1/CD69/CD27/IL7R/RUNX3/SOD1/ZFP36L2/ID2/ZAP70/NFKBIZ/RHOH/TESPA1/BRD2/PSMB9/LEF1/TBX21/SOCS1/CAMK4/BATF/CD2/TCF7/CTLA4/LAG3/IKZF3/HMGB1	27
T/NK	GO:0002460	adaptive immune response based on somatic recombination of immune receptors built from immunoglobulin superfamily domains	36/327	350/15651	0.102857142857143	4.9229882044561	10.8426663158209	2.29697386858018e-15	4.22791383681242e-13	4.22791383681242e-13	JUNB/TGFB1/CD40LG/CD69/XCL1/CD27/PTPRC/SOCS3/KLRC1/HLA-E/FCER1G/TNFAIP3/SPN/RORA/NFKBIZ/KLRD1/STAT3/BRD2/PSMB9/LEF1/HLA-C/FCMR/TBX21/HLA-B/B2M/PRF1/BATF/IL2RB/FCGR3A/HLA-A/LAG3/CD7/CCR6/SLA2/CD8A/HMGB1	36
T/NK	GO:1903706	regulation of hemopoiesis	36/327	350/15651	0.102857142857143	4.9229882044561	10.8426663158209	2.29697386858018e-15	4.22791383681242e-13	4.22791383681242e-13	IRF1/JUNB/TGFB1/CD69/CD27/IFNG/IL7R/CCL3/RUNX3/TYROBP/SOD1/MYC/ZFP36L2/ID2/ZAP70/NFKBIZ/RHOH/STAT3/TESPA1/BRD2/ETS1/PSMB9/ZFP36/LEF1/TBX21/HLA-B/SOCS1/CAMK4/BATF/CD2/IL2RB/TCF7/CTLA4/LAG3/IKZF3/HMGB1	36
T/NK	GO:0050854	regulation of antigen receptor-mediated signaling pathway	18/327	71/15651	0.253521126760563	12.1341258560538	13.7355656634504	4.11763833932755e-15	7.34226386381344e-13	7.34226386381344e-13	TRAT1/PRKCH/CD5/PTPRC/SH2D1A/CBLB/EZR/CCR7/PTPN22/LCK/TESPA1/FCMR/CD300A/CD28/FYN/CTLA4/LAG3/SLA2	18
T/NK	GO:0001906	cell killing	28/327	209/15651	0.133971291866029	6.41218559325754	11.5063882910799	4.36871215876886e-15	7.55390047816215e-13	7.55390047816215e-13	TGFB1/GNLY/XCL1/PTPRC/GZMM/KLRC1/TYROBP/HLA-E/GBP5/NKG7/CORO1A/CX3CR1/PIK3R1/NFKBIZ/KLRD1/GZMB/HLA-C/GZMA/HLA-B/PRF1/KLRB1/NCR3/CD2/FCGR3A/HLA-A/HCST/GZMH/KLRC3	28
T/NK	GO:0050870	positive regulation of T cell activation	28/327	218/15651	0.128440366972477	6.1474623348203	11.1799850238809	1.30362740957498e-14	2.1877935291279e-12	2.1877935291279e-12	TGFB1/CD40LG/CD5/XCL1/CD27/PTPRC/IL7R/RUNX3/MAP3K8/HLA-E/CD6/ZAP70/CCR7/NFKBIZ/RHOH/LCK/TESPA1/BRD2/LEF1/CD28/B2M/SOCS1/ICOS/CD3E/HLA-A/FYN/CCL5/HMGB1	28
T/NK	GO:0042267	natural killer cell mediated cytotoxicity	18/327	76/15651	0.236842105263158	11.335828102366	13.1941987555974	1.51044273716471e-14	2.46245321664624e-12	2.46245321664624e-12	TGFB1/KLRC1/HLA-E/NKG7/CORO1A/PIK3R1/NFKBIZ/KLRD1/GZMB/HLA-C/HLA-B/KLRB1/NCR3/CD2/FCGR3A/HLA-A/HCST/KLRC3	18
T/NK	GO:0045580	regulation of T cell differentiation	24/327	163/15651	0.147239263803681	7.04722237856701	11.3369713034889	5.03368348354533e-14	7.97838832141935e-12	7.97838832141935e-12	IRF1/JUNB/TGFB1/CD69/CD27/IL7R/RUNX3/SOD1/ZAP70/NFKBIZ/RHOH/TESPA1/BRD2/PSMB9/LEF1/TBX21/SOCS1/CAMK4/BATF/CD2/TCF7/CTLA4/LAG3/HMGB1	24
T/NK	GO:0022409	positive regulation of cell-cell adhesion	31/327	287/15651	0.10801393728223	5.16980468625132	10.4147653093767	5.93728315262705e-14	9.15625342402431e-12	9.15625342402431e-12	TGFB1/CD40LG/CD5/XCL1/CD27/PTPRC/IL7R/RUNX3/MAP3K8/HLA-E/CD6/ZAP70/CCR7/NFKBIZ/RHOH/LCK/TESPA1/BRD2/ETS1/LEF1/CD28/B2M/SOCS1/ICOS/CD3E/SKAP1/HLA-A/FYN/ITGB2/CCL5/HMGB1	31
T/NK	GO:0002695	negative regulation of leukocyte activation	24/327	165/15651	0.145454545454545	6.96180150125104	11.2459159234677	6.64481297939022e-14	9.97771127905279e-12	9.97771127905279e-12	IRF1/CD69/XCL1/PTPRC/RIPOR2/RUNX3/TYROBP/HLA-E/CBLB/TNFAIP3/SPN/SAMSN1/FGR/ID2/PTPN22/PSMB9/CD300A/TBX21/SOCS1/FYN/CTLA4/LAG3/CST7/HMGB1	24
T/NK	GO:0051250	negative regulation of lymphocyte activation	22/327	141/15651	0.156028368794326	7.46788990825688	11.2696713733691	1.73377012449554e-13	2.53663905906962e-11	2.53663905906962e-11	IRF1/CD69/XCL1/RIPOR2/RUNX3/TYROBP/HLA-E/CBLB/TNFAIP3/SPN/SAMSN1/FGR/ID2/PTPN22/PSMB9/CD300A/TBX21/SOCS1/FYN/CTLA4/LAG3/HMGB1	22
T/NK	GO:0050856	regulation of T cell receptor signaling pathway	15/327	54/15651	0.277777777777778	13.2951070336391	13.2206751222661	1.90075989818948e-13	2.7114339947673e-11	2.7114339947673e-11	TRAT1/PTPRC/SH2D1A/CBLB/EZR/CCR7/PTPN22/LCK/TESPA1/CD300A/CD28/FYN/CTLA4/LAG3/SLA2	15
T/NK	GO:0030101	natural killer cell activation	17/327	79/15651	0.215189873417722	10.2995006387179	12.10447484755	4.50599205688891e-13	6.27102211624588e-11	6.27102211624588e-11	PTPRC/KLRC1/TYROBP/HLA-E/SH2D1A/FLT3LG/NKG7/FGR/CORO1A/NFKBIZ/KLRD1/PTPN22/NCR3/CD2/FCGR3A/FYN/KLRC3	17
T/NK	GO:0001819	positive regulation of cytokine production	38/327	468/15651	0.0811965811965812	3.88626205598683	9.26029594138129	7.13911011002447e-13	9.69899102090468e-11	9.69899102090468e-11	IRF1/TRADD/TGFB1/CD40LG/XCL1/TRAF3IP3/PTPRC/IFNG/HSP90AA1/CCL3/TYROBP/HLA-E/CD6/GBP5/FCER1G/SOD1/ITK/SPN/RGCC/FGR/RORA/CCR7/LTB/PTPN22/STAT3/PSMB9/TBX21/CD28/B2M/PDE4B/BATF/CD2/SELENOK/FCGR3A/HLA-A/CD7/HMGB1/IL32	38
T/NK	GO:0031349	positive regulation of defense response	39/327	496/15651	0.0786290322580645	3.76337303936076	9.13581632703674	9.55149268584416e-13	1.25517210787247e-10	1.25517210787247e-10	IRF1/TRADD/TGFB1/TRAF3IP3/IFNG/KLRC1/HSP90AA1/CCL3/PDCD4/TYROBP/MAP3K8/HLA-E/BIRC3/GBP5/GPSM3/CYLD/PYHIN1/TNFAIP3/NKG7/NOP53/PIK3R1/SH2D1B/HSPA8/CCR7/NFKBIZ/KLRD1/PTPN22/STAT3/ETS1/GZMK/ABHD17A/HLA-C/CD300A/NCR3/FYN/CCL5/HMGB1/NFKBIA/KLRC3	39
T/NK	GO:0050866	negative regulation of cell activation	24/327	186/15651	0.129032258064516	6.1757916543356	10.3729735748652	9.75665683087434e-13	1.25517210787247e-10	1.25517210787247e-10	IRF1/CD69/XCL1/PTPRC/RIPOR2/RUNX3/TYROBP/HLA-E/CBLB/TNFAIP3/SPN/SAMSN1/FGR/ID2/PTPN22/PSMB9/CD300A/TBX21/SOCS1/FYN/CTLA4/LAG3/CST7/HMGB1	24
T/NK	GO:0035710	CD4-positive, alpha-beta T cell activation	20/327	123/15651	0.16260162601626	7.78250167822779	11.0313758081152	1.01188077395958e-12	1.25517210787247e-10	1.25517210787247e-10	JUNB/CD69/XCL1/SOCS3/RUNX3/NKG7/SPN/PIK3R1/RORA/NFKBIZ/STAT3/BRD2/PSMB9/GPR183/LEF1/TBX21/SOCS1/ICOS/BATF/HMGB1	20
T/NK	GO:0046632	alpha-beta T cell differentiation	20/327	123/15651	0.16260162601626	7.78250167822779	11.0313758081152	1.01188077395958e-12	1.25517210787247e-10	1.25517210787247e-10	EOMES/JUNB/CD69/SOCS3/RUNX3/ITK/SPN/PIK3R1/RORA/NFKBIZ/STAT3/BRD2/PSMB9/GPR183/LEF1/TBX21/SOCS1/ICOS/BATF/HMGB1	20
T/NK	GO:0070661	leukocyte proliferation	27/327	251/15651	0.107569721115538	5.14854344091524	9.67870199072587	2.94863805420163e-12	3.57977207176054e-10	3.57977207176054e-10	IRF1/CD40LG/XCL1/PTPRC/RIPOR2/TYROBP/HLA-E/CD6/FLT3LG/TNFAIP3/SPN/MYC/RAC2/NFKBIZ/PTPN22/GPR183/CD300A/CD28/CD3E/IL2RB/FCGR3A/HLA-A/TNFRSF4/CTLA4/IKZF3/CCL5/HMGB1	27
T/NK	GO:0070663	regulation of leukocyte proliferation	25/327	214/15651	0.116822429906542	5.59140015433422	9.87905844387521	3.10238569002832e-12	3.68796098902117e-10	3.68796098902117e-10	IRF1/CD40LG/XCL1/PTPRC/RIPOR2/TYROBP/HLA-E/CD6/FLT3LG/TNFAIP3/SPN/RAC2/PTPN22/GPR183/CD300A/CD28/CD3E/IL2RB/FCGR3A/HLA-A/TNFRSF4/CTLA4/IKZF3/CCL5/HMGB1	25
T/NK	GO:0043367	CD4-positive, alpha-beta T cell differentiation	18/327	105/15651	0.171428571428571	8.20498034076016	10.8208927753428	5.58307738809601e-12	6.44904289577808e-10	6.44904289577808e-10	JUNB/CD69/SOCS3/RUNX3/SPN/PIK3R1/RORA/NFKBIZ/STAT3/BRD2/PSMB9/GPR183/LEF1/TBX21/SOCS1/ICOS/BATF/HMGB1	18
T/NK	GO:0002819	regulation of adaptive immune response	23/327	184/15651	0.125	5.98279816513761	9.931712521949	5.7532393301664e-12	6.44904289577808e-10	6.44904289577808e-10	IRF1/JUNB/TGFB1/CD69/XCL1/PTPRC/KLRC1/HLA-E/TNFAIP3/SAMSN1/NFKBIZ/KLRD1/BRD2/HLA-C/TBX21/HLA-B/B2M/BATF/SKAP1/HLA-A/LAG3/CD7/HMGB1	23
T/NK	GO:0046651	lymphocyte proliferation	25/327	220/15651	0.113636363636364	5.43890742285238	9.68579711830075	5.76412877120018e-12	6.44904289577808e-10	6.44904289577808e-10	IRF1/CD40LG/XCL1/PTPRC/RIPOR2/TYROBP/HLA-E/CD6/FLT3LG/SPN/MYC/RAC2/NFKBIZ/PTPN22/GPR183/CD300A/CD28/CD3E/FCGR3A/HLA-A/TNFRSF4/CTLA4/IKZF3/CCL5/HMGB1	25
T/NK	GO:0032943	mononuclear cell proliferation	25/327	223/15651	0.112107623318386	5.36573826469741	9.59180381356273	7.79499578031555e-12	8.55350883124625e-10	8.55350883124625e-10	IRF1/CD40LG/XCL1/PTPRC/RIPOR2/TYROBP/HLA-E/CD6/FLT3LG/SPN/MYC/RAC2/NFKBIZ/PTPN22/GPR183/CD300A/CD28/CD3E/FCGR3A/HLA-A/TNFRSF4/CTLA4/IKZF3/CCL5/HMGB1	25
T/NK	GO:0050670	regulation of lymphocyte proliferation	23/327	191/15651	0.120418848167539	5.76353331091791	9.67578302604484	1.25675415918555e-11	1.35302627024769e-09	1.35302627024769e-09	IRF1/CD40LG/XCL1/PTPRC/RIPOR2/TYROBP/HLA-E/CD6/FLT3LG/SPN/RAC2/PTPN22/GPR183/CD300A/CD28/CD3E/FCGR3A/HLA-A/TNFRSF4/CTLA4/IKZF3/CCL5/HMGB1	23
T/NK	GO:0002697	regulation of immune effector process	30/327	332/15651	0.0903614457831325	4.32491433624406	8.94497785895221	1.5475209663594e-11	1.61931817860768e-09	1.61931817860768e-09	JUNB/TGFB1/CD69/XCL1/PTPRC/KLRC1/TYROBP/HLA-E/FGR/RAC2/CX3CR1/SH2D1B/NFKBIZ/KLRD1/BRD2/HLA-C/CD300A/TBX21/HLA-B/B2M/KLRB1/NCR3/BATF/HLA-A/TNFRSF4/LAG3/CD7/ITGB2/HMGB1/KLRC3	30
T/NK	GO:0032944	regulation of mononuclear cell proliferation	23/327	193/15651	0.119170984455959	5.70380757712602	9.60498135150195	1.56085698954474e-11	1.61931817860768e-09	1.61931817860768e-09	IRF1/CD40LG/XCL1/PTPRC/RIPOR2/TYROBP/HLA-E/CD6/FLT3LG/SPN/RAC2/PTPN22/GPR183/CD300A/CD28/CD3E/FCGR3A/HLA-A/TNFRSF4/CTLA4/IKZF3/CCL5/HMGB1	23
T/NK	GO:0045785	positive regulation of cell adhesion	34/327	423/15651	0.0803782505910166	3.84709480122324	8.67152845527704	1.66975712666011e-11	1.68507815321919e-09	1.68507815321919e-09	TGFB1/CD40LG/FLNA/CD5/XCL1/CD27/PTPRC/IFNG/IL7R/RUNX3/MAP3K8/HLA-E/CD6/ADGRG1/ZAP70/CCR7/NFKBIZ/RHOH/LCK/TESPA1/BRD2/ETS1/LEF1/CD28/B2M/SOCS1/ICOS/CD3E/SKAP1/HLA-A/FYN/ITGB2/CCL5/HMGB1	34
T/NK	GO:0002285	lymphocyte activation involved in immune response	22/327	176/15651	0.125	5.98279816513761	9.71089540768889	1.6833062519014e-11	1.68507815321919e-09	1.68507815321919e-09	EOMES/JUNB/TGFB1/CD40LG/CD69/SOCS3/TYROBP/NKG7/SPN/CORO1A/RORA/NFKBIZ/STAT3/BRD2/PSMB9/GPR183/LEF1/TBX21/BATF/FCGR3A/CCR6/HMGB1	22
T/NK	GO:0002703	regulation of leukocyte mediated immunity	24/327	213/15651	0.112676056338028	5.39294482491278	9.42963771689933	1.85997879929177e-11	1.81051014979578e-09	1.81051014979578e-09	TGFB1/XCL1/PTPRC/KLRC1/TYROBP/HLA-E/FGR/RAC2/CX3CR1/SH2D1B/KLRD1/HLA-C/CD300A/TBX21/HLA-B/B2M/KLRB1/NCR3/HLA-A/LAG3/CD7/ITGB2/HMGB1/KLRC3	24
T/NK	GO:0043368	positive T cell selection	12/327	40/15651	0.3	14.3587155963303	12.3573205752205	1.8720662256914e-11	1.81051014979578e-09	1.81051014979578e-09	THEMIS/CD69/CD3D/SOCS3/SPN/CD3G/ZAP70/STAT3/BRD2/TBX21/BATF/CD3E	12
T/NK	GO:0006968	cellular defense response	13/327	50/15651	0.26	12.4442201834862	11.8396799926958	2.0190503338543e-11	1.92011686749544e-09	1.92011686749544e-09	TRAT1/GNLY/TYROBP/SH2D1A/KLRG1/ITK/SPN/CX3CR1/FCMR/PRF1/CCR6/LSP1/KLRC3	13
T/NK	GO:0050900	leukocyte migration	30/327	337/15651	0.0890207715133531	4.26074646775379	8.83960048715849	2.25197731716884e-11	2.1065217330763e-09	2.1065217330763e-09	SELPLG/TGFB1/CKLF/CD69/XCL1/RIPOR2/CCL3/CCL4/SPN/RAC2/CXCR4/CXCR3/CX3CR1/MYH9/ZAP70/CCR7/LCK/GPR183/S1PR1/CD300A/TBX21/PDE4B/DUSP1/SELL/FYN/CCR6/CD99/ITGB2/CCL5/HMGB1	30
T/NK	GO:0045088	regulation of innate immune response	35/327	452/15651	0.0774336283185841	3.70615815539498	8.52824876239802	2.35110834984493e-11	2.16377810390567e-09	2.16377810390567e-09	IRF1/TGFB1/TRAF3IP3/KLRC1/HSP90AA1/TYROBP/HLA-E/BIRC3/LYAR/GBP5/CYLD/PYHIN1/TNFAIP3/NOP53/FGR/PIK3R1/SH2D1B/HSPA8/NFKBIZ/KLRD1/PTPN22/ABHD17A/HLA-C/CD300A/HLA-B/B2M/KLRB1/NCR3/HLA-A/FYN/PIM1/CCL5/HMGB1/NFKBIA/KLRC3	35
T/NK	GO:0045058	T cell selection	14/327	64/15651	0.21875	10.4698967889908	11.0891674273275	4.2732033491359e-11	3.87030131907451e-09	3.87030131907452e-09	THEMIS/CD69/CD3D/SOCS3/SPN/CD3G/ZAP70/CCR7/STAT3/BRD2/PSMB9/TBX21/BATF/CD3E	14
T/NK	GO:0042093	T-helper cell differentiation	16/327	93/15651	0.172043010752688	8.23438887244747	10.2214242893366	8.13634428982342e-11	7.2540594558957e-09	7.2540594558957e-09	JUNB/CD69/SOCS3/SPN/PIK3R1/RORA/NFKBIZ/STAT3/BRD2/PSMB9/GPR183/LEF1/TBX21/ICOS/BATF/HMGB1	16
T/NK	GO:0019221	cytokine-mediated signaling pathway	35/327	482/15651	0.0726141078838174	3.47548441128326	8.06399435135725	1.38626597338862e-10	1.216928252947e-08	1.216928252947e-08	IRF1/IFITM1/TRADD/XCL1/PTPRC/SOCS3/IFNG/IL7R/CCL3/BIRC3/CCL4/XCL2/CXCR6/FCER1G/CYLD/TNFAIP3/PLP2/CXCR4/CXCR3/CX3CR1/PIK3R1/EZR/CCR7/CISH/NFKBIZ/STAT3/SOCS1/TNFRSF25/IL2RB/TNFRSF4/CCR6/CCL5/IFITM2/NFKBIA/TMSB4X	35
T/NK	GO:0072676	lymphocyte migration	16/327	100/15651	0.16	7.65798165137615	9.75682260523319	2.51952782859202e-10	2.17824633181001e-08	2.17824633181001e-08	CKLF/CD69/XCL1/RIPOR2/CCL3/CCL4/SPN/CXCR3/ZAP70/CCR7/GPR183/S1PR1/TBX21/CCR6/CD99/CCL5	16
T/NK	GO:0050868	negative regulation of T cell activation	17/327	118/15651	0.14406779661017	6.89542839371793	9.39017480192533	3.76958613843245e-10	3.21033709043217e-08	3.21033709043217e-08	IRF1/CD69/XCL1/RIPOR2/RUNX3/HLA-E/CBLB/SPN/PTPN22/PSMB9/CD300A/TBX21/SOCS1/FYN/CTLA4/LAG3/HMGB1	17
T/NK	GO:0002822	regulation of adaptive immune response based on somatic recombination of immune receptors built from immunoglobulin superfamily domains	20/327	172/15651	0.116279069767442	5.56539364198848	8.79459771471879	5.31599174216796e-10	4.46074248247212e-08	4.46074248247212e-08	JUNB/TGFB1/CD69/XCL1/PTPRC/KLRC1/HLA-E/TNFAIP3/NFKBIZ/KLRD1/BRD2/HLA-C/TBX21/HLA-B/B2M/BATF/HLA-A/LAG3/CD7/HMGB1	20
T/NK	GO:0002274	myeloid leukocyte activation	22/327	211/15651	0.104265402843602	4.99039088656028	8.5246782296186	5.94265344715417e-10	4.91431602455967e-08	4.91431602455967e-08	PTPRC/IFNG/CCL3/TYROBP/FCER1G/PTGDR/FGR/RAC2/MCUB/CX3CR1/NFKBIZ/RHOH/CD300A/CAMK4/BATF/CD2/LAT/FCGR3A/CST7/ITGB2/CCL5/HMGB1	22
T/NK	GO:0043068	positive regulation of programmed cell death	33/327	460/15651	0.0717391304347826	3.43360590347028	7.73893073788287	6.59728825284786e-10	5.37773239582142e-08	5.37773239582142e-08	ITGA1/TRADD/TGFB1/CD40LG/IFNG/CCL3/PDCD4/CYLD/TXNIP/STK17B/SOD1/MYC/RGCC/UBB/ITM2C/CXCR3/MCL1/HSPA8/BIN1/LTB/LCK/GADD45B/GZMA/PHLDA1/PRF1/BTG1/STK17A/DUSP1/DNAJA1/CTLA4/RACK1/CCL5/HMGB1	33
T/NK	GO:0050727	regulation of inflammatory response	29/327	365/15651	0.0794520547945206	3.80276486112857	7.91463961019736	7.35132929390081e-10	5.90798379591521e-08	5.90798379591521e-08	TRADD/TGFB1/CD69/XCL1/PTPRC/IFNG/CCL3/PDCD4/MAP3K8/HLA-E/BIRC3/GBP5/GPSM3/CYLD/SOD1/TNFAIP3/NKG7/FGR/RORA/CCR7/NFKBIZ/STAT3/ETS1/GZMK/FYN/CST7/CCL5/NFKBIA/TMSB4X	29
T/NK	GO:0022408	negative regulation of cell-cell adhesion	20/327	178/15651	0.112359550561798	5.37779610349449	8.58071039300562	9.80869011761154e-10	7.77338691820715e-08	7.77338691820715e-08	IRF1/TGFB1/CD69/XCL1/RIPOR2/RUNX3/HLA-E/CBLB/SPN/RGCC/PTPN22/PSMB9/CD300A/TBX21/FXYD5/SOCS1/FYN/CTLA4/LAG3/HMGB1	20
T/NK	GO:0002287	alpha-beta T cell activation involved in immune response	14/327	80/15651	0.175	8.37591743119266	9.66157129928131	9.96452190693472e-10	7.78870712342048e-08	7.78870712342048e-08	EOMES/JUNB/CD69/SOCS3/SPN/RORA/NFKBIZ/STAT3/BRD2/PSMB9/LEF1/TBX21/BATF/HMGB1	14
T/NK	GO:0002715	regulation of natural killer cell mediated immunity	12/327	55/15651	0.218181818181818	10.4427022518766	10.2474545973289	1.11005545178844e-09	8.44530187720646e-08	8.44530187720646e-08	TGFB1/KLRC1/HLA-E/SH2D1B/KLRD1/HLA-C/HLA-B/B2M/KLRB1/NCR3/HLA-A/KLRC3	12
T/NK	GO:0033077	T cell differentiation in thymus	12/327	55/15651	0.218181818181818	10.4427022518766	10.2474545973289	1.11005545178844e-09	8.44530187720646e-08	8.44530187720646e-08	PTPRC/CD3D/SOD1/CD3G/ZFP36L2/ZAP70/CCR7/TESPA1/PSMB9/CAMK4/CD3E/CCR6	12
T/NK	GO:0071674	mononuclear cell migration	21/327	201/15651	0.104477611940299	5.00054772011502	8.3386974670586	1.42161189291137e-09	1.06454285408132e-07	1.06454285408132e-07	TGFB1/CKLF/CD69/XCL1/RIPOR2/CCL3/CCL4/SPN/CXCR4/CXCR3/CX3CR1/ZAP70/CCR7/GPR183/S1PR1/TBX21/DUSP1/CCR6/CD99/CCL5/HMGB1	21
T/NK	GO:0042113	B cell activation	22/327	221/15651	0.0995475113122172	4.76458134418199	8.23331696500199	1.43655449989943e-09	1.06454285408132e-07	1.06454285408132e-07	TGFB1/CD40LG/CD27/PTPRC/TYROBP/FLT3LG/TNFAIP3/SAMSN1/ZFP36L2/PIK3R1/ID2/ZAP70/NFKBIZ/STAT3/KLF6/GPR183/CD300A/BATF/TNFRSF4/CTLA4/CCR6/IKZF3	22
T/NK	GO:0031341	regulation of cell killing	15/327	97/15651	0.154639175257732	7.40139979192282	9.23814441025349	1.51038066506796e-09	1.10490154806126e-07	1.10490154806126e-07	TGFB1/XCL1/PTPRC/KLRC1/TYROBP/HLA-E/CX3CR1/KLRD1/HLA-C/HLA-B/PRF1/KLRB1/NCR3/HLA-A/KLRC3	15
T/NK	GO:1903038	negative regulation of leukocyte cell-cell adhesion	17/327	129/15651	0.131782945736434	6.30744612758694	8.84202189187586	1.5523351066439e-09	1.12121824284938e-07	1.12121824284938e-07	IRF1/CD69/XCL1/RIPOR2/RUNX3/HLA-E/CBLB/SPN/PTPN22/PSMB9/CD300A/TBX21/SOCS1/FYN/CTLA4/LAG3/HMGB1	17
T/NK	GO:0046629	gamma-delta T cell activation	8/327	19/15651	0.421052631578947	20.1525832930951	12.2023046215502	2.06278223650288e-09	1.47127943018568e-07	1.47127943018568e-07	CD247/KLRC1/TRDC/ITK/CD3G/LEF1/CD3E/TCF7	8
T/NK	GO:0002292	T cell differentiation involved in immune response	14/327	85/15651	0.164705882352941	7.88321640582839	9.29517026162987	2.28497501086659e-09	1.60963795209935e-07	1.60963795209935e-07	EOMES/JUNB/CD69/SOCS3/SPN/RORA/NFKBIZ/STAT3/BRD2/PSMB9/LEF1/TBX21/BATF/HMGB1	14
T/NK	GO:0043065	positive regulation of apoptotic process	31/327	436/15651	0.0711009174311927	3.40305950677552	7.43390089904382	2.78052185264645e-09	1.93483630380496e-07	1.93483630380496e-07	ITGA1/TRADD/TGFB1/CD40LG/IFNG/CCL3/PDCD4/CYLD/TXNIP/STK17B/SOD1/MYC/RGCC/UBB/ITM2C/CXCR3/MCL1/BIN1/LTB/LCK/GADD45B/GZMA/PHLDA1/BTG1/STK17A/DUSP1/DNAJA1/CTLA4/RACK1/CCL5/HMGB1	31
T/NK	GO:0002456	T cell mediated immunity	16/327	118/15651	0.135593220338983	6.48981495879335	8.74411809466216	3.10371580678736e-09	2.12791472272917e-07	2.12791472272917e-07	XCL1/PTPRC/KLRC1/HLA-E/NFKBIZ/KLRD1/HLA-C/TBX21/HLA-B/B2M/PRF1/HLA-A/LAG3/CD7/CD8A/HMGB1	16
T/NK	GO:0001910	regulation of leukocyte mediated cytotoxicity	14/327	87/15651	0.160919540229885	7.70199304017716	9.15688928811666	3.13257687888626e-09	2.12791472272917e-07	2.12791472272917e-07	TGFB1/XCL1/PTPRC/KLRC1/TYROBP/HLA-E/CX3CR1/KLRD1/HLA-C/HLA-B/KLRB1/NCR3/HLA-A/KLRC3	14
T/NK	GO:0097190	apoptotic signaling pathway	33/327	495/15651	0.0666666666666667	3.1908256880734	7.23540925894069	4.1857541012364e-09	2.80987210607705e-07	2.80987210607705e-07	TRADD/TGFB1/CD40LG/CD27/IFNG/HSPE1/BIRC3/CYLD/SOD1/TNFAIP3/TPT1/HINT1/PLSCR3/MYC/UBB/ITM2C/CX3CR1/MCL1/NR4A2/NFKBIZ/LTB/LCK/STAT3/GZMK/PPP1R15A/DDIT4/TNFRSF25/SELENOK/DNAJA1/DDX5/CRIP1/FYN/RACK1	33
T/NK	GO:0002704	negative regulation of leukocyte mediated immunity	12/327	64/15651	0.1875	8.97419724770642	9.33771617037596	7.02156478036123e-09	4.65872658566758e-07	4.65872658566758e-07	TGFB1/XCL1/PTPRC/KLRC1/HLA-E/CX3CR1/KLRD1/CD300A/TBX21/HLA-B/HLA-A/LAG3	12
T/NK	GO:0002705	positive regulation of leukocyte mediated immunity	16/327	126/15651	0.126984126984127	6.07776321537789	8.3596267860955	8.18102341402092e-09	5.3656229425751e-07	5.3656229425751e-07	TGFB1/XCL1/KLRC1/TYROBP/HLA-E/SH2D1B/KLRD1/HLA-C/TBX21/HLA-B/B2M/NCR3/HLA-A/CD7/ITGB2/KLRC3	16
T/NK	GO:0072678	T cell migration	12/327	65/15651	0.184615384615385	8.83613267466479	9.24775037862357	8.4517564124104e-09	5.4801956919561e-07	5.4801956919561e-07	CD69/XCL1/RIPOR2/CCL3/SPN/CXCR3/ZAP70/GPR183/S1PR1/CCR6/CD99/CCL5	12
T/NK	GO:0002286	T cell activation involved in immune response	15/327	110/15651	0.136363636363636	6.52668890742285	8.49702423970453	8.98227430002919e-09	5.75874799505242e-07	5.75874799505242e-07	EOMES/JUNB/CD69/SOCS3/TYROBP/SPN/RORA/NFKBIZ/STAT3/BRD2/PSMB9/LEF1/TBX21/BATF/HMGB1	15
T/NK	GO:0002699	positive regulation of immune effector process	21/327	223/15651	0.0941704035874439	4.50722014234583	7.70558505725912	9.27285171612634e-09	5.8789879880241e-07	5.8789879880241e-07	TGFB1/XCL1/PTPRC/KLRC1/TYROBP/HLA-E/FGR/SH2D1B/NFKBIZ/KLRD1/BRD2/HLA-C/TBX21/HLA-B/B2M/NCR3/HLA-A/TNFRSF4/CD7/ITGB2/KLRC3	21
T/NK	GO:0002706	regulation of lymphocyte mediated immunity	18/327	165/15651	0.109090909090909	5.22135112593828	7.96285482429691	1.09910875249932e-08	6.8917742217155e-07	6.89177422171549e-07	TGFB1/XCL1/PTPRC/KLRC1/HLA-E/SH2D1B/KLRD1/HLA-C/TBX21/HLA-B/B2M/KLRB1/NCR3/HLA-A/LAG3/CD7/HMGB1/KLRC3	18
T/NK	GO:0046634	regulation of alpha-beta T cell activation	14/327	96/15651	0.145833333333333	6.97993119266055	8.58502909369918	1.17009649559201e-08	7.25714196070437e-07	7.25714196070437e-07	IRF1/JUNB/CD69/XCL1/RUNX3/HLA-E/NFKBIZ/BRD2/CD300A/TBX21/SOCS1/BATF/HLA-A/HMGB1	14
T/NK	GO:0050729	positive regulation of inflammatory response	17/327	151/15651	0.112582781456954	5.38848046661401	7.91556227105148	1.76033960654497e-08	1.08005352633824e-06	1.08005352633824e-06	TRADD/TGFB1/IFNG/CCL3/PDCD4/MAP3K8/HLA-E/GBP5/GPSM3/NKG7/CCR7/NFKBIZ/STAT3/ETS1/GZMK/CCL5/NFKBIA	17
T/NK	GO:0045089	positive regulation of innate immune response	27/327	370/15651	0.072972972972973	3.49266055045872	7.08815311265613	1.78994413260495e-08	1.08653417240892e-06	1.08653417240892e-06	IRF1/TRAF3IP3/KLRC1/HSP90AA1/TYROBP/HLA-E/BIRC3/GBP5/CYLD/PYHIN1/TNFAIP3/NOP53/PIK3R1/SH2D1B/HSPA8/NFKBIZ/KLRD1/PTPN22/ABHD17A/HLA-C/CD300A/NCR3/FYN/CCL5/HMGB1/NFKBIA/KLRC3	27
T/NK	GO:0050858	negative regulation of antigen receptor-mediated signaling pathway	10/327	44/15651	0.227272727272727	10.8778148457048	9.58456661010463	1.82598459764303e-08	1.09674401201591e-06	1.09674401201591e-06	CD5/SH2D1A/CBLB/EZR/PTPN22/CD300A/FYN/CTLA4/LAG3/SLA2	10
T/NK	GO:0050853	B cell receptor signaling pathway	12/327	70/15651	0.171428571428571	8.20498034076016	8.82529298172956	2.03311060209767e-08	1.2084301141218e-06	1.2084301141218e-06	PRKCH/CD5/PTPRC/ITK/NFKBIZ/PTPN22/LCK/LIME1/FCMR/CD300A/CTLA4/NFKBIA	12
T/NK	GO:0042098	T cell proliferation	17/327	156/15651	0.108974358974359	5.21577275935074	7.73016346524558	2.8748425458595e-08	1.69111871821385e-06	1.69111871821385e-06	IRF1/CD40LG/XCL1/PTPRC/RIPOR2/HLA-E/CD6/SPN/MYC/RAC2/CD28/CD3E/HLA-A/TNFRSF4/CTLA4/CCL5/HMGB1	17
T/NK	GO:0032814	regulation of natural killer cell activation	9/327	35/15651	0.257142857142857	12.3074705111402	9.78271860514287	2.97514385811129e-08	1.7322623320799e-06	1.7322623320799e-06	KLRC1/TYROBP/HLA-E/FLT3LG/FGR/KLRD1/PTPN22/FCGR3A/KLRC3	9
T/NK	GO:0140507	granzyme-mediated programmed cell death signaling pathway	6/327	11/15651	0.545454545454545	26.1067556296914	12.1678413720756	3.36166091003679e-08	1.92582102873164e-06	1.92582102873164e-06	NKG7/SRGN/GZMK/GZMB/GZMA/PRF1	6
T/NK	GO:0060326	cell chemotaxis	23/327	285/15651	0.0807017543859649	3.8625784645099	7.12433595583407	3.37508066724788e-08	1.92582102873164e-06	1.92582102873164e-06	ITGA1/CKLF/XCL1/RIPOR2/CCL3/CCL4/XCL2/CXCR6/RAC2/CXCR4/CXCR3/CX3CR1/CCR7/GPR183/LEF1/BIN2/PDE4B/DUSP1/CCR6/ITGB2/CCL5/HMGB1/TMSB4X	23
T/NK	GO:0002708	positive regulation of lymphocyte mediated immunity	14/327	105/15651	0.133333333333333	6.38165137614679	8.0825026219872	3.78784535976409e-08	2.13994511116969e-06	2.13994511116969e-06	TGFB1/XCL1/KLRC1/HLA-E/SH2D1B/KLRD1/HLA-C/TBX21/HLA-B/B2M/NCR3/HLA-A/CD7/KLRC3	14
T/NK	GO:0031343	positive regulation of cell killing	11/327	60/15651	0.183333333333333	8.77477064220183	8.81396255477366	3.85118450476621e-08	2.15439792001921e-06	2.15439792001921e-06	XCL1/KLRC1/TYROBP/HLA-E/KLRD1/HLA-C/HLA-B/PRF1/NCR3/HLA-A/KLRC3	11
T/NK	GO:0006935	chemotaxis	28/327	412/15651	0.0679611650485437	3.25278346842433	6.76916031378779	4.44331660150525e-08	2.43784274309509e-06	2.43784274309509e-06	ITGA1/TGFB1/CKLF/XCL1/RIPOR2/CCL3/CCL4/XCL2/CXCR6/SPN/PLP2/CORO1A/RAC2/CXCR4/CXCR3/CX3CR1/CCR7/GPR183/LEF1/S1PR1/BIN2/PDE4B/DUSP1/CCR6/ITGB2/CCL5/HMGB1/TMSB4X	28
T/NK	GO:0042330	taxis	28/327	412/15651	0.0679611650485437	3.25278346842433	6.76916031378779	4.44331660150525e-08	2.43784274309509e-06	2.43784274309509e-06	ITGA1/TGFB1/CKLF/XCL1/RIPOR2/CCL3/CCL4/XCL2/CXCR6/SPN/PLP2/CORO1A/RAC2/CXCR4/CXCR3/CX3CR1/CCR7/GPR183/LEF1/S1PR1/BIN2/PDE4B/DUSP1/CCR6/ITGB2/CCL5/HMGB1/TMSB4X	28
T/NK	GO:0007162	negative regulation of cell adhesion	22/327	267/15651	0.0823970037453183	3.94371714256262	7.08699371538113	4.66882672147318e-08	2.53717383549771e-06	2.53717383549771e-06	IRF1/TGFB1/CD69/XCL1/PTPRC/RIPOR2/RUNX3/HLA-E/CBLB/SPN/RGCC/PTPN22/PSMB9/CD300A/TBX21/FXYD5/SOCS1/DUSP1/FYN/CTLA4/LAG3/HMGB1	22
T/NK	GO:0042269	regulation of natural killer cell mediated cytotoxicity	10/327	49/15651	0.204081632653061	9.76783373900019	8.97935588739957	5.51259169231176e-08	2.92190322742564e-06	2.92190322742564e-06	TGFB1/KLRC1/HLA-E/KLRD1/HLA-C/HLA-B/KLRB1/NCR3/HLA-A/KLRC3	10
T/NK	GO:0032640	tumor necrosis factor production	17/327	163/15651	0.104294478527607	4.99178251815163	7.48355542843083	5.53041620332929e-08	2.92190322742564e-06	2.92190322742564e-06	TGFB1/PTPRC/IFNG/CCL3/TYROBP/HLA-E/TNFAIP3/SPN/CX3CR1/PTPN22/STAT3/PSMB9/ZFP36/CD2/SELENOK/FCGR3A/HMGB1	17
T/NK	GO:0032680	regulation of tumor necrosis factor production	17/327	163/15651	0.104294478527607	4.99178251815163	7.48355542843083	5.53041620332929e-08	2.92190322742564e-06	2.92190322742564e-06	TGFB1/PTPRC/IFNG/CCL3/TYROBP/HLA-E/TNFAIP3/SPN/CX3CR1/PTPN22/STAT3/PSMB9/ZFP36/CD2/SELENOK/FCGR3A/HMGB1	17
T/NK	GO:0048872	homeostasis of number of cells	19/327	204/15651	0.0931372549019608	4.45777118186724	7.26163200391461	5.70843261372263e-08	2.98828591687168e-06	2.98828591687168e-06	IL7R/OCIAD2/LYAR/SOD1/TNFAIP3/IKZF1/CX3CR1/TSC22D3/ID2/NFKBIZ/LTB/STAT3/ETS1/PSMB9/GPR183/ZFP36/SIT1/PDE4B/HMGB1	19
T/NK	GO:0002833	positive regulation of response to biotic stimulus	27/327	396/15651	0.0681818181818182	3.26334445371143	6.66403264618168	7.31470328714798e-08	3.79433608695149e-06	3.79433608695149e-06	IRF1/TRAF3IP3/KLRC1/HSP90AA1/TYROBP/HLA-E/BIRC3/GBP5/CYLD/PYHIN1/TNFAIP3/NOP53/PIK3R1/SH2D1B/HSPA8/NFKBIZ/KLRD1/PTPN22/ABHD17A/HLA-C/CD300A/NCR3/FYN/CCL5/HMGB1/NFKBIA/KLRC3	27
T/NK	GO:0071706	tumor necrosis factor superfamily cytokine production	17/327	168/15651	0.101190476190476	4.84321756225426	7.31588769203752	8.63750235625962e-08	4.40049896828727e-06	4.40049896828727e-06	TGFB1/PTPRC/IFNG/CCL3/TYROBP/HLA-E/TNFAIP3/SPN/CX3CR1/PTPN22/STAT3/PSMB9/ZFP36/CD2/SELENOK/FCGR3A/HMGB1	17
T/NK	GO:1903555	regulation of tumor necrosis factor superfamily cytokine production	17/327	168/15651	0.101190476190476	4.84321756225426	7.31588769203752	8.63750235625962e-08	4.40049896828727e-06	4.40049896828727e-06	TGFB1/PTPRC/IFNG/CCL3/TYROBP/HLA-E/TNFAIP3/SPN/CX3CR1/PTPN22/STAT3/PSMB9/ZFP36/CD2/SELENOK/FCGR3A/HMGB1	17
T/NK	GO:0002709	regulation of T cell mediated immunity	13/327	96/15651	0.135416666666667	6.48136467889908	7.86926700749998	9.68518950848006e-08	4.78958343510893e-06	4.78958343510893e-06	XCL1/PTPRC/KLRC1/HLA-E/KLRD1/HLA-C/TBX21/HLA-B/B2M/HLA-A/LAG3/CD7/HMGB1	13
T/NK	GO:1990868	response to chemokine	13/327	96/15651	0.135416666666667	6.48136467889908	7.86926700749998	9.68518950848006e-08	4.78958343510893e-06	4.78958343510893e-06	XCL1/RIPOR2/CCL3/CCL4/XCL2/CXCR6/CXCR4/CXCR3/CX3CR1/CCR7/DUSP1/CCR6/CCL5	13
T/NK	GO:1990869	cellular response to chemokine	13/327	96/15651	0.135416666666667	6.48136467889908	7.86926700749998	9.68518950848006e-08	4.78958343510893e-06	4.78958343510893e-06	XCL1/RIPOR2/CCL3/CCL4/XCL2/CXCR6/CXCR4/CXCR3/CX3CR1/CCR7/DUSP1/CCR6/CCL5	13
T/NK	GO:0001911	negative regulation of leukocyte mediated cytotoxicity	8/327	29/15651	0.275862068965517	13.2034166403037	9.60853323639726	9.76082443247557e-08	4.78958343510893e-06	4.78958343510893e-06	TGFB1/PTPRC/KLRC1/HLA-E/CX3CR1/KLRD1/HLA-B/HLA-A	8
T/NK	GO:0070665	positive regulation of leukocyte proliferation	15/327	131/15651	0.114503816793893	5.48042580012606	7.52235897185288	9.82091240637478e-08	4.78958343510893e-06	4.78958343510893e-06	CD40LG/XCL1/PTPRC/HLA-E/CD6/FLT3LG/GPR183/CD28/CD3E/IL2RB/FCGR3A/HLA-A/TNFRSF4/CCL5/HMGB1	15
T/NK	GO:0050777	negative regulation of immune response	18/327	191/15651	0.0942408376963351	4.51059128680532	7.130782418672	1.07217108055884e-07	5.18458320819385e-06	5.18458320819385e-06	TGFB1/CD69/XCL1/PTPRC/KLRC1/HLA-E/LYAR/TNFAIP3/SAMSN1/FGR/KLRD1/CD300A/TBX21/HLA-B/HLA-A/FYN/LAG3/PIM1	18
T/NK	GO:0072539	T-helper 17 cell differentiation	10/327	53/15651	0.188679245283019	9.03063873983036	8.55457704263645	1.21464558717042e-07	5.8241745549533e-06	5.8241745549533e-06	JUNB/CD69/SOCS3/RORA/NFKBIZ/STAT3/BRD2/PSMB9/TBX21/BATF	10
T/NK	GO:0050671	positive regulation of lymphocyte proliferation	14/327	116/15651	0.120689655172414	5.77649478013287	7.54271414227628	1.35916900144907e-07	6.46284860189033e-06	6.46284860189033e-06	CD40LG/XCL1/PTPRC/HLA-E/CD6/FLT3LG/GPR183/CD28/CD3E/FCGR3A/HLA-A/TNFRSF4/CCL5/HMGB1	14
T/NK	GO:0032946	positive regulation of mononuclear cell proliferation	14/327	117/15651	0.11965811965812	5.72712302987532	7.49709754736412	1.51517336208561e-07	7.14510678021529e-06	7.14510678021529e-06	CD40LG/XCL1/PTPRC/HLA-E/CD6/FLT3LG/GPR183/CD28/CD3E/FCGR3A/HLA-A/TNFRSF4/CCL5/HMGB1	14
T/NK	GO:0050857	positive regulation of antigen receptor-mediated signaling pathway	7/327	22/15651	0.318181818181818	15.2289407839867	9.7558090753788	2.1228827425676e-07	9.92882699105795e-06	9.92882699105795e-06	TRAT1/PRKCH/PTPRC/CCR7/LCK/TESPA1/CD28	7
T/NK	GO:0002275	myeloid cell activation involved in immune response	12/327	86/15651	0.13953488372093	6.67847237038618	7.71349417187984	2.16678765765625e-07	1.00517807923468e-05	1.00517807923468e-05	IFNG/CCL3/TYROBP/FCER1G/PTGDR/FGR/RAC2/CX3CR1/CD300A/LAT/ITGB2/HMGB1	12
T/NK	GO:0002707	negative regulation of lymphocyte mediated immunity	10/327	57/15651	0.175438596491228	8.3969097054563	8.17248168140994	2.49804004034662e-07	1.14950132824337e-05	1.14950132824337e-05	TGFB1/XCL1/PTPRC/KLRC1/HLA-E/KLRD1/TBX21/HLA-B/HLA-A/LAG3	10
T/NK	GO:0042129	regulation of T cell proliferation	15/327	142/15651	0.105633802816901	5.05588577335573	7.09223251386923	2.86104197707242e-07	1.30600844169402e-05	1.30600844169402e-05	IRF1/CD40LG/XCL1/PTPRC/RIPOR2/HLA-E/CD6/SPN/RAC2/CD28/CD3E/HLA-A/CTLA4/CCL5/HMGB1	15
T/NK	GO:0001912	positive regulation of leukocyte mediated cytotoxicity	10/327	58/15651	0.172413793103448	8.25213540018981	8.08276657609136	2.96313496730343e-07	1.3313108758609e-05	1.3313108758609e-05	XCL1/KLRC1/TYROBP/HLA-E/KLRD1/HLA-C/HLA-B/NCR3/HLA-A/KLRC3	10
T/NK	GO:0045620	negative regulation of lymphocyte differentiation	10/327	58/15651	0.172413793103448	8.25213540018981	8.08276657609136	2.96313496730343e-07	1.3313108758609e-05	1.3313108758609e-05	IRF1/CD69/RUNX3/ID2/PSMB9/TBX21/SOCS1/CTLA4/LAG3/HMGB1	10
T/NK	GO:0002698	negative regulation of immune effector process	13/327	106/15651	0.122641509433962	5.86991518088973	7.34892715026144	3.16592963184746e-07	1.40037166506369e-05	1.40037166506369e-05	TGFB1/CD69/XCL1/PTPRC/KLRC1/HLA-E/CX3CR1/KLRD1/CD300A/TBX21/HLA-B/HLA-A/LAG3	13
T/NK	GO:0050864	regulation of B cell activation	13/327	106/15651	0.122641509433962	5.86991518088973	7.34892715026144	3.16592963184746e-07	1.40037166506369e-05	1.40037166506369e-05	TGFB1/CD27/PTPRC/TYROBP/TNFAIP3/SAMSN1/ZFP36L2/ID2/GPR183/CD300A/TNFRSF4/CTLA4/IKZF3	13
T/NK	GO:1902107	positive regulation of leukocyte differentiation	16/327	164/15651	0.0975609756097561	4.66950100693667	6.90065414813076	3.43997903442826e-07	1.49836033362196e-05	1.49836033362196e-05	TGFB1/CD27/IFNG/IL7R/RUNX3/TYROBP/ID2/ZAP70/NFKBIZ/RHOH/TESPA1/BRD2/LEF1/SOCS1/IL2RB/HMGB1	16
T/NK	GO:1903708	positive regulation of hemopoiesis	16/327	164/15651	0.0975609756097561	4.66950100693667	6.90065414813076	3.43997903442826e-07	1.49836033362196e-05	1.49836033362196e-05	TGFB1/CD27/IFNG/IL7R/RUNX3/TYROBP/ID2/ZAP70/NFKBIZ/RHOH/TESPA1/BRD2/LEF1/SOCS1/IL2RB/HMGB1	16
T/NK	GO:0031342	negative regulation of cell killing	8/327	34/15651	0.235294117647059	11.261737722612	8.74996950450188	3.76948543616289e-07	1.61480574396077e-05	1.61480574396077e-05	TGFB1/PTPRC/KLRC1/HLA-E/CX3CR1/KLRD1/HLA-B/HLA-A	8
T/NK	GO:0050860	negative regulation of T cell receptor signaling pathway	8/327	34/15651	0.235294117647059	11.261737722612	8.74996950450188	3.76948543616289e-07	1.61480574396077e-05	1.61480574396077e-05	SH2D1A/CBLB/EZR/PTPN22/FYN/CTLA4/LAG3/SLA2	8
T/NK	GO:0001913	T cell mediated cytotoxicity	9/327	46/15651	0.195652173913043	9.36437973673714	8.29899964866713	3.79221818595765e-07	1.61480574396077e-05	1.61480574396077e-05	XCL1/PTPRC/KLRC1/HLA-E/KLRD1/HLA-C/HLA-B/PRF1/HLA-A	9
T/NK	GO:0002218	activation of innate immune response	22/327	303/15651	0.0726072607260726	3.47515668998092	6.35540295823705	4.25500911702507e-07	1.79845052012926e-05	1.79845052012926e-05	IRF1/TRAF3IP3/KLRC1/HSP90AA1/TYROBP/BIRC3/GBP5/CYLD/PYHIN1/TNFAIP3/NOP53/PIK3R1/HSPA8/NFKBIZ/KLRD1/PTPN22/ABHD17A/CD300A/FYN/HMGB1/NFKBIA/KLRC3	22
T/NK	GO:0032760	positive regulation of tumor necrosis factor production	13/327	109/15651	0.119266055045872	5.70835788233314	7.2056678378927	4.39751667536473e-07	1.845016922767e-05	1.845016922767e-05	TGFB1/PTPRC/IFNG/CCL3/TYROBP/HLA-E/SPN/STAT3/PSMB9/CD2/SELENOK/FCGR3A/HMGB1	13
T/NK	GO:0019722	calcium-mediated signaling	18/327	213/15651	0.0845070422535211	4.04470861868458	6.53559295006321	5.49742890089279e-07	2.28965907361272e-05	2.28965907361272e-05	TRAT1/PLEK/PTPRC/CCL3/CCL4/CXCR6/HINT1/CXCR4/CXCR3/CX3CR1/CCR7/LAT/SELENOK/FCGR3A/RCAN3/CCR6/SLA2/CALM1	18
T/NK	GO:0009615	response to virus	24/327	361/15651	0.0664819944598338	3.18198683575186	6.12698701546449	6.28799845759402e-07	2.58941220869323e-05	2.58941220869323e-05	IRF1/IFITM1/TGFB1/XCL1/TRAF3IP3/PTPRC/IFNG/HSP90AA1/EEF1G/CCL4/GBP5/TNFAIP3/TPT1/APOBEC3G/FGR/CXCR4/NFKBIZ/PIM2/TBX21/PRF1/DDIT4/SELENOK/CCL5/IFITM2	24
T/NK	GO:0006909	phagocytosis	18/327	215/15651	0.0837209302325581	4.00708342223171	6.48548257840232	6.30789164052503e-07	2.58941220869323e-05	2.58941220869323e-05	TGFB1/PTPRC/IFNG/TYROBP/LYAR/SOD1/FGR/CORO1A/MYH9/STAT3/GZMK/BIN2/CD300A/IL2RB/FYN/RACK1/ITGB2/HMGB1	18
T/NK	GO:1903557	positive regulation of tumor necrosis factor superfamily cytokine production	13/327	113/15651	0.115044247787611	5.50629211658683	7.02273013387161	6.69967776463328e-07	2.73059723749982e-05	2.73059723749982e-05	TGFB1/PTPRC/IFNG/CCL3/TYROBP/HLA-E/SPN/STAT3/PSMB9/CD2/SELENOK/FCGR3A/HMGB1	13
T/NK	GO:0001818	negative regulation of cytokine production	20/327	264/15651	0.0757575757575758	3.62593828190158	6.28571197323381	7.40943736963419e-07	2.99845742064771e-05	2.99845742064771e-05	KLF2/TGFB1/XCL1/PTPRC/IFNG/PDCD4/TYROBP/CYLD/TNFAIP3/RGCC/SRGN/CX3CR1/CCR7/PTPN22/STAT3/ZFP36/LEF1/TBX21/HMGB1/NFKBIA	20
T/NK	GO:0050921	positive regulation of chemotaxis	14/327	134/15651	0.104477611940299	5.00054772011502	6.79380300737742	8.18256595155216e-07	3.28800854363075e-05	3.28800854363075e-05	TGFB1/XCL1/RIPOR2/CCL3/CCL4/RAC2/CXCR3/CX3CR1/CCR7/S1PR1/CCR6/CCL5/HMGB1/TMSB4X	14
T/NK	GO:0036037	CD8-positive, alpha-beta T cell activation	8/327	38/15651	0.210526315789474	10.0762916465476	8.1828018861641	9.44018663981152e-07	3.76683251515836e-05	3.76683251515836e-05	IRF1/EOMES/XCL1/RUNX3/HLA-E/PSMB9/SOCS1/HLA-A	8
T/NK	GO:2000514	regulation of CD4-positive, alpha-beta T cell activation	10/327	66/15651	0.151515151515152	7.25187656380317	7.4348795124416	1.03336120999214e-06	4.09469379459384e-05	4.09469379459384e-05	JUNB/CD69/XCL1/RUNX3/NFKBIZ/BRD2/TBX21/SOCS1/BATF/HMGB1	10
T/NK	GO:0043370	regulation of CD4-positive, alpha-beta T cell differentiation	9/327	52/15651	0.173076923076923	8.28387438249824	7.68529806507903	1.13426679667818e-06	4.44722276957743e-05	4.44722276957743e-05	JUNB/CD69/RUNX3/NFKBIZ/BRD2/TBX21/SOCS1/BATF/HMGB1	9
T/NK	GO:0033002	muscle cell proliferation	15/327	158/15651	0.0949367088607595	4.54389734061085	6.54013768673357	1.13791539494971e-06	4.44722276957743e-05	4.44722276957743e-05	TGFB1/IFNG/LDLRAP1/PDCD4/TNFAIP3/RGCC/PIK3R1/ID2/STAT3/S1PR1/JUN/CDKN1B/PIM1/CCL5/FOS	15
T/NK	GO:0002685	regulation of leukocyte migration	17/327	202/15651	0.0841584158415842	4.02802252702334	6.32746243532113	1.20621676652903e-06	4.68209038762902e-05	4.68209038762902e-05	TGFB1/CD69/XCL1/RIPOR2/CCL3/CCL4/SPN/RAC2/CXCR3/CX3CR1/CCR7/CD300A/DUSP1/CCR6/CD99/CCL5/HMGB1	17
T/NK	GO:0031348	negative regulation of defense response	19/327	249/15651	0.0763052208835341	3.65214988393943	6.16246057482729	1.26341066728096e-06	4.87096031588187e-05	4.87096031588187e-05	TGFB1/CD69/PTPRC/KLRC1/HLA-E/LYAR/CYLD/SOD1/TNFAIP3/FGR/RORA/KLRD1/STAT3/HLA-B/HLA-A/FYN/CST7/PIM1/TMSB4X	19
T/NK	GO:0002295	T-helper cell lineage commitment	7/327	28/15651	0.25	11.9655963302752	8.48347978537374	1.32310747172782e-06	5.06688002260332e-05	5.06688002260332e-05	CD69/SOCS3/SPN/STAT3/BRD2/TBX21/BATF	7
T/NK	GO:0045581	negative regulation of T cell differentiation	9/327	53/15651	0.169811320754717	8.12757486584733	7.59259509640675	1.3414308908066e-06	5.1028031086283e-05	5.1028031086283e-05	IRF1/CD69/RUNX3/PSMB9/TBX21/SOCS1/CTLA4/LAG3/HMGB1	9
T/NK	GO:1902106	negative regulation of leukocyte differentiation	12/327	102/15651	0.117647058823529	5.63086886130599	6.85419273585384	1.42022077296429e-06	5.36674154340018e-05	5.36674154340018e-05	IRF1/CD69/CCL3/RUNX3/MYC/ID2/PSMB9/TBX21/SOCS1/CTLA4/LAG3/HMGB1	12
T/NK	GO:0030595	leukocyte chemotaxis	17/327	206/15651	0.0825242718446602	3.94980849737241	6.22556041211097	1.58281707407739e-06	5.94181198992474e-05	5.94181198992474e-05	CKLF/XCL1/RIPOR2/CCL3/CCL4/RAC2/CXCR4/CXCR3/CX3CR1/CCR7/GPR183/PDE4B/DUSP1/CCR6/ITGB2/CCL5/HMGB1	17
T/NK	GO:0097193	intrinsic apoptotic signaling pathway	20/327	278/15651	0.0719424460431655	3.4433370734605	6.004425279086	1.66022687364559e-06	6.19166963465474e-05	6.19166963465474e-05	TRADD/HSPE1/BIRC3/CYLD/SOD1/TPT1/HINT1/MYC/UBB/MCL1/LCK/STAT3/PPP1R15A/DDIT4/SELENOK/DNAJA1/DDX5/CRIP1/FYN/RACK1	20
T/NK	GO:0050920	regulation of chemotaxis	16/327	185/15651	0.0864864864864865	4.1394495412844	6.27473435154215	1.73911814489279e-06	6.38814606125677e-05	6.38814606125677e-05	TGFB1/XCL1/RIPOR2/CCL3/CCL4/RAC2/CXCR3/CX3CR1/CCR7/GPR183/S1PR1/DUSP1/CCR6/CCL5/HMGB1/TMSB4X	16
T/NK	GO:0001914	regulation of T cell mediated cytotoxicity	8/327	41/15651	0.195121951219512	9.33900201387335	7.80997297646057	1.74649629434991e-06	6.38814606125677e-05	6.38814606125677e-05	XCL1/PTPRC/KLRC1/HLA-E/KLRD1/HLA-C/HLA-B/HLA-A	8
T/NK	GO:0031295	T cell costimulation	8/327	41/15651	0.195121951219512	9.33900201387335	7.80997297646057	1.74649629434991e-06	6.38814606125677e-05	6.38814606125677e-05	CD40LG/CD5/MAP3K8/CCR7/LCK/CD28/ICOS/FYN	8
T/NK	GO:0072538	T-helper 17 type immune response	10/327	70/15651	0.142857142857143	6.83748361730013	7.15026284072897	1.80459709178519e-06	6.55861847498491e-05	6.55861847498491e-05	JUNB/CD69/SOCS3/RORA/NFKBIZ/STAT3/BRD2/PSMB9/TBX21/BATF	10
T/NK	GO:0002821	positive regulation of adaptive immune response	12/327	105/15651	0.114285714285714	5.4699868938401	6.71330754530942	1.94001088098687e-06	6.96207678422082e-05	6.96207678422082e-05	TGFB1/XCL1/HLA-E/NFKBIZ/BRD2/HLA-C/TBX21/HLA-B/B2M/SKAP1/HLA-A/CD7	12
T/NK	GO:1903707	negative regulation of hemopoiesis	12/327	105/15651	0.114285714285714	5.4699868938401	6.71330754530942	1.94001088098687e-06	6.96207678422082e-05	6.96207678422082e-05	IRF1/CD69/CCL3/RUNX3/MYC/ID2/PSMB9/TBX21/SOCS1/CTLA4/LAG3/HMGB1	12
T/NK	GO:0043299	leukocyte degranulation	10/327	71/15651	0.140845070422535	6.74118103114097	7.08258286806739	2.06199301420336e-06	7.35358258690274e-05	7.35358258690274e-05	CCL3/NKG7/PTGDR/FGR/CORO1A/RAC2/CD300A/LAT/FCGR3A/ITGB2	10
T/NK	GO:0031294	lymphocyte costimulation	8/327	42/15651	0.19047619047619	9.11664482306684	7.69411410293135	2.1185690818608e-06	7.50841936714143e-05	7.50841936714143e-05	CD40LG/CD5/MAP3K8/CCR7/LCK/CD28/ICOS/FYN	8
T/NK	GO:0070098	chemokine-mediated signaling pathway	11/327	88/15651	0.125	5.98279816513761	6.84719898226208	2.13698618882848e-06	7.52694024287364e-05	7.52694024287364e-05	XCL1/CCL3/CCL4/XCL2/CXCR6/CXCR4/CXCR3/CX3CR1/CCR7/CCR6/CCL5	11
T/NK	GO:0002758	innate immune response-activating signaling pathway	20/327	284/15651	0.0704225352112676	3.37059051557049	5.88933342348969	2.30645699780865e-06	8.07401449662341e-05	8.07401449662341e-05	IRF1/TRAF3IP3/KLRC1/TYROBP/BIRC3/GBP5/CYLD/TNFAIP3/NOP53/PIK3R1/HSPA8/NFKBIZ/KLRD1/PTPN22/ABHD17A/CD300A/FYN/HMGB1/NFKBIA/KLRC3	20
T/NK	GO:2001185	regulation of CD8-positive, alpha-beta T cell activation	6/327	20/15651	0.3	14.3587155963303	8.73235324843242	2.4051796443721e-06	8.36826527487024e-05	8.36826527487024e-05	IRF1/XCL1/RUNX3/HLA-E/SOCS1/HLA-A	6
T/NK	GO:0043373	CD4-positive, alpha-beta T cell lineage commitment	7/327	31/15651	0.225806451612903	10.8076353950873	7.9845348367347	2.78426659449399e-06	9.62850011405013e-05	9.62850011405013e-05	CD69/SOCS3/SPN/STAT3/BRD2/TBX21/BATF	7
T/NK	GO:0050764	regulation of phagocytosis	11/327	92/15651	0.119565217391304	5.7226765057838	6.63645642486642	3.33209990002034e-06	0.000114535915840458	0.000114535915840458	TGFB1/PTPRC/IFNG/LYAR/SOD1/FGR/STAT3/CD300A/IL2RB/RACK1/HMGB1	11
T/NK	GO:0002363	alpha-beta T cell lineage commitment	7/327	32/15651	0.21875	10.4698967889908	7.83318886775978	3.50044827730751e-06	0.000118186732960454	0.000118186732960454	CD69/SOCS3/SPN/STAT3/BRD2/TBX21/BATF	7
T/NK	GO:0002717	positive regulation of natural killer cell mediated immunity	7/327	32/15651	0.21875	10.4698967889908	7.83318886775978	3.50044827730751e-06	0.000118186732960454	0.000118186732960454	KLRC1/HLA-E/SH2D1B/KLRD1/HLA-C/NCR3/KLRC3	7
T/NK	GO:0043369	CD4-positive or CD8-positive, alpha-beta T cell lineage commitment	7/327	32/15651	0.21875	10.4698967889908	7.83318886775978	3.50044827730751e-06	0.000118186732960454	0.000118186732960454	CD69/SOCS3/SPN/STAT3/BRD2/TBX21/BATF	7
T/NK	GO:0042063	gliogenesis	17/327	220/15651	0.0772727272727273	3.69845704753962	5.88809475060475	3.88565287154944e-06	0.000130420795794477	0.000130420795794477	EOMES/PRKCH/TGFB1/IFNG/CCL3/SOD1/SYNE2/ADGRG1/CXCR4/CX3CR1/NR3C1/ID2/EEF2/BIN1/STAT3/GPR183/SUN2	17
T/NK	GO:0071675	regulation of mononuclear cell migration	13/327	132/15651	0.0984848484848485	4.71371976647206	6.25906128422633	3.93946259284127e-06	0.000131453646519019	0.000131453646519019	TGFB1/CD69/XCL1/RIPOR2/CCL3/CCL4/SPN/CX3CR1/CCR7/DUSP1/CCR6/CCL5/HMGB1	13
T/NK	GO:0038094	Fc-gamma receptor signaling pathway	7/327	34/15651	0.205882352941176	9.85402050728548	7.54963842627452	5.39748297818513e-06	0.000179058359729793	0.000179058359729793	CD247/IFNG/FCER1G/FGR/LCK/FCGR3A/FYN	7
T/NK	GO:0051132	NK T cell activation	6/327	23/15651	0.260869565217391	12.4858396489828	8.05229989753004	5.94092755064703e-06	0.000195947587306312	0.000195947587306312	CLEC2B/MYC/LCK/KLRF1/CD300A/NCR3	6
T/NK	GO:0002444	myeloid leukocyte mediated immunity	11/327	98/15651	0.112244897959184	5.3723085564501	6.34251831876125	6.21393354687059e-06	0.000202609741819678	0.000202609741819678	CCL3/TYROBP/HLA-E/PTGDR/FGR/RAC2/CX3CR1/CD300A/LAT/FCGR3A/ITGB2	11
T/NK	GO:0002824	positive regulation of adaptive immune response based on somatic recombination of immune receptors built from immunoglobulin superfamily domains	11/327	98/15651	0.112244897959184	5.3723085564501	6.34251831876125	6.21393354687059e-06	0.000202609741819678	0.000202609741819678	TGFB1/XCL1/HLA-E/NFKBIZ/BRD2/HLA-C/TBX21/HLA-B/B2M/HLA-A/CD7	11
T/NK	GO:0002687	positive regulation of leukocyte migration	13/327	138/15651	0.0942028985507246	4.50877542879936	6.04772723900737	6.45037896551937e-06	0.000209124218052577	0.000209124218052577	TGFB1/XCL1/RIPOR2/CCL3/CCL4/SPN/RAC2/CX3CR1/CCR7/CCR6/CD99/CCL5/HMGB1	13
T/NK	GO:0002360	T cell lineage commitment	7/327	35/15651	0.2	9.57247706422018	7.41652439293876	6.62689828275066e-06	0.000213633229386301	0.000213633229386301	CD69/SOCS3/SPN/STAT3/BRD2/TBX21/BATF	7
T/NK	GO:0046637	regulation of alpha-beta T cell differentiation	9/327	64/15651	0.140625	6.73064793577982	6.71053928494859	6.81386145392458e-06	0.000218426367730863	0.000218426367730863	JUNB/CD69/RUNX3/NFKBIZ/BRD2/TBX21/SOCS1/BATF/HMGB1	9
T/NK	GO:0030099	myeloid cell differentiation	21/327	332/15651	0.0632530120481928	3.02744003537084	5.45439803638125	6.96243799191173e-06	0.000221942297105298	0.000221942297105298	TGFB1/FLNA/IFNG/CCL3/TYROBP/LYAR/MYC/IKZF1/NR3C1/ID2/MYH9/CCR7/STAT3/ETS1/GPR183/ZFP36/LEF1/SOCS1/CAMK4/NPM1/BATF	21
T/NK	GO:0048660	regulation of smooth muscle cell proliferation	12/327	119/15651	0.100840336134454	4.82645902397656	6.12071041320548	7.26594400198442e-06	0.000230330424862906	0.000230330424862906	TGFB1/IFNG/LDLRAP1/PDCD4/TNFAIP3/RGCC/PIK3R1/ID2/S1PR1/JUN/CDKN1B/CCL5	12
T/NK	GO:0045582	positive regulation of T cell differentiation	11/327	100/15651	0.11	5.2648623853211	6.24986788912357	7.56868689071741e-06	0.000238601808831125	0.000238601808831125	TGFB1/CD27/IL7R/RUNX3/ZAP70/NFKBIZ/RHOH/TESPA1/BRD2/LEF1/SOCS1	11
T/NK	GO:0002407	dendritic cell chemotaxis	6/327	24/15651	0.25	11.9655963302752	7.85317083110535	7.78270580189709e-06	0.000242667318609971	0.000242667318609971	CXCR4/CCR7/GPR183/CCR6/CCL5/HMGB1	6
T/NK	GO:0050869	negative regulation of B cell activation	6/327	24/15651	0.25	11.9655963302752	7.85317083110535	7.78270580189709e-06	0.000242667318609971	0.000242667318609971	TYROBP/TNFAIP3/SAMSN1/ID2/CD300A/CTLA4	6
T/NK	GO:0002520	immune system development	12/327	120/15651	0.1	4.78623853211009	6.08196420390283	7.92430558214806e-06	0.000245739606802918	0.000245739606802918	TGFB1/CD40LG/PTPRC/HLA-E/SOD1/TNFAIP3/NFKBIZ/HLA-B/ICOS/BATF/CCR6/HMGB1	12
T/NK	GO:0048659	smooth muscle cell proliferation	12/327	121/15651	0.0991735537190083	4.74668284176208	6.0436438606818	8.63440688085427e-06	0.000266313111687322	0.000266313111687322	TGFB1/IFNG/LDLRAP1/PDCD4/TNFAIP3/RGCC/PIK3R1/ID2/S1PR1/JUN/CDKN1B/CCL5	12
T/NK	GO:0042102	positive regulation of T cell proliferation	10/327	83/15651	0.120481927710843	5.76655244832541	6.36021777824873	8.7043842657434e-06	0.00026702804634587	0.00026702804634587	CD40LG/XCL1/PTPRC/HLA-E/CD6/CD28/CD3E/HLA-A/CCL5/HMGB1	10
T/NK	GO:0002347	response to tumor cell	8/327	51/15651	0.156862745098039	7.50782514840799	6.79991744783488	9.70602463304195e-06	0.000296163510995387	0.000296163510995387	PRDX2/TGFB1/TXNIP/NKG7/PRF1/HLA-A/LAG3/HMGB1	8
T/NK	GO:0002428	antigen processing and presentation of peptide antigen via MHC class Ib	5/327	15/15651	0.333333333333333	15.954128440367	8.46425776719812	9.76209229352193e-06	0.000296289886312958	0.000296289886312958	HLA-E/HLA-C/HLA-B/B2M/HLA-A	5
T/NK	GO:0002716	negative regulation of natural killer cell mediated immunity	6/327	25/15651	0.24	11.4869724770642	7.66551253522899	1.00613739300262e-05	0.000300576961490731	0.000300576961490731	TGFB1/KLRC1/HLA-E/KLRD1/HLA-B/HLA-A	6
T/NK	GO:0045953	negative regulation of natural killer cell mediated cytotoxicity	6/327	25/15651	0.24	11.4869724770642	7.66551253522899	1.00613739300262e-05	0.000300576961490731	0.000300576961490731	TGFB1/KLRC1/HLA-E/KLRD1/HLA-B/HLA-A	6
T/NK	GO:0072540	T-helper 17 cell lineage commitment	6/327	25/15651	0.24	11.4869724770642	7.66551253522899	1.00613739300262e-05	0.000300576961490731	0.000300576961490731	CD69/SOCS3/STAT3/BRD2/TBX21/BATF	6
T/NK	GO:0002573	myeloid leukocyte differentiation	15/327	191/15651	0.0785340314136126	3.75882607233777	5.60378205424829	1.18922076731801e-05	0.000353421546787321	0.000353421546787321	TGFB1/IFNG/CCL3/TYROBP/MYC/NR3C1/ID2/MYH9/CCR7/GPR183/LEF1/SOCS1/CAMK4/NPM1/BATF	15
T/NK	GO:1904892	regulation of receptor signaling pathway via STAT	10/327	86/15651	0.116279069767442	5.56539364198848	6.20151599811703	1.19897025508097e-05	0.000354472760388188	0.000354472760388188	TGFB1/PTPRC/SOCS3/IFNG/IL7R/OCIAD2/CISH/SOCS1/CCL5/CALM1	10
T/NK	GO:0045954	positive regulation of natural killer cell mediated cytotoxicity	6/327	26/15651	0.230769230769231	11.045165843331	7.48822263071627	1.28511966374542e-05	0.000377984165017082	0.000377984165017082	KLRC1/HLA-E/KLRD1/HLA-C/NCR3/KLRC3	6
T/NK	GO:0006959	humoral immune response	17/327	242/15651	0.0702479338842975	3.36223367958147	5.40988817598778	1.37627573994122e-05	0.000402719454979724	0.000402719454979724	GNLY/XCL1/IFNG/CCL3/HLA-E/CCL4/XCL2/FAU/CCR7/GZMK/GPR183/FCMR/CD28/B2M/HLA-A/CCR6/CCL5	17
T/NK	GO:0007229	integrin-mediated signaling pathway	11/327	107/15651	0.102803738317757	4.92043213581411	5.94414522120707	1.45432912809489e-05	0.000423387857393339	0.000423387857393339	ITGA1/CD40LG/FLNA/PLEK/TYROBP/FCER1G/FGR/MYH9/FYB1/LAT/ITGB2	11
T/NK	GO:0097529	myeloid leukocyte migration	15/327	195/15651	0.0769230769230769	3.68172194777699	5.50462164019072	1.52343114122919e-05	0.000441253710246383	0.000441253710246383	CKLF/XCL1/RIPOR2/CCL3/CCL4/RAC2/CX3CR1/CCR7/CD300A/PDE4B/DUSP1/CD99/ITGB2/CCL5/HMGB1	15
T/NK	GO:0045061	thymic T cell selection	6/327	27/15651	0.222222222222222	10.6360856269113	7.32034236538131	1.62343025104491e-05	0.000465492111179007	0.000465492111179007	CD3D/CD3G/ZAP70/CCR7/PSMB9/CD3E	6
T/NK	GO:2000319	regulation of T-helper 17 cell differentiation	6/327	27/15651	0.222222222222222	10.6360856269113	7.32034236538131	1.62343025104491e-05	0.000465492111179007	0.000465492111179007	JUNB/CD69/NFKBIZ/BRD2/TBX21/BATF	6
T/NK	GO:0097530	granulocyte migration	12/327	129/15651	0.0930232558139535	4.45231491359078	5.75143737869606	1.66291881504106e-05	0.000474430737931214	0.000474430737931214	CKLF/XCL1/RIPOR2/CCL3/CCL4/RAC2/CCR7/CD300A/PDE4B/CD99/ITGB2/CCL5	12
T/NK	GO:0046636	negative regulation of alpha-beta T cell activation	7/327	40/15651	0.175	8.37591743119266	6.82300447047793	1.67978614805946e-05	0.000476858694568521	0.000476858694568521	CD69/XCL1/RUNX3/CD300A/TBX21/SOCS1/HMGB1	7
T/NK	GO:0002220	innate immune response activating cell surface receptor signaling pathway	10/327	90/15651	0.111111111111111	5.31804281345566	6.00114918267226	1.79940822927106e-05	0.00050828828496142	0.000508288284961421	KLRC1/TYROBP/TNFAIP3/PIK3R1/KLRD1/PTPN22/FYN/HMGB1/NFKBIA/KLRC3	10
T/NK	GO:0150076	neuroinflammatory response	9/327	72/15651	0.125	5.98279816513761	6.19034325039163	1.81893649115312e-05	0.000511273478744812	0.000511273478744812	PTPRC/IFNG/CCL3/TYROBP/CX3CR1/NR3C1/CST7/ITGB2/CCL5	9
T/NK	GO:0050862	positive regulation of T cell receptor signaling pathway	5/327	17/15651	0.294117647058824	14.077172153265	7.88039929532993	1.94349843957851e-05	0.000543607945893871	0.000543607945893871	TRAT1/CCR7/LCK/TESPA1/CD28	5
T/NK	GO:0002690	positive regulation of leukocyte chemotaxis	10/327	92/15651	0.108695652173913	5.20243318707619	5.90539383552695	2.18605678189672e-05	0.00060551650473314	0.00060551650473314	XCL1/RIPOR2/CCL3/CCL4/RAC2/CX3CR1/CCR7/CCR6/CCL5/HMGB1	10
T/NK	GO:0071677	positive regulation of mononuclear cell migration	10/327	92/15651	0.108695652173913	5.20243318707619	5.90539383552695	2.18605678189672e-05	0.00060551650473314	0.00060551650473314	TGFB1/XCL1/CCL3/CCL4/SPN/CX3CR1/CCR7/CCR6/CCL5/HMGB1	10
T/NK	GO:0038093	Fc receptor signaling pathway	8/327	57/15651	0.140350877192982	6.71752776436504	6.31701518307821	2.25908235209886e-05	0.000621696264734358	0.000621696264734358	CD247/IFNG/FCER1G/FGR/LCK/FCMR/FCGR3A/FYN	8
T/NK	GO:0001776	leukocyte homeostasis	9/327	74/15651	0.121621621621622	5.82110091743119	6.07246678445684	2.27715596441431e-05	0.000621696264734358	0.000621696264734358	IL7R/TNFAIP3/TSC22D3/LTB/PSMB9/GPR183/SIT1/PDE4B/HMGB1	9
T/NK	GO:0042100	B cell proliferation	9/327	74/15651	0.121621621621622	5.82110091743119	6.07246678445684	2.27715596441431e-05	0.000621696264734358	0.000621696264734358	CD40LG/PTPRC/TYROBP/NFKBIZ/GPR183/CD300A/TNFRSF4/CTLA4/IKZF3	9
T/NK	GO:0043409	negative regulation of MAPK cascade	12/327	134/15651	0.0895522388059701	4.28618376009859	5.58065711849845	2.44042182916476e-05	0.000657205548018293	0.000657205548018293	PTPRC/PDCD4/DUSP4/DUSP2/CYLD/MYC/EZR/PTPN22/PEBP1/CD300A/DUSP1/DNAJA1	12
T/NK	GO:0030183	B cell differentiation	11/327	113/15651	0.0973451327433628	4.65917025249655	5.70255201667616	2.44177315422149e-05	0.000657205548018293	0.000657205548018293	CD27/PTPRC/FLT3LG/ZFP36L2/PIK3R1/ID2/NFKBIZ/STAT3/KLF6/GPR183/IKZF3	11
T/NK	GO:0045621	positive regulation of lymphocyte differentiation	11/327	113/15651	0.0973451327433628	4.65917025249655	5.70255201667616	2.44177315422149e-05	0.000657205548018293	0.000657205548018293	TGFB1/CD27/IL7R/RUNX3/ZAP70/NFKBIZ/RHOH/TESPA1/BRD2/LEF1/SOCS1	11
T/NK	GO:0002710	negative regulation of T cell mediated immunity	6/327	29/15651	0.206896551724138	9.90256248022778	7.00955888024512	2.51500232896937e-05	0.000670588938742955	0.000670588938742955	XCL1/PTPRC/KLRC1/KLRD1/TBX21/LAG3	6
T/NK	GO:0036336	dendritic cell migration	6/327	29/15651	0.206896551724138	9.90256248022778	7.00955888024512	2.51500232896937e-05	0.000670588938742955	0.000670588938742955	CXCR4/CCR7/GPR183/CCR6/CCL5/HMGB1	6
T/NK	GO:0001774	microglial cell activation	7/327	43/15651	0.162790697674419	7.79155109878387	6.51440189068167	2.75154738293353e-05	0.000726867100324941	0.000726867100324941	PTPRC/IFNG/CCL3/TYROBP/CX3CR1/CST7/ITGB2	7
T/NK	GO:0002269	leukocyte activation involved in inflammatory response	7/327	43/15651	0.162790697674419	7.79155109878387	6.51440189068167	2.75154738293353e-05	0.000726867100324941	0.000726867100324941	PTPRC/IFNG/CCL3/TYROBP/CX3CR1/CST7/ITGB2	7
T/NK	GO:0002688	regulation of leukocyte chemotaxis	11/327	115/15651	0.0956521739130435	4.57814120462704	5.62576730422174	2.87976200751979e-05	0.00075723142925843	0.00075723142925843	XCL1/RIPOR2/CCL3/CCL4/RAC2/CX3CR1/CCR7/DUSP1/CCR6/CCL5/HMGB1	11
T/NK	GO:0042116	macrophage activation	10/327	95/15651	0.105263157894737	5.03814582327378	5.76686531927165	2.89887960394744e-05	0.000758761789913949	0.000758761789913949	PTPRC/IFNG/CCL3/TYROBP/MCUB/CX3CR1/FCGR3A/CST7/ITGB2/HMGB1	10
T/NK	GO:0071356	cellular response to tumor necrosis factor	14/327	182/15651	0.0769230769230769	3.68172194777699	5.31573468035853	2.92619428772967e-05	0.000762413908939977	0.000762413908939977	KLF2/TRADD/CCL3/BIRC3/CYLD/TNFAIP3/ZFP36L2/ZFP36/TNFRSF25/TNFRSF4/CCL5/NFKBIA/FOS/TMSB4X	14
T/NK	GO:0019724	B cell mediated immunity	13/327	160/15651	0.08125	3.88881880733945	5.36519539093875	3.17730435171229e-05	0.000824077210494105	0.000824077210494105	TGFB1/CD40LG/XCL1/CD27/HLA-E/FCER1G/NFKBIZ/FCMR/BATF/IL2RB/FCGR3A/CCR6/SLA2	13
T/NK	GO:0048247	lymphocyte chemotaxis	7/327	44/15651	0.159090909090909	7.61447039199333	6.41810289551968	3.21407359462875e-05	0.000829841806830391	0.000829841806830391	CKLF/XCL1/CCL3/CCL4/CXCR3/GPR183/CCL5	7
T/NK	GO:0035747	natural killer cell chemotaxis	4/327	10/15651	0.4	19.1449541284404	8.38433441684992	3.55705394391068e-05	0.000910159184033826	0.000910159184033826	XCL1/CCL3/CCL4/CCL5	4
T/NK	GO:0044346	fibroblast apoptotic process	4/327	10/15651	0.4	19.1449541284404	8.38433441684992	3.55705394391068e-05	0.000910159184033826	0.000910159184033826	STK17B/MYC/BTG1/STK17A	4
T/NK	GO:0002886	regulation of myeloid leukocyte mediated immunity	7/327	45/15651	0.155555555555556	7.44525993883792	6.32478647725625	3.73864941033919e-05	0.000952354175687296	0.000952354175687296	TYROBP/HLA-E/FGR/RAC2/CX3CR1/CD300A/ITGB2	7
T/NK	GO:0010720	positive regulation of cell development	20/327	345/15651	0.0579710144927536	2.7746310331073	4.86890992823046	4.03560238701507e-05	0.00102342876534702	0.00102342876534702	PRKCH/TGFB1/CD27/IFNG/IL7R/RUNX3/TYROBP/CXCR4/CX3CR1/ID2/ZAP70/NFKBIZ/BIN1/RHOH/TESPA1/BRD2/LEF1/SOCS1/IL2RB/HMGB1	20
T/NK	GO:2001235	positive regulation of apoptotic signaling pathway	10/327	100/15651	0.1	4.78623853211009	5.54847694590164	4.52941787414211e-05	0.00114357780486084	0.00114357780486084	CD40LG/CYLD/SOD1/MYC/UBB/ITM2C/MCL1/LTB/LCK/RACK1	10
T/NK	GO:0035456	response to interferon-beta	6/327	32/15651	0.1875	8.97419724770642	6.59599513087313	4.55109484081069e-05	0.00114398886174739	0.00114398886174739	IRF1/IFITM1/TRAF3IP3/PYHIN1/IFITM2/CALM1	6
T/NK	GO:0002475	antigen processing and presentation via MHC class Ib	5/327	20/15651	0.25	11.9655963302752	7.1680140238918	4.62459364069091e-05	0.0011523114110822	0.0011523114110822	HLA-E/HLA-C/HLA-B/B2M/HLA-A	5
T/NK	GO:0050855	regulation of B cell receptor signaling pathway	5/327	20/15651	0.25	11.9655963302752	7.1680140238918	4.62459364069091e-05	0.0011523114110822	0.0011523114110822	PRKCH/CD5/PTPN22/FCMR/CD300A	5
T/NK	GO:0002711	positive regulation of T cell mediated immunity	8/327	63/15651	0.126984126984127	6.07776321537789	5.89919153278032	4.74964427362621e-05	0.00116816682005651	0.00116816682005651	XCL1/HLA-E/HLA-C/TBX21/HLA-B/B2M/HLA-A/CD7	8
T/NK	GO:0032623	interleukin-2 production	8/327	63/15651	0.126984126984127	6.07776321537789	5.89919153278032	4.74964427362621e-05	0.00116816682005651	0.00116816682005651	XCL1/PTPRC/TNFAIP3/PSMB9/ZFP36/TBX21/CD28/PDE4B	8
T/NK	GO:0032663	regulation of interleukin-2 production	8/327	63/15651	0.126984126984127	6.07776321537789	5.89919153278032	4.74964427362621e-05	0.00116816682005651	0.00116816682005651	XCL1/PTPRC/TNFAIP3/PSMB9/ZFP36/TBX21/CD28/PDE4B	8
T/NK	GO:0002820	negative regulation of adaptive immune response	8/327	64/15651	0.125	5.98279816513761	5.83481365647279	5.33082400623105e-05	0.00129990093075019	0.00129990093075019	CD69/XCL1/PTPRC/KLRC1/SAMSN1/KLRD1/TBX21/LAG3	8
T/NK	GO:2000401	regulation of lymphocyte migration	8/327	64/15651	0.125	5.98279816513761	5.83481365647279	5.33082400623105e-05	0.00129990093075019	0.00129990093075019	CD69/XCL1/RIPOR2/CCL3/CCL4/SPN/CCR6/CCL5	8
T/NK	GO:0007249	canonical NF-kappaB signal transduction	19/327	324/15651	0.058641975308642	2.80674481821271	4.80049166357827	5.38543456310728e-05	0.00130762934540809	0.00130762934540809	TRADD/TGFB1/CD40LG/FLNA/BIRC3/CYLD/LITAF/TNFAIP3/CX3CR1/RORA/CCR7/LTB/RHOH/STAT3/PIM2/NPM1/NDFIP1/NFKBIA/TMSB4X	19
T/NK	GO:0002223	stimulatory C-type lectin receptor signaling pathway	5/327	21/15651	0.238095238095238	11.3958060288336	6.96359174137906	5.96639467964732e-05	0.0014244455247727	0.0014244455247727	KLRC1/TYROBP/KLRD1/FYN/KLRC3	5
T/NK	GO:0019885	antigen processing and presentation of endogenous peptide antigen via MHC class I	5/327	21/15651	0.238095238095238	11.3958060288336	6.96359174137906	5.96639467964732e-05	0.0014244455247727	0.0014244455247727	HLA-E/HLA-C/HLA-B/B2M/HLA-A	5
T/NK	GO:1990840	response to lectin	5/327	21/15651	0.238095238095238	11.3958060288336	6.96359174137906	5.96639467964732e-05	0.0014244455247727	0.0014244455247727	KLRC1/TYROBP/KLRD1/FYN/KLRC3	5
T/NK	GO:1990858	cellular response to lectin	5/327	21/15651	0.238095238095238	11.3958060288336	6.96359174137906	5.96639467964732e-05	0.0014244455247727	0.0014244455247727	KLRC1/TYROBP/KLRD1/FYN/KLRC3	5
T/NK	GO:0032102	negative regulation of response to external stimulus	20/327	356/15651	0.0561797752808989	2.68889805174724	4.70867448878251	6.25139999379066e-05	0.00148627034852373	0.00148627034852373	TGFB1/CD69/PTPRC/KLRC1/HLA-E/LYAR/CYLD/SOD1/TNFAIP3/FGR/RORA/KLRD1/STAT3/HLA-B/DUSP1/HLA-A/FYN/CST7/PIM1/TMSB4X	20
T/NK	GO:0002377	immunoglobulin production	9/327	84/15651	0.107142857142857	5.1281127129751	5.54158121681334	6.31827941444859e-05	0.00149593785638355	0.00149593785638355	TGFB1/CD40LG/XCL1/PTPRC/HLA-E/NFKBIZ/BATF/TNFRSF4/CCR6	9
T/NK	GO:2000316	regulation of T-helper 17 type immune response	6/327	34/15651	0.176470588235294	8.44630329195899	6.34930734804717	6.52098780292753e-05	0.00153755191750019	0.00153755191750019	JUNB/CD69/NFKBIZ/BRD2/TBX21/BATF	6
T/NK	GO:0045066	regulatory T cell differentiation	7/327	49/15651	0.142857142857143	6.83748361730013	5.97831168415605	6.58857657332116e-05	0.00154075483308896	0.00154075483308896	IRF1/TGFB1/PSMB9/CD28/SOCS1/CTLA4/LAG3	7
T/NK	GO:0061900	glial cell activation	7/327	49/15651	0.142857142857143	6.83748361730013	5.97831168415605	6.58857657332116e-05	0.00154075483308896	0.00154075483308896	PTPRC/IFNG/CCL3/TYROBP/CX3CR1/CST7/ITGB2	7
T/NK	GO:0034341	response to type II interferon	10/327	105/15651	0.0952380952380952	4.55832241153342	5.34411246863164	6.88542082168583e-05	0.0016036004574914	0.0016036004574914	IRF1/IFITM1/IFNG/CCL3/GBP5/PSMB9/PIM1/CCL5/IFITM2/CALM1	10
T/NK	GO:0016032	viral process	20/327	359/15651	0.0557103064066852	2.66642815159337	4.66602056889406	7.01897424612191e-05	0.00162805963611267	0.00162805963611267	SELPLG/IFITM1/HSP90AB1/CXCR6/APOBEC3G/EIF3F/CXCR4/MYH9/ZFP36/CD28/PCBP1/JUN/PABPC1/DDX5/TNFRSF4/EIF3L/CCL5/HMGB1/IFITM2/IL32	20
T/NK	GO:0034612	response to tumor necrosis factor	14/327	198/15651	0.0707070707070707	3.38420906310815	4.93191409056469	7.3631592238532e-05	0.00170097921179378	0.00170097921179378	KLF2/TRADD/CCL3/BIRC3/CYLD/TNFAIP3/ZFP36L2/ZFP36/TNFRSF25/TNFRSF4/CCL5/NFKBIA/FOS/TMSB4X	14
T/NK	GO:0097696	cell surface receptor signaling pathway via STAT	12/327	151/15651	0.0794701986754967	3.80363327055107	5.05695169593895	7.91048391218303e-05	0.00182004924205308	0.00182004924205308	TGFB1/PTPRC/SOCS3/IFNG/IL7R/OCIAD2/CISH/STAT3/SOCS1/IL2RB/CCL5/CALM1	12
T/NK	GO:0032817	regulation of natural killer cell proliferation	4/327	12/15651	0.333333333333333	15.954128440367	7.56993613082218	8.11100034212598e-05	0.0018586894759908	0.0018586894759908	HLA-E/FLT3LG/PTPN22/FCGR3A	4
T/NK	GO:0045428	regulation of nitric oxide biosynthetic process	7/327	51/15651	0.137254901960784	6.56934700485699	5.81931736144423	8.56829690917209e-05	0.00195562808654944	0.00195562808654944	KLF2/HSP90AB1/IFNG/HSP90AA1/NOSIP/CX3CR1/ITGB2	7
T/NK	GO:0002440	production of molecular mediator of immune response	13/327	177/15651	0.0734463276836158	3.51531643601306	4.91612527443296	9.03427448749356e-05	0.00205376773807324	0.00205376773807324	TGFB1/CD40LG/XCL1/PTPRC/HLA-E/NFKBIZ/TBX21/B2M/BATF/HLA-A/TNFRSF4/CD7/CCR6	13
T/NK	GO:0002418	immune response to tumor cell	6/327	36/15651	0.166666666666667	7.97706422018349	6.12206522314952	9.11805394130287e-05	0.00205642750154443	0.00205642750154443	TGFB1/NKG7/PRF1/HLA-A/LAG3/HMGB1	6
T/NK	GO:0045063	T-helper 1 cell differentiation	6/327	36/15651	0.166666666666667	7.97706422018349	6.12206522314952	9.11805394130287e-05	0.00205642750154443	0.00205642750154443	SPN/NFKBIZ/PSMB9/LEF1/TBX21/HMGB1	6
T/NK	GO:0071621	granulocyte chemotaxis	10/327	109/15651	0.091743119266055	4.39104452487164	5.18965233322951	9.45461881248948e-05	0.00212393917102618	0.00212393917102618	CKLF/XCL1/RIPOR2/CCL3/CCL4/RAC2/CCR7/PDE4B/ITGB2/CCL5	10
T/NK	GO:0002483	antigen processing and presentation of endogenous peptide antigen	5/327	23/15651	0.217391304347826	10.4048663741524	6.59340604215882	9.5330090626845e-05	0.00212481834811241	0.00212481834811241	HLA-E/HLA-C/HLA-B/B2M/HLA-A	5
T/NK	GO:0032703	negative regulation of interleukin-2 production	5/327	23/15651	0.217391304347826	10.4048663741524	6.59340604215882	9.5330090626845e-05	0.00212481834811241	0.00212481834811241	XCL1/PTPRC/TNFAIP3/ZFP36/TBX21	5
T/NK	GO:0031640	killing of cells of another organism	9/327	89/15651	0.101123595505618	4.84001649314504	5.30689338946241	9.95801831237555e-05	0.00219904057312708	0.00219904057312708	GNLY/XCL1/GZMM/GBP5/NKG7/GZMB/GZMA/PRF1/GZMH	9
T/NK	GO:0141061	disruption of cell in another organism	9/327	89/15651	0.101123595505618	4.84001649314504	5.30689338946241	9.95801831237555e-05	0.00219904057312708	0.00219904057312708	GNLY/XCL1/GZMM/GBP5/NKG7/GZMB/GZMA/PRF1/GZMH	9
T/NK	GO:0043122	regulation of canonical NF-kappaB signal transduction	18/327	311/15651	0.0578778135048231	2.77017021151066	4.60603801997171	9.98162475359119e-05	0.00219904057312708	0.00219904057312708	TRADD/TGFB1/CD40LG/FLNA/BIRC3/CYLD/LITAF/TNFAIP3/CX3CR1/RORA/CCR7/LTB/RHOH/STAT3/PIM2/NDFIP1/NFKBIA/TMSB4X	18
T/NK	GO:0016064	immunoglobulin mediated immune response	12/327	155/15651	0.0774193548387097	3.70547499260136	4.94475234206385	0.000101712223767013	0.00223219211082529	0.00223219211082529	TGFB1/CD40LG/XCL1/CD27/HLA-E/FCER1G/NFKBIZ/FCMR/BATF/IL2RB/FCGR3A/CCR6	12
T/NK	GO:0035821	modulation of process of another organism	10/327	110/15651	0.0909090909090909	4.3511259382819	5.15219850526414	0.000102107871496648	0.00223228932858189	0.00223228932858189	IFITM1/CCL3/EEF1A1/CCL4/CX3CR1/LEF1/PRF1/JUN/CCL5/IFITM2	10
T/NK	GO:0097028	dendritic cell differentiation	6/327	37/15651	0.162162162162162	7.76146788990826	6.01491840129236	0.000106933822779255	0.00232887172816194	0.00232887172816194	FLT3LG/CCR7/HLA-B/CAMK4/BATF/HMGB1	6
T/NK	GO:0045824	negative regulation of innate immune response	9/327	90/15651	0.1	4.78623853211009	5.2620558095372	0.000108645305438316	0.00234822012435996	0.00234822012435996	TGFB1/KLRC1/HLA-E/LYAR/TNFAIP3/KLRD1/HLA-B/HLA-A/PIM1	9
T/NK	GO:1990266	neutrophil migration	9/327	90/15651	0.1	4.78623853211009	5.2620558095372	0.000108645305438316	0.00234822012435996	0.00234822012435996	CKLF/XCL1/RIPOR2/CCL3/RAC2/CCR7/PDE4B/CD99/ITGB2	9
T/NK	GO:0002437	inflammatory response to antigenic stimulus	7/327	53/15651	0.132075471698113	6.32144711788125	5.66863120394736	0.000110076862131282	0.002361272839553	0.00236127283955299	HLA-E/CD6/FGR/CCR7/FCGR3A/FYN/HMGB1	7
T/NK	GO:1902895	positive regulation of miRNA transcription	7/327	53/15651	0.132075471698113	6.32144711788125	5.66863120394736	0.000110076862131282	0.002361272839553	0.00236127283955299	TGFB1/MYC/NR3C1/STAT3/ETS1/JUN/FOS	7
T/NK	GO:0097191	extrinsic apoptotic signaling pathway	13/327	181/15651	0.0718232044198895	3.43762988494095	4.81844461967145	0.000113276265784297	0.00242080289350261	0.00242080289350261	TRADD/TGFB1/CD40LG/CD27/IFNG/BIRC3/CYLD/TNFAIP3/ITM2C/MCL1/NFKBIZ/LTB/FYN	13
T/NK	GO:0002484	antigen processing and presentation of endogenous peptide antigen via MHC class I via ER pathway	4/327	13/15651	0.307692307692308	14.726887791108	7.23266135134506	0.000115234246041403	0.00243528373300833	0.00243528373300833	HLA-E/HLA-C/HLA-B/HLA-A	4
T/NK	GO:0002486	antigen processing and presentation of endogenous peptide antigen via MHC class I via ER pathway, TAP-independent	4/327	13/15651	0.307692307692308	14.726887791108	7.23266135134506	0.000115234246041403	0.00243528373300833	0.00243528373300833	HLA-E/HLA-C/HLA-B/HLA-A	4
T/NK	GO:0043922	host-mediated suppression of viral transcription	4/327	13/15651	0.307692307692308	14.726887791108	7.23266135134506	0.000115234246041403	0.00243528373300833	0.00243528373300833	CCL3/CCL4/JUN/CCL5	4
T/NK	GO:0045055	regulated exocytosis	14/327	207/15651	0.0676328502415459	3.23706953862518	4.73292623783728	0.000118406416277297	0.00249308860250278	0.00249308860250278	PLEK/CCL3/FCER1G/NKG7/PTGDR/FGR/CORO1A/RAC2/RAP1B/MYH9/CD300A/LAT/FCGR3A/ITGB2	14
T/NK	GO:0010721	negative regulation of cell development	14/327	208/15651	0.0673076923076923	3.22150670430487	4.71149175678697	0.000124601648958889	0.00261388606235081	0.00261388606235081	IRF1/TGFB1/CD69/CCL3/RUNX3/MYC/ID2/PSMB9/TBX21/B2M/SOCS1/CTLA4/LAG3/HMGB1	14
T/NK	GO:0030593	neutrophil chemotaxis	8/327	73/15651	0.10958904109589	5.24519291190147	5.31065374549032	0.000137589757759018	0.00285486239190167	0.00285486239190167	CKLF/XCL1/RIPOR2/CCL3/RAC2/CCR7/PDE4B/ITGB2	8
T/NK	GO:0048661	positive regulation of smooth muscle cell proliferation	8/327	73/15651	0.10958904109589	5.24519291190147	5.31065374549032	0.000137589757759018	0.00285486239190167	0.00285486239190167	TGFB1/LDLRAP1/RGCC/PIK3R1/ID2/S1PR1/JUN/CCL5	8
T/NK	GO:0061614	miRNA transcription	8/327	73/15651	0.10958904109589	5.24519291190147	5.31065374549032	0.000137589757759018	0.00285486239190167	0.00285486239190167	TGFB1/MYC/NR3C1/STAT3/ETS1/JUN/DDX5/FOS	8
T/NK	GO:2001233	regulation of apoptotic signaling pathway	17/327	291/15651	0.0584192439862543	2.79608436583751	4.51775416326707	0.000138801044271671	0.0028695607196165	0.0028695607196165	CD40LG/CYLD/SOD1/TNFAIP3/TPT1/MYC/UBB/ITM2C/CX3CR1/MCL1/NR4A2/LTB/LCK/STAT3/DNAJA1/FYN/RACK1	17
T/NK	GO:0080164	regulation of nitric oxide metabolic process	7/327	55/15651	0.127272727272727	6.09157631359466	5.52550485132873	0.000139834694510093	0.00287534154934591	0.00287534154934591	KLF2/HSP90AB1/IFNG/HSP90AA1/NOSIP/CX3CR1/ITGB2	7
T/NK	GO:0141060	disruption of anatomical structure in another organism	9/327	93/15651	0.0967741935483871	4.6318437407517	5.13141005844707	0.000140088494692983	0.00287534154934591	0.00287534154934591	GNLY/XCL1/GZMM/GBP5/NKG7/GZMB/GZMA/PRF1/GZMH	9
T/NK	GO:0002381	immunoglobulin production involved in immunoglobulin-mediated immune response	6/327	39/15651	0.153846153846154	7.36344389555399	5.8121956790264	0.000144895060347982	0.00295342867944012	0.00295342867944012	TGFB1/CD40LG/XCL1/NFKBIZ/BATF/CCR6	6
T/NK	GO:0010818	T cell chemotaxis	5/327	25/15651	0.2	9.57247706422018	6.2661011590772	0.000145445751651362	0.00295342867944012	0.00295342867944012	XCL1/CCL3/CXCR3/GPR183/CCL5	5
T/NK	GO:0046426	negative regulation of receptor signaling pathway via JAK-STAT	5/327	25/15651	0.2	9.57247706422018	6.2661011590772	0.000145445751651362	0.00295342867944012	0.00295342867944012	PTPRC/SOCS3/IL7R/CISH/SOCS1	5
T/NK	GO:0043491	phosphatidylinositol 3-kinase/protein kinase B signal transduction	16/327	266/15651	0.0601503759398496	2.87894047044216	4.51492005173138	0.000155719625740489	0.0031508375336001	0.0031508375336001	TGFB1/CCL3/NOP53/RGCC/FGR/CX3CR1/PIK3R1/CCR7/THEM4/STAT3/PIK3IP1/FCGR3A/HCST/FYN/RACK1/CCL5	16
T/NK	GO:0046635	positive regulation of alpha-beta T cell activation	7/327	56/15651	0.125	5.98279816513761	5.45656829719331	0.000156986030451889	0.00316523777299816	0.00316523777299816	XCL1/RUNX3/HLA-E/NFKBIZ/BRD2/SOCS1/HLA-A	7
T/NK	GO:0002476	antigen processing and presentation of endogenous peptide antigen via MHC class Ib	4/327	14/15651	0.285714285714286	13.6749672346003	6.93073223919107	0.000158679482545161	0.00318811664578411	0.00318811664578411	HLA-E/HLA-C/HLA-B/HLA-A	4
T/NK	GO:0032611	interleukin-1 beta production	9/327	95/15651	0.0947368421052632	4.5343312409464	5.04736905308391	0.000165010308229074	0.00329212873690593	0.00329212873690593	IFNG/CCL3/TYROBP/GBP5/TNFAIP3/CX3CR1/CCR7/STAT3/HMGB1	9
T/NK	GO:0032651	regulation of interleukin-1 beta production	9/327	95/15651	0.0947368421052632	4.5343312409464	5.04736905308391	0.000165010308229074	0.00329212873690593	0.00329212873690593	IFNG/CCL3/TYROBP/GBP5/TNFAIP3/CX3CR1/CCR7/STAT3/HMGB1	9
T/NK	GO:0030888	regulation of B cell proliferation	7/327	57/15651	0.12280701754386	5.87783679381941	5.38928193391234	0.000175801359422215	0.00348294011361624	0.00348294011361624	PTPRC/TYROBP/GPR183/CD300A/TNFRSF4/CTLA4/IKZF3	7
T/NK	GO:0002726	positive regulation of T cell cytokine production	5/327	26/15651	0.192307692307692	9.20430486944248	6.11594296707826	0.000177015883797531	0.00348294011361624	0.00348294011361624	XCL1/TBX21/B2M/HLA-A/CD7	5
T/NK	GO:0035458	cellular response to interferon-beta	5/327	26/15651	0.192307692307692	9.20430486944248	6.11594296707826	0.000177015883797531	0.00348294011361624	0.00348294011361624	IRF1/TRAF3IP3/PYHIN1/IFITM2/CALM1	5
T/NK	GO:0046639	negative regulation of alpha-beta T cell differentiation	5/327	26/15651	0.192307692307692	9.20430486944248	6.11594296707826	0.000177015883797531	0.00348294011361624	0.00348294011361624	CD69/RUNX3/TBX21/SOCS1/HMGB1	5
T/NK	GO:0046425	regulation of receptor signaling pathway via JAK-STAT	8/327	76/15651	0.105263157894737	5.03814582327378	5.1548940315835	0.000182830194794127	0.00357270236813456	0.00357270236813456	PTPRC/SOCS3/IFNG/IL7R/OCIAD2/CISH/SOCS1/CALM1	8
T/NK	GO:0070664	negative regulation of leukocyte proliferation	8/327	76/15651	0.105263157894737	5.03814582327378	5.1548940315835	0.000182830194794127	0.00357270236813456	0.00357270236813456	XCL1/RIPOR2/TYROBP/HLA-E/TNFAIP3/SPN/CD300A/CTLA4	8
T/NK	GO:0001732	formation of cytoplasmic translation initiation complex	4/327	15/15651	0.266666666666667	12.7633027522936	6.65820325711744	0.000212831260818484	0.00411666160756024	0.00411666160756024	EIF3F/EIF3L/EIF3H/EIF3E	4
T/NK	GO:0001787	natural killer cell proliferation	4/327	15/15651	0.266666666666667	12.7633027522936	6.65820325711744	0.000212831260818484	0.00411666160756024	0.00411666160756024	HLA-E/FLT3LG/PTPN22/FCGR3A	4
T/NK	GO:0032816	positive regulation of natural killer cell activation	4/327	15/15651	0.266666666666667	12.7633027522936	6.65820325711744	0.000212831260818484	0.00411666160756024	0.00411666160756024	TYROBP/HLA-E/FLT3LG/FCGR3A	4
T/NK	GO:0008347	glial cell migration	6/327	42/15651	0.142857142857143	6.83748361730013	5.53359990545071	0.000221029229642667	0.00423219055148007	0.00423219055148007	CCL3/SYNE2/ADGRG1/CX3CR1/GPR183/SUN2	6
T/NK	GO:0045589	regulation of regulatory T cell differentiation	6/327	42/15651	0.142857142857143	6.83748361730013	5.53359990545071	0.000221029229642667	0.00423219055148007	0.00423219055148007	IRF1/TGFB1/PSMB9/SOCS1/CTLA4/LAG3	6
T/NK	GO:0045622	regulation of T-helper cell differentiation	6/327	42/15651	0.142857142857143	6.83748361730013	5.53359990545071	0.000221029229642667	0.00423219055148007	0.00423219055148007	JUNB/CD69/NFKBIZ/BRD2/TBX21/BATF	6
T/NK	GO:0019058	viral life cycle	16/327	275/15651	0.0581818181818182	2.78472060050042	4.36174100356257	0.00022746060148503	0.00434076987315579	0.00434076987315579	SELPLG/IFITM1/HSP90AB1/CXCR6/APOBEC3G/CXCR4/MYH9/CD28/PCBP1/PABPC1/DDX5/TNFRSF4/CCL5/HMGB1/IFITM2/IL32	16
T/NK	GO:0050848	regulation of calcium-mediated signaling	8/327	79/15651	0.10126582278481	4.8468238299849	5.00712716757529	0.000239637231084906	0.00455790013523492	0.00455790013523492	TRAT1/PLEK/PTPRC/CCL3/CCL4/HINT1/SELENOK/SLA2	8
T/NK	GO:0002832	negative regulation of response to biotic stimulus	10/327	122/15651	0.0819672131147541	3.92314633779516	4.73482250754213	0.000240764843790094	0.00456413355038631	0.00456413355038631	TGFB1/KLRC1/HLA-E/LYAR/TNFAIP3/KLRD1/HLA-B/HLA-A/LAG3/PIM1	10
T/NK	GO:0042088	T-helper 1 type immune response	7/327	60/15651	0.116666666666667	5.58394495412844	5.19664451058193	0.000243437105508334	0.00459951034447203	0.00459951034447203	XCL1/SPN/NFKBIZ/PSMB9/LEF1/TBX21/HMGB1	7
T/NK	GO:2000404	regulation of T cell migration	6/327	43/15651	0.13953488372093	6.67847237038618	5.44674561197829	0.000252409838693478	0.00475330211084154	0.00475330211084154	CD69/XCL1/RIPOR2/SPN/CCR6/CCL5	6
T/NK	GO:0002507	tolerance induction	5/327	28/15651	0.178571428571429	8.54685452162516	5.83858696317308	0.000255569361012172	0.00476561690828579	0.00476561690828579	HLA-E/TNFAIP3/HLA-B/ICOS/HMGB1	5
T/NK	GO:0043921	host-mediated perturbation of viral transcription	5/327	28/15651	0.178571428571429	8.54685452162516	5.83858696317308	0.000255569361012172	0.00476561690828579	0.00476561690828579	CCL3/CCL4/LEF1/JUN/CCL5	5
T/NK	GO:1904893	negative regulation of receptor signaling pathway via STAT	5/327	28/15651	0.178571428571429	8.54685452162516	5.83858696317308	0.000255569361012172	0.00476561690828579	0.00476561690828579	PTPRC/SOCS3/IL7R/CISH/SOCS1	5
T/NK	GO:0002823	negative regulation of adaptive immune response based on somatic recombination of immune receptors built from immunoglobulin superfamily domains	7/327	61/15651	0.114754098360656	5.49240487291322	5.13529888115637	0.000270139628780317	0.0050209013740081	0.00502090137400811	CD69/XCL1/PTPRC/KLRC1/KLRD1/TBX21/LAG3	7
T/NK	GO:0043407	negative regulation of MAP kinase activity	4/327	16/15651	0.25	11.9655963302752	6.41044647872095	0.000279122686111029	0.00515428494158425	0.00515428494158425	PDCD4/PTPN22/CD300A/DNAJA1	4
T/NK	GO:0044793	host-mediated suppression of viral proces	4/327	16/15651	0.25	11.9655963302752	6.41044647872095	0.000279122686111029	0.00515428494158425	0.00515428494158425	CCL3/CCL4/JUN/CCL5	4
T/NK	GO:2000630	positive regulation of miRNA metabolic process	7/327	62/15651	0.112903225806452	5.40381769754365	5.07529188798336	0.000299147266954151	0.00550623969432382	0.00550623969432382	TGFB1/MYC/NR3C1/STAT3/ETS1/JUN/FOS	7
T/NK	GO:0019883	antigen processing and presentation of endogenous antigen	5/327	29/15651	0.172413793103448	8.25213540018981	5.71007170216904	0.000303573389704355	0.00551652790335366	0.00551652790335365	HLA-E/HLA-C/HLA-B/B2M/HLA-A	5
T/NK	GO:0032633	interleukin-4 production	5/327	29/15651	0.172413793103448	8.25213540018981	5.71007170216904	0.000303573389704355	0.00551652790335366	0.00551652790335365	CD40LG/HLA-E/FCER1G/LEF1/CD28	5
T/NK	GO:0032673	regulation of interleukin-4 production	5/327	29/15651	0.172413793103448	8.25213540018981	5.71007170216904	0.000303573389704355	0.00551652790335366	0.00551652790335365	CD40LG/HLA-E/FCER1G/LEF1/CD28	5
T/NK	GO:2000515	negative regulation of CD4-positive, alpha-beta T cell activation	5/327	29/15651	0.172413793103448	8.25213540018981	5.71007170216904	0.000303573389704355	0.00551652790335366	0.00551652790335365	CD69/XCL1/RUNX3/TBX21/HMGB1	5
T/NK	GO:0032635	interleukin-6 production	10/327	126/15651	0.0793650793650794	3.79860200961118	4.60739647179969	0.000312769668635647	0.00564767002922468	0.00564767002922468	KLF2/TGFB1/IFNG/TYROBP/TNFAIP3/PTPN22/STAT3/HLA-B/SELENOK/HMGB1	10
T/NK	GO:0032675	regulation of interleukin-6 production	10/327	126/15651	0.0793650793650794	3.79860200961118	4.60739647179969	0.000312769668635647	0.00564767002922468	0.00564767002922468	KLF2/TGFB1/IFNG/TYROBP/TNFAIP3/PTPN22/STAT3/HLA-B/SELENOK/HMGB1	10
T/NK	GO:0030100	regulation of endocytosis	16/327	284/15651	0.0563380281690141	2.69647241245639	4.2146003770302	0.000326310982487552	0.00587359768477594	0.00587359768477593	TGFB1/PTPRC/IFNG/LDLRAP1/LYAR/CBLB/SOD1/FGR/CCR7/BIN1/STAT3/CD300A/B2M/IL2RB/RACK1/HMGB1	16
T/NK	GO:0051851	host-mediated perturbation of symbiont process	9/327	104/15651	0.0865384615384615	4.14193719124912	4.69608387446364	0.000327544420264596	0.00587725931455907	0.00587725931455907	IFITM1/CCL3/EEF1A1/CCL4/CX3CR1/LEF1/JUN/CCL5/IFITM2	9
T/NK	GO:0006809	nitric oxide biosynthetic process	7/327	63/15651	0.111111111111111	5.31804281345566	5.01657137658098	0.000330603619981387	0.00591355566023133	0.00591355566023133	KLF2/HSP90AB1/IFNG/HSP90AA1/NOSIP/CX3CR1/ITGB2	7
T/NK	GO:0006417	regulation of translation	18/327	344/15651	0.0523255813953488	2.50442713889482	4.12145265257759	0.000345985621259394	0.00616935610908158	0.00616935610908158	PRKCH/CIRBP/BTG2/ZFP36L2/EEF2/EIF4B/EIF2S3/ZFP36/GZMB/PPP1R15A/CD28/NPM1/PABPC1/RACK1/CCL5/EIF3H/EIF3E/EIF1	18
T/NK	GO:2001242	regulation of intrinsic apoptotic signaling pathway	11/327	152/15651	0.0723684210526316	3.46372525350072	4.45868925484653	0.000353695404607815	0.0062840667093659	0.0062840667093659	CYLD/SOD1/TPT1/MYC/UBB/MCL1/LCK/STAT3/DNAJA1/FYN/RACK1	11
T/NK	GO:1902624	positive regulation of neutrophil migration	5/327	30/15651	0.166666666666667	7.97706422018349	5.58758196905077	0.00035811029286841	0.0062840667093659	0.0062840667093659	XCL1/RIPOR2/RAC2/CCR7/CD99	5
T/NK	GO:0001773	myeloid dendritic cell activation	4/327	17/15651	0.235294117647059	11.261737722612	6.18379797790932	0.000359026594331105	0.0062840667093659	0.0062840667093659	CAMK4/BATF/CD2/HMGB1	4
T/NK	GO:0003376	sphingosine-1-phosphate receptor signaling pathway	4/327	17/15651	0.235294117647059	11.261737722612	6.18379797790932	0.000359026594331105	0.0062840667093659	0.0062840667093659	S1PR4/EZR/S1PR1/S1PR5	4
T/NK	GO:0050765	negative regulation of phagocytosis	4/327	17/15651	0.235294117647059	11.261737722612	6.18379797790932	0.000359026594331105	0.0062840667093659	0.0062840667093659	TGFB1/CD300A/RACK1/HMGB1	4
T/NK	GO:0140131	positive regulation of lymphocyte chemotaxis	4/327	17/15651	0.235294117647059	11.261737722612	6.18379797790932	0.000359026594331105	0.0062840667093659	0.0062840667093659	XCL1/CCL3/CCL4/CCL5	4
T/NK	GO:0009611	response to wounding	22/327	469/15651	0.046908315565032	2.24514387433736	3.99932262253783	0.000364223563517286	0.0063555341083475	0.0063555341083475	PRDX2/TGFB1/CD40LG/FLNA/PLEK/TYROBP/AHNAK/NACA/FCER1G/SOD1/TNFAIP3/ADGRG1/CX3CR1/ZFP36L2/MYH9/NFKBIZ/LCK/STAT3/ZFP36/MYL12A/DGKA/HMGB1	22
T/NK	GO:0030225	macrophage differentiation	6/327	46/15651	0.130434782608696	6.24291982449142	5.20193859567852	0.000367966127516899	0.00638180767055145	0.00638180767055145	TGFB1/IFNG/NR3C1/ID2/SOCS1/NPM1	6
T/NK	GO:0048708	astrocyte differentiation	6/327	46/15651	0.130434782608696	6.24291982449142	5.20193859567852	0.000367966127516899	0.00638180767055145	0.00638180767055145	EOMES/IFNG/NR3C1/ID2/BIN1/STAT3	6
T/NK	GO:0019079	viral genome replication	9/327	106/15651	0.0849056603773585	4.06378743292366	4.62339687902509	0.000377512013354943	0.00652752590364639	0.00652752590364639	IFITM1/CXCR6/APOBEC3G/CD28/PCBP1/PABPC1/DDX5/CCL5/IFITM2	9
T/NK	GO:0045123	cellular extravasation	7/327	65/15651	0.107692307692308	5.15441072688779	4.90279516281644	0.000401462620489102	0.0069206819109088	0.0069206819109088	SELPLG/RIPOR2/SPN/CX3CR1/SELL/CD99/ITGB2	7
T/NK	GO:0036230	granulocyte activation	6/327	47/15651	0.127659574468085	6.11009174311927	5.12512699260525	0.000414498728095919	0.0071238847666124	0.0071238847666124	CCL3/TYROBP/FCER1G/CD300A/ITGB2/CCL5	6
T/NK	GO:0030522	intracellular receptor signaling pathway	19/327	380/15651	0.05	2.39311926605505	4.01597807984556	0.000420062391577353	0.007197825844866	0.007197825844866	IRF1/KLF2/TRAF3IP3/LBH/BIRC3/GBP5/CYLD/TNFAIP3/NOP53/NR3C1/NR4A2/RORA/HSPA8/PTPN22/STAT3/ABHD17A/DDX5/PIM1/HMGB1	19
T/NK	GO:1903900	regulation of viral life cycle	9/327	108/15651	0.0833333333333333	3.98853211009174	4.55247276474727	0.000433602454248546	0.00740759162856947	0.00740759162856947	IFITM1/APOBEC3G/CD28/PABPC1/DDX5/CCL5/HMGB1/IFITM2/IL32	9
T/NK	GO:0002312	B cell activation involved in immune response	7/327	66/15651	0.106060606060606	5.07631359466222	4.84764856150725	0.000441178199625255	0.00751451584197524	0.00751451584197524	TGFB1/CD40LG/NFKBIZ/STAT3/GPR183/BATF/CCR6	7
T/NK	GO:0090520	sphingolipid mediated signaling pathway	4/327	18/15651	0.222222222222222	10.6360856269113	5.97531375981594	0.000454048198156461	0.00771071136512133	0.00771071136512133	S1PR4/EZR/S1PR1/S1PR5	4
T/NK	GO:2001244	positive regulation of intrinsic apoptotic signaling pathway	6/327	48/15651	0.125	5.98279816513762	5.05050535484229	0.000465499713082234	0.00788172511230631	0.00788172511230631	SOD1/MYC/UBB/MCL1/LCK/RACK1	6
T/NK	GO:0050792	regulation of viral process	10/327	133/15651	0.075187969924812	3.5986755880527	4.39647885773823	0.000481901633330005	0.00813529798751778	0.00813529798751778	IFITM1/APOBEC3G/ZFP36/CD28/PABPC1/DDX5/CCL5/HMGB1/IFITM2/IL32	10
T/NK	GO:0050672	negative regulation of lymphocyte proliferation	7/327	67/15651	0.104477611940299	5.00054772011502	4.79360629951697	0.000483968327765435	0.00814608636645892	0.00814608636645892	XCL1/RIPOR2/TYROBP/HLA-E/SPN/CD300A/CTLA4	7
T/NK	GO:0001916	positive regulation of T cell mediated cytotoxicity	5/327	32/15651	0.15625	7.47849770642202	5.35880139398649	0.000489042094716574	0.00815928126448179	0.00815928126448179	XCL1/HLA-E/HLA-C/HLA-B/HLA-A	5
T/NK	GO:0045429	positive regulation of nitric oxide biosynthetic process	5/327	32/15651	0.15625	7.47849770642202	5.35880139398649	0.000489042094716574	0.00815928126448179	0.00815928126448179	KLF2/HSP90AB1/IFNG/HSP90AA1/ITGB2	5
T/NK	GO:0046633	alpha-beta T cell proliferation	5/327	32/15651	0.15625	7.47849770642202	5.35880139398649	0.000489042094716574	0.00815928126448179	0.00815928126448179	IRF1/XCL1/HLA-E/MYC/HLA-A	5
T/NK	GO:0051209	release of sequestered calcium ion into cytosol	9/327	110/15651	0.0818181818181818	3.91601334445371	4.48323335837606	0.00049637580354945	0.00825749368820163	0.00825749368820163	TGFB1/FLNA/XCL1/PTPRC/CCL3/CXCR3/CCR7/LCK/CALM1	9
T/NK	GO:0031334	positive regulation of protein-containing complex assembly	12/327	184/15651	0.0652173913043478	3.12145991224571	4.22849356465589	0.000499346602058281	0.00828276660274579	0.00828276660274578	TGFB1/PLEK/HSP90AA1/GBP5/PFN1/RAP1B/CCR7/BIN1/PTPN22/EVL/SKAP1/RACK1	12
T/NK	GO:0050728	negative regulation of inflammatory response	11/327	159/15651	0.0691823899371069	3.31123420460447	4.27891589041081	0.000518782502041191	0.00858021146854214	0.00858021146854213	CD69/PTPRC/CYLD/SOD1/TNFAIP3/FGR/RORA/STAT3/FYN/CST7/TMSB4X	11
T/NK	GO:0061756	leukocyte adhesion to vascular endothelial cell	6/327	49/15651	0.122448979591837	5.86070024340011	4.97796361640821	0.000521259798758842	0.00859626708589003	0.00859626708589003	SELPLG/SPN/CX3CR1/ETS1/SELL/ITGB2	6
T/NK	GO:0032945	negative regulation of mononuclear cell proliferation	7/327	68/15651	0.102941176470588	4.92701025364274	4.7406285957087	0.000530002249239567	0.00864788825075907	0.00864788825075907	XCL1/RIPOR2/TYROBP/HLA-E/SPN/CD300A/CTLA4	7
T/NK	GO:0071346	cellular response to type II interferon	7/327	68/15651	0.102941176470588	4.92701025364274	4.7406285957087	0.000530002249239567	0.00864788825075907	0.00864788825075907	IRF1/IFNG/CCL3/GBP5/PIM1/CCL5/CALM1	7
T/NK	GO:0032612	interleukin-1 production	9/327	111/15651	0.0810810810810811	3.88073394495413	4.44922232685895	0.000530452311210248	0.00864788825075907	0.00864788825075907	IFNG/CCL3/TYROBP/GBP5/TNFAIP3/CX3CR1/CCR7/STAT3/HMGB1	9
T/NK	GO:0032652	regulation of interleukin-1 production	9/327	111/15651	0.0810810810810811	3.88073394495413	4.44922232685895	0.000530452311210248	0.00864788825075907	0.00864788825075907	IFNG/CCL3/TYROBP/GBP5/TNFAIP3/CX3CR1/CCR7/STAT3/HMGB1	9
T/NK	GO:0002281	macrophage activation involved in immune response	4/327	19/15651	0.210526315789474	10.0762916465476	5.7825972512613	0.000565718185073846	0.00915585178261441	0.00915585178261441	IFNG/TYROBP/CX3CR1/HMGB1	4
T/NK	GO:0045590	negative regulation of regulatory T cell differentiation	4/327	19/15651	0.210526315789474	10.0762916465476	5.7825972512613	0.000565718185073846	0.00915585178261441	0.00915585178261441	IRF1/PSMB9/CTLA4/LAG3	4
T/NK	GO:0002702	positive regulation of production of molecular mediator of immune response	9/327	112/15651	0.0803571428571429	3.84608453473132	4.4156053311285	0.000566424058756202	0.00915585178261441	0.00915585178261441	TGFB1/XCL1/PTPRC/HLA-E/TBX21/B2M/HLA-A/TNFRSF4/CD7	9
T/NK	GO:0007259	cell surface receptor signaling pathway via JAK-STAT	10/327	136/15651	0.0735294117647059	3.51929303831624	4.3103965496521	0.000574642837165639	0.0092615214927291	0.0092615214927291	PTPRC/SOCS3/IFNG/IL7R/OCIAD2/CISH/STAT3/SOCS1/IL2RB/CALM1	10
T/NK	GO:0002221	pattern recognition receptor signaling pathway	15/327	270/15651	0.0555555555555556	2.65902140672783	4.01685876048901	0.000576207523645081	0.0092615214927291	0.0092615214927291	IRF1/TRAF3IP3/BIRC3/GBP5/CYLD/TNFAIP3/NOP53/PIK3R1/HSPA8/NFKBIZ/PTPN22/ABHD17A/CD300A/HMGB1/NFKBIA	15
T/NK	GO:0002562	somatic diversification of immune receptors via germline recombination within a single locus	6/327	50/15651	0.12	5.74348623853211	4.90739938707365	0.000582078667540215	0.00930347584589487	0.00930347584589487	TGFB1/CD40LG/NFKBIZ/BATF/CCR6/HMGB1	6
T/NK	GO:0016444	somatic cell DNA recombination	6/327	50/15651	0.12	5.74348623853211	4.90739938707365	0.000582078667540215	0.00930347584589487	0.00930347584589487	TGFB1/CD40LG/NFKBIZ/BATF/CCR6/HMGB1	6
T/NK	GO:0010959	regulation of metal ion transport	16/327	302/15651	0.0529801324503311	2.53575551370071	3.93668338494123	0.00063907452887741	0.0101580411909018	0.0101580411909018	TGFB1/FLNA/XCL1/IFNG/CCL3/CCL4/MCUB/CXCR3/BIN1/FXYD5/B2M/PDE4B/FYN/SARAF/CCL5/CALM1	16
T/NK	GO:0045637	regulation of myeloid cell differentiation	11/327	163/15651	0.0674846625766871	3.22997692350988	4.18062753552395	0.000639105640997852	0.0101580411909018	0.0101580411909018	TGFB1/IFNG/CCL3/TYROBP/MYC/ID2/STAT3/ETS1/ZFP36/LEF1/CAMK4	11
T/NK	GO:0038066	p38MAPK cascade	6/327	51/15651	0.117647058823529	5.63086886130599	4.83871727505358	0.000648264760666681	0.0102749964565669	0.0102749964565669	CYLD/EZR/PTPN22/GADD45B/ZFP36/DUSP1	6
T/NK	GO:0002474	antigen processing and presentation of peptide antigen via MHC class I	5/327	34/15651	0.147058823529412	7.03858607663249	5.14897626981981	0.000653059778244402	0.0103223243619461	0.0103223243619461	HLA-E/HLA-C/HLA-B/B2M/HLA-A	5
T/NK	GO:0071222	cellular response to lipopolysaccharide	12/327	190/15651	0.0631578947368421	3.02288749396427	4.0980260568504	0.000664634656429975	0.010476257871794	0.010476257871794	PDCD4/CD6/GBP5/TNFAIP3/PLSCR3/CX3CR1/NFKBIZ/PTPN22/ZFP36/B2M/PDE4B/HMGB1	12
T/NK	GO:0032930	positive regulation of superoxide anion generation	4/327	20/15651	0.2	9.57247706422018	5.60367479935118	0.000695586247240576	0.0109339259690213	0.0109339259690213	TGFB1/TYROBP/SOD1/ITGB2	4
T/NK	GO:0032615	interleukin-12 production	6/327	52/15651	0.115384615384615	5.52258292166549	4.77182828146387	0.000720135054926496	0.011257782529892	0.011257782529892	CD40LG/IFNG/CCR7/LTB/HLA-B/HMGB1	6
T/NK	GO:0032655	regulation of interleukin-12 production	6/327	52/15651	0.115384615384615	5.52258292166549	4.77182828146387	0.000720135054926496	0.011257782529892	0.011257782529892	CD40LG/IFNG/CCR7/LTB/HLA-B/HMGB1	6
T/NK	GO:1901654	response to ketone	12/327	192/15651	0.0625	2.99139908256881	4.0556754519647	0.000729021439217978	0.0113655637491196	0.0113655637491196	TGFB1/PTPRC/TXNIP/PTGDR/BTG2/NR3C1/CCR7/TBX21/DUSP1/GNG2/FOSB/FOS	12
T/NK	GO:0032735	positive regulation of interleukin-12 production	5/327	35/15651	0.142857142857143	6.83748361730013	5.05033018073466	0.00074901465886371	0.011599679160977	0.011599679160977	CD40LG/IFNG/CCR7/LTB/HMGB1	5
T/NK	GO:0046209	nitric oxide metabolic process	7/327	72/15651	0.0972222222222222	4.6532874617737	4.53863524694996	0.000750136980441731	0.011599679160977	0.011599679160977	KLF2/HSP90AB1/IFNG/HSP90AA1/NOSIP/CX3CR1/ITGB2	7
T/NK	GO:1902893	regulation of miRNA transcription	7/327	72/15651	0.0972222222222222	4.6532874617737	4.53863524694996	0.000750136980441731	0.011599679160977	0.011599679160977	TGFB1/MYC/NR3C1/STAT3/ETS1/JUN/FOS	7
T/NK	GO:0006887	exocytosis	17/327	338/15651	0.0502958579881657	2.40727973508496	3.82079395795467	0.000783002588606108	0.0120454017226323	0.0120454017226323	PLEK/IFNG/CCL3/FCER1G/NKG7/PTGDR/SYTL3/FGR/CORO1A/RAC2/RAP1B/MYH9/CD300A/LAT/FCGR3A/ITGB2/CCL5	17
T/NK	GO:0071216	cellular response to biotic stimulus	13/327	221/15651	0.0588235294117647	2.815434430653	3.97044072904523	0.000783183322659759	0.0120454017226323	0.0120454017226323	PDCD4/CD6/GBP5/TXNIP/TNFAIP3/PLSCR3/CX3CR1/NFKBIZ/PTPN22/ZFP36/B2M/PDE4B/HMGB1	13
T/NK	GO:0051924	regulation of calcium ion transport	12/327	194/15651	0.0618556701030928	2.96055991676913	4.01387049788867	0.00079854924551076	0.0122487150400118	0.0122487150400118	TGFB1/XCL1/CCL3/CCL4/MCUB/CXCR3/BIN1/PDE4B/FYN/SARAF/CCL5/CALM1	12
T/NK	GO:0032928	regulation of superoxide anion generation	4/327	21/15651	0.19047619047619	9.11664482306684	5.43690414200208	0.000845215023815662	0.0128402558892779	0.0128402558892779	TGFB1/TYROBP/SOD1/ITGB2	4
T/NK	GO:0043371	negative regulation of CD4-positive, alpha-beta T cell differentiation	4/327	21/15651	0.19047619047619	9.11664482306684	5.43690414200208	0.000845215023815662	0.0128402558892779	0.0128402558892779	CD69/RUNX3/TBX21/HMGB1	4
T/NK	GO:2000353	positive regulation of endothelial cell apoptotic process	4/327	21/15651	0.19047619047619	9.11664482306684	5.43690414200208	0.000845215023815662	0.0128402558892779	0.0128402558892779	TGFB1/CD40LG/PDCD4/RGCC	4
T/NK	GO:0006986	response to unfolded protein	10/327	143/15651	0.0699300699300699	3.34701995252454	4.11862147686379	0.000849516787975475	0.0128402558892779	0.0128402558892779	HSP90AB1/HSP90AA1/HSPE1/PIK3R1/HSPA8/DNAJB1/STAT3/PPP1R15A/DNAJA1/RACK1	10
T/NK	GO:0002204	somatic recombination of immunoglobulin genes involved in immune response	5/327	36/15651	0.138888888888889	6.64755351681957	4.95547839178233	0.000855116936194464	0.0128402558892779	0.0128402558892779	TGFB1/CD40LG/NFKBIZ/BATF/CCR6	5
T/NK	GO:0002208	somatic diversification of immunoglobulins involved in immune response	5/327	36/15651	0.138888888888889	6.64755351681957	4.95547839178233	0.000855116936194464	0.0128402558892779	0.0128402558892779	TGFB1/CD40LG/NFKBIZ/BATF/CCR6	5
T/NK	GO:0045190	isotype switching	5/327	36/15651	0.138888888888889	6.64755351681957	4.95547839178233	0.000855116936194464	0.0128402558892779	0.0128402558892779	TGFB1/CD40LG/NFKBIZ/BATF/CCR6	5
T/NK	GO:1900744	regulation of p38MAPK cascade	5/327	36/15651	0.138888888888889	6.64755351681957	4.95547839178233	0.000855116936194464	0.0128402558892779	0.0128402558892779	CYLD/EZR/PTPN22/GADD45B/DUSP1	5
T/NK	GO:2001057	reactive nitrogen species metabolic process	7/327	74/15651	0.0945945945945946	4.52752293577982	4.4431274569432	0.000884435139450014	0.0132456349231018	0.0132456349231018	KLF2/HSP90AB1/IFNG/HSP90AA1/NOSIP/CX3CR1/ITGB2	7
T/NK	GO:0002478	antigen processing and presentation of exogenous peptide antigen	5/327	37/15651	0.135135135135135	6.46788990825688	4.86416739100441	0.00097202054766559	0.0142378429352489	0.0142378429352489	HLA-E/HLA-C/HLA-B/B2M/HLA-A	5
T/NK	GO:1901798	positive regulation of signal transduction by p53 class mediator	5/327	37/15651	0.135135135135135	6.46788990825688	4.86416739100441	0.00097202054766559	0.0142378429352489	0.0142378429352489	PYHIN1/MYC/UBB/PPP1R15A/DDX5	5
T/NK	GO:0001771	immunological synapse formation	3/327	10/15651	0.3	14.3587155963303	6.17273199735826	0.000972415554958975	0.0142378429352489	0.0142378429352489	CD6/CCR7/PRF1	3
T/NK	GO:0032819	positive regulation of natural killer cell proliferation	3/327	10/15651	0.3	14.3587155963303	6.17273199735826	0.000972415554958975	0.0142378429352489	0.0142378429352489	HLA-E/FLT3LG/FCGR3A	3
T/NK	GO:0038110	interleukin-2-mediated signaling pathway	3/327	10/15651	0.3	14.3587155963303	6.17273199735826	0.000972415554958975	0.0142378429352489	0.0142378429352489	EZR/STAT3/IL2RB	3
T/NK	GO:0043320	natural killer cell degranulation	3/327	10/15651	0.3	14.3587155963303	6.17273199735826	0.000972415554958975	0.0142378429352489	0.0142378429352489	NKG7/CORO1A/FCGR3A	3
T/NK	GO:0071352	cellular response to interleukin-2	3/327	10/15651	0.3	14.3587155963303	6.17273199735826	0.000972415554958975	0.0142378429352489	0.0142378429352489	EZR/STAT3/IL2RB	3
T/NK	GO:0032613	interleukin-10 production	6/327	55/15651	0.109090909090909	5.22135112593828	4.58111490212869	0.000973143838897135	0.0142378429352489	0.0142378429352489	CD40LG/XCL1/TYROBP/STAT3/CD28/HMGB1	6
T/NK	GO:0032653	regulation of interleukin-10 production	6/327	55/15651	0.109090909090909	5.22135112593828	4.58111490212869	0.000973143838897135	0.0142378429352489	0.0142378429352489	CD40LG/XCL1/TYROBP/STAT3/CD28/HMGB1	6
T/NK	GO:0002262	myeloid cell homeostasis	9/327	121/15651	0.0743801652892562	3.56001213132156	4.12946658528909	0.000989169198526937	0.0144352927027998	0.0144352927027998	LYAR/SOD1/IKZF1/ID2/STAT3/ETS1/ZFP36/PDE4B/HMGB1	9
T/NK	GO:0071219	cellular response to molecule of bacterial origin	12/327	199/15651	0.0603015075376884	2.88617398921212	3.91165834789713	0.000996966429238349	0.0145119654215154	0.0145119654215154	PDCD4/CD6/GBP5/TNFAIP3/PLSCR3/CX3CR1/NFKBIZ/PTPN22/ZFP36/B2M/PDE4B/HMGB1	12
T/NK	GO:0002438	acute inflammatory response to antigenic stimulus	4/327	22/15651	0.181818181818182	8.7022518765638	5.28090599988999	0.00101617443713667	0.0147539219804117	0.0147539219804117	HLA-E/CD6/CCR7/FCGR3A	4
T/NK	GO:0045069	regulation of viral genome replication	7/327	76/15651	0.0921052631578947	4.40837759536456	4.35096355918212	0.00103700793161405	0.0150181910096187	0.0150181910096187	IFITM1/APOBEC3G/CD28/PABPC1/DDX5/CCL5/IFITM2	7
T/NK	GO:0019882	antigen processing and presentation	8/327	99/15651	0.0808080808080808	3.86766750069502	4.1811740238447	0.00109742238031466	0.015799990118092	0.015799990118092	HLA-E/CCR7/HLA-C/HLA-B/B2M/HLA-A/CST7/CD8A	8
T/NK	GO:0032733	positive regulation of interleukin-10 production	5/327	38/15651	0.131578947368421	6.29768227909223	4.77616698909663	0.00110039122313712	0.015799990118092	0.015799990118092	CD40LG/XCL1/STAT3/CD28/HMGB1	5
T/NK	GO:0042554	superoxide anion generation	5/327	38/15651	0.131578947368421	6.29768227909223	4.77616698909663	0.00110039122313712	0.015799990118092	0.015799990118092	TGFB1/TYROBP/SOD1/RAC2/ITGB2	5
T/NK	GO:0006816	calcium ion transport	18/327	380/15651	0.0473684210526316	2.2671656204732	3.65288850664219	0.00110206730932363	0.015799990118092	0.015799990118092	TGFB1/FLNA/XCL1/PTPRC/CCL3/CCL4/TPT1/MCUB/CXCR3/CCR7/BIN1/LCK/PDE4B/SELENOK/FYN/SARAF/CCL5/CALM1	18
T/NK	GO:0006413	translational initiation	9/327	123/15651	0.0731707317073171	3.50212575520251	4.06957356360213	0.00111126074065893	0.0158521344654996	0.0158521344654996	EIF3F/EIF4B/EIF2S3/PPP1R15A/EIF3L/CCL5/EIF3H/EIF3E/EIF1	9
T/NK	GO:0030168	platelet activation	9/327	123/15651	0.0731707317073171	3.50212575520251	4.06957356360213	0.00111126074065893	0.0158521344654996	0.0158521344654996	CD40LG/FLNA/PLEK/FCER1G/ADGRG1/MYH9/LCK/MYL12A/DGKA	9
T/NK	GO:0002181	cytoplasmic translation	12/327	202/15651	0.0594059405940594	2.8433100190753	3.85184548604256	0.00113458371365276	0.0161444754865402	0.0161444754865402	UBA52/FAU/EIF3F/EEF2/EIF2S3/NPM1/EEF1D/PABPC1/EIF3L/RACK1/EIF3H/EIF3E	12
T/NK	GO:0010586	miRNA metabolic process	8/327	100/15651	0.08	3.82899082568807	4.14569505945779	0.00117164217997207	0.016630324076917	0.016630324076917	TGFB1/MYC/NR3C1/STAT3/ETS1/JUN/DDX5/FOS	8
T/NK	GO:0002200	somatic diversification of immune receptors	6/327	57/15651	0.105263157894737	5.03814582327378	4.46154868474648	0.00117641000137978	0.0166565644364095	0.0166565644364095	TGFB1/CD40LG/NFKBIZ/BATF/CCR6/HMGB1	6
T/NK	GO:0044092	negative regulation of molecular function	12/327	203/15651	0.0591133004926108	2.82930356577936	3.83215127943539	0.0011838189244521	0.0167199771854546	0.0167199771854546	PTPRC/RIPOR2/PDCD4/NOSIP/PTPN22/ZFP36/LEF1/CD300A/JUN/DNAJA1/RACK1/CALM1	12
T/NK	GO:0072677	eosinophil migration	4/327	23/15651	0.173913043478261	8.3238930993219	5.1345121867876	0.00121003640482294	0.0170060781426594	0.0170060781426594	CCL3/CCL4/CD300A/CCL5	4
T/NK	GO:1901623	regulation of lymphocyte chemotaxis	4/327	23/15651	0.173913043478261	8.3238930993219	5.1345121867876	0.00121003640482294	0.0170060781426594	0.0170060781426594	XCL1/CCL3/CCL4/CCL5	4
T/NK	GO:0002369	T cell cytokine production	5/327	39/15651	0.128205128205128	6.13620324629499	4.69126762248577	0.00124090536472375	0.0172463381317036	0.0172463381317036	XCL1/TBX21/B2M/HLA-A/CD7	5
T/NK	GO:0002724	regulation of T cell cytokine production	5/327	39/15651	0.128205128205128	6.13620324629499	4.69126762248577	0.00124090536472375	0.0172463381317036	0.0172463381317036	XCL1/TBX21/B2M/HLA-A/CD7	5
T/NK	GO:1902622	regulation of neutrophil migration	5/327	39/15651	0.128205128205128	6.13620324629499	4.69126762248577	0.00124090536472375	0.0172463381317036	0.0172463381317036	XCL1/RIPOR2/RAC2/CCR7/CD99	5
T/NK	GO:2000403	positive regulation of lymphocyte migration	5/327	39/15651	0.128205128205128	6.13620324629499	4.69126762248577	0.00124090536472375	0.0172463381317036	0.0172463381317036	XCL1/CCL3/CCL4/SPN/CCL5	5
T/NK	GO:0009266	response to temperature stimulus	9/327	125/15651	0.072	3.44609174311927	4.010910146072	0.00124526661588887	0.0172463381317036	0.0172463381317036	HSP90AB1/CIRBP/HSP90AA1/SOD1/DNAJB1/PSIP1/EEF1D/DNAJA1/NFKBIA	9
T/NK	GO:0045727	positive regulation of translation	9/327	125/15651	0.072	3.44609174311927	4.010910146072	0.00124526661588887	0.0172463381317036	0.0172463381317036	PRKCH/CIRBP/EEF2/PPP1R15A/CD28/NPM1/PABPC1/CCL5/EIF3E	9
T/NK	GO:0002761	regulation of myeloid leukocyte differentiation	8/327	101/15651	0.0792079207920792	3.79108002543374	4.11067133474649	0.00124981133884659	0.0172673692480839	0.0172673692480839	TGFB1/IFNG/CCL3/TYROBP/MYC/ID2/LEF1/CAMK4	8
T/NK	GO:0045807	positive regulation of endocytosis	10/327	151/15651	0.0662251655629139	3.16969439212589	3.91350746589394	0.00128744141409488	0.0177443012290468	0.0177443012290468	PTPRC/IFNG/LDLRAP1/LYAR/SOD1/CCR7/BIN1/STAT3/B2M/IL2RB	10
T/NK	GO:0062207	regulation of pattern recognition receptor signaling pathway	11/327	178/15651	0.0617977528089888	2.95778785692197	3.83736707102026	0.00131619046771414	0.018013650172379	0.018013650172379	IRF1/BIRC3/GBP5/TNFAIP3/NOP53/PIK3R1/HSPA8/PTPN22/ABHD17A/CD300A/HMGB1	11
T/NK	GO:0033625	positive regulation of integrin activation	3/327	11/15651	0.272727272727273	13.0533778148457	5.84159862835055	0.00131645498105188	0.018013650172379	0.018013650172379	PLEK/RAP1B/SKAP1	3
T/NK	GO:0070669	response to interleukin-2	3/327	11/15651	0.272727272727273	13.0533778148457	5.84159862835055	0.00131645498105188	0.018013650172379	0.018013650172379	EZR/STAT3/IL2RB	3
T/NK	GO:0032728	positive regulation of interferon-beta production	5/327	40/15651	0.125	5.98279816513761	4.6092780285809	0.00139424892420095	0.0189870748484263	0.0189870748484263	IRF1/TRADD/TRAF3IP3/HSP90AA1/HMGB1	5
T/NK	GO:0042119	neutrophil activation	5/327	40/15651	0.125	5.98279816513761	4.6092780285809	0.00139424892420095	0.0189870748484263	0.0189870748484263	TYROBP/FCER1G/CD300A/ITGB2/CCL5	5
T/NK	GO:0042542	response to hydrogen peroxide	7/327	80/15651	0.0875	4.18795871559633	4.17584533954292	0.00140378474824511	0.0190261182268091	0.0190261182268091	KLF2/TXNIP/SOD1/TNFAIP3/EEF2/DUSP1/FYN	7
T/NK	GO:0051098	regulation of binding	7/327	80/15651	0.0875	4.18795871559633	4.17584533954292	0.00140378474824511	0.0190261182268091	0.0190261182268091	LDLRAP1/RIPOR2/PYHIN1/LEF1/JUN/RACK1/HMGB1	7
T/NK	GO:0032753	positive regulation of interleukin-4 production	4/327	24/15651	0.166666666666667	7.97706422018349	4.99672572018876	0.00142836991056611	0.019267798368062	0.019267798368062	CD40LG/HLA-E/FCER1G/CD28	4
T/NK	GO:0090023	positive regulation of neutrophil chemotaxis	4/327	24/15651	0.166666666666667	7.97706422018349	4.99672572018876	0.00142836991056611	0.019267798368062	0.019267798368062	XCL1/RIPOR2/RAC2/CCR7	4
T/NK	GO:0002753	cytoplasmic pattern recognition receptor signaling pathway	11/327	180/15651	0.0611111111111111	2.92492354740061	3.79433367576481	0.00143982659023025	0.0193765342543722	0.0193765342543722	IRF1/TRAF3IP3/BIRC3/GBP5/CYLD/TNFAIP3/NOP53/HSPA8/PTPN22/ABHD17A/HMGB1	11
T/NK	GO:0043254	regulation of protein-containing complex assembly	18/327	390/15651	0.0461538461538462	2.2090331686662	3.53202686678199	0.00147358865182111	0.0197842278759794	0.0197842278759794	TGFB1/PLEK/HSP90AA1/GBP5/PFN1/NOP53/RAP1B/HSPA8/CCR7/BIN1/PTPN22/EVL/ABHD17A/SKAP1/ADD3/RACK1/HMGB1/TMSB4X	18
T/NK	GO:0032479	regulation of type I interferon production	9/327	129/15651	0.0697674418604651	3.33923618519309	3.89708667078819	0.00155239322433154	0.0207446270211611	0.0207446270211611	IRF1/TRADD/TRAF3IP3/HSP90AA1/TYROBP/CYLD/LTB/PTPN22/HMGB1	9
T/NK	GO:0032606	type I interferon production	9/327	129/15651	0.0697674418604651	3.33923618519309	3.89708667078819	0.00155239322433154	0.0207446270211611	0.0207446270211611	IRF1/TRADD/TRAF3IP3/HSP90AA1/TYROBP/CYLD/LTB/PTPN22/HMGB1	9
T/NK	GO:0019730	antimicrobial humoral response	10/327	155/15651	0.0645161290322581	3.0878958271678	3.81601301420513	0.00156705248366395	0.0208915922238002	0.0208915922238002	GNLY/XCL1/CCL3/HLA-E/CCL4/XCL2/FAU/B2M/HLA-A/CCL5	10
T/NK	GO:0007015	actin filament organization	19/327	425/15651	0.0447058823529412	2.13973016729628	3.4797542312455	0.00158674882411419	0.021104868975281	0.021104868975281	FLNA/PLEK/PFN1/RGCC/CORO1A/RAC2/PIK3R1/EZR/CCR7/BIN1/RHOH/CNN2/LIMD2/EVL/S1PR1/WIPF1/EFHD2/ADD3/TMSB4X	19
T/NK	GO:0097305	response to alcohol	13/327	240/15651	0.0541666666666667	2.59254587155963	3.63184359013704	0.00165652880525016	0.0219817520064126	0.0219817520064126	TGFB1/PTPRC/CCL3/SOD1/EEF1B2/PTGDR/BTG2/CCR7/EEF2/STAT3/GNG2/FOSB/FOS	13
T/NK	GO:0031579	membrane raft organization	4/327	25/15651	0.16	7.65798165137615	4.86668978292541	0.00167273641702606	0.0220739760054305	0.0220739760054305	PTPRC/MAL/CD2/LAT	4
T/NK	GO:0043374	CD8-positive, alpha-beta T cell differentiation	4/327	25/15651	0.16	7.65798165137615	4.86668978292541	0.00167273641702606	0.0220739760054305	0.0220739760054305	EOMES/RUNX3/PSMB9/SOCS1	4
T/NK	GO:0032731	positive regulation of interleukin-1 beta production	6/327	61/15651	0.0983606557377049	4.70777560535419	4.23838377359049	0.00167895295940359	0.0220739760054305	0.0220739760054305	IFNG/CCL3/TYROBP/GBP5/STAT3/HMGB1	6
T/NK	GO:0045576	mast cell activation	6/327	61/15651	0.0983606557377049	4.70777560535419	4.23838377359049	0.00167895295940359	0.0220739760054305	0.0220739760054305	PTGDR/FGR/RAC2/RHOH/CD300A/LAT	6
T/NK	GO:0030889	negative regulation of B cell proliferation	3/327	12/15651	0.25	11.9655963302752	5.55089948488663	0.00172823664026209	0.0225144252724554	0.0225144252724554	TYROBP/CD300A/CTLA4	3
T/NK	GO:0033632	regulation of cell-cell adhesion mediated by integrin	3/327	12/15651	0.25	11.9655963302752	5.55089948488663	0.00172823664026209	0.0225144252724554	0.0225144252724554	CD3E/SKAP1/CCL5	3
T/NK	GO:0043506	regulation of JUN kinase activity	3/327	12/15651	0.25	11.9655963302752	5.55089948488663	0.00172823664026209	0.0225144252724554	0.0225144252724554	PDCD4/PTPN22/DNAJA1	3
T/NK	GO:0070673	response to interleukin-18	3/327	12/15651	0.25	11.9655963302752	5.55089948488663	0.00172823664026209	0.0225144252724554	0.0225144252724554	CYLD/PIK3R1/NFKBIZ	3
T/NK	GO:0009408	response to heat	7/327	83/15651	0.0843373493975904	4.03658671382779	4.05184942615424	0.00173987359358048	0.0226143934509572	0.0226143934509572	HSP90AB1/HSP90AA1/SOD1/DNAJB1/PSIP1/EEF1D/DNAJA1	7
T/NK	GO:0002534	cytokine production involved in inflammatory response	6/327	62/15651	0.0967741935483871	4.6318437407517	4.18561083628452	0.0018267892835946	0.023636416444877	0.023636416444877	PDCD4/CD6/GBP5/STAT3/ZFP36/NFKBIA	6
T/NK	GO:1900015	regulation of cytokine production involved in inflammatory response	6/327	62/15651	0.0967741935483871	4.6318437407517	4.18561083628452	0.0018267892835946	0.023636416444877	0.023636416444877	PDCD4/CD6/GBP5/STAT3/ZFP36/NFKBIA	6
T/NK	GO:0043124	negative regulation of canonical NF-kappaB signal transduction	7/327	84/15651	0.0833333333333333	3.98853211009174	4.01180746714457	0.00186477676968166	0.0240733399271574	0.0240733399271574	CYLD/TNFAIP3/RORA/RHOH/STAT3/NFKBIA/TMSB4X	7
T/NK	GO:0035966	response to topologically incorrect protein	10/327	159/15651	0.0628930817610063	3.01021291327679	3.72161850174811	0.00189404778489764	0.0243960195499456	0.0243960195499456	HSP90AB1/HSP90AA1/HSPE1/PIK3R1/HSPA8/DNAJB1/STAT3/PPP1R15A/DNAJA1/RACK1	10
T/NK	GO:0019884	antigen processing and presentation of exogenous antigen	5/327	43/15651	0.116279069767442	5.56539364198848	4.3790893332749	0.00193823534817933	0.0248241075200858	0.0248241075200858	HLA-E/HLA-C/HLA-B/B2M/HLA-A	5
T/NK	GO:0045577	regulation of B cell differentiation	4/327	26/15651	0.153846153846154	7.36344389555399	4.74366330344026	0.0019446856048858	0.0248241075200858	0.0248241075200858	CD27/ZFP36L2/ID2/IKZF3	4
T/NK	GO:0071353	cellular response to interleukin-4	4/327	26/15651	0.153846153846154	7.36344389555399	4.74366330344026	0.0019446856048858	0.0248241075200858	0.0248241075200858	XCL1/PTPRC/LEF1/TCF7	4
T/NK	GO:0071624	positive regulation of granulocyte chemotaxis	4/327	26/15651	0.153846153846154	7.36344389555399	4.74366330344026	0.0019446856048858	0.0248241075200858	0.0248241075200858	XCL1/RIPOR2/RAC2/CCR7	4
T/NK	GO:0006801	superoxide metabolic process	6/327	63/15651	0.0952380952380952	4.55832241153342	4.13395122038163	0.00198428251134335	0.0252730268074223	0.0252730268074223	PRDX2/TGFB1/TYROBP/SOD1/RAC2/ITGB2	6
T/NK	GO:0051607	defense response to virus	14/327	275/15651	0.0509090909090909	2.43663052543786	3.51103151272809	0.00199276561331421	0.0253159094964004	0.0253159094964004	IRF1/IFITM1/TRAF3IP3/PTPRC/IFNG/HSP90AA1/GBP5/TNFAIP3/APOBEC3G/NFKBIZ/PRF1/DDIT4/SELENOK/IFITM2	14
T/NK	GO:2000628	regulation of miRNA metabolic process	7/327	85/15651	0.0823529411764706	3.94160820291419	3.97237969533283	0.0019965228309464	0.0253159094964004	0.0253159094964004	TGFB1/MYC/NR3C1/STAT3/ETS1/JUN/FOS	7
T/NK	GO:0002532	production of molecular mediator involved in inflammatory response	7/327	86/15651	0.0813953488372093	3.89577554939194	3.93354873747282	0.00213536083576183	0.0270163390883747	0.0270163390883747	PDCD4/CD6/GBP5/FCER1G/STAT3/ZFP36/NFKBIA	7
T/NK	GO:0042743	hydrogen peroxide metabolic process	5/327	44/15651	0.113636363636364	5.43890742285238	4.30712708579637	0.00214990793503486	0.0271402094630728	0.0271402094630728	PRDX2/SOD1/RAC2/STAT3/FYN	5
T/NK	GO:0061844	antimicrobial humoral immune response mediated by antimicrobial peptide	8/327	110/15651	0.0727272727272727	3.48090075062552	3.81426821148798	0.00215651061720605	0.0271634648604364	0.0271634648604364	GNLY/XCL1/CCL3/CCL4/XCL2/FAU/B2M/CCL5	8
T/NK	GO:0050665	hydrogen peroxide biosynthetic process	3/327	13/15651	0.230769230769231	11.045165843331	5.29277166598352	0.0022121373585283	0.0276153284331192	0.0276153284331192	SOD1/STAT3/FYN	3
T/NK	GO:0060213	positive regulation of nuclear-transcribed mRNA poly(A) tail shortening	3/327	13/15651	0.230769230769231	11.045165843331	5.29277166598352	0.0022121373585283	0.0276153284331192	0.0276153284331192	BTG2/ZFP36/PABPC1	3
T/NK	GO:0070424	regulation of nucleotide-binding domain, leucine rich repeat containing receptor signaling pathway	3/327	13/15651	0.230769230769231	11.045165843331	5.29277166598352	0.0022121373585283	0.0276153284331192	0.0276153284331192	BIRC3/TNFAIP3/PTPN22	3
T/NK	GO:1900153	positive regulation of nuclear-transcribed mRNA catabolic process, deadenylation-dependent decay	3/327	13/15651	0.230769230769231	11.045165843331	5.29277166598352	0.0022121373585283	0.0276153284331192	0.0276153284331192	ZFP36L2/ZFP36/PABPC1	3
T/NK	GO:0048545	response to steroid hormone	15/327	309/15651	0.0485436893203883	2.32341676316024	3.43225745886793	0.00221658261871164	0.0276153284331192	0.0276153284331192	JUNB/TGFB1/LBH/PTPRC/TXNIP/NR3C1/ZFP36L2/HSPA8/ZFP36/TBX21/JUN/DUSP1/DDX5/FOSB/FOS	15
T/NK	GO:0050821	protein stabilization	12/327	219/15651	0.0547945205479452	2.62259645595074	3.53237212354892	0.00224540322952034	0.0277966542692127	0.0277966542692127	PFDN5/HSP90AB1/FLNA/HSP90AA1/TYROBP/CBLB/PFN1/PYHIN1/NOP53/PIK3R1/PIM2/PIM1	12
T/NK	GO:0035872	nucleotide-binding domain, leucine rich repeat containing receptor signaling pathway	4/327	27/15651	0.148148148148148	7.09072375127421	4.6270015479904	0.0022457514227317	0.0277966542692127	0.0277966542692127	BIRC3/CYLD/TNFAIP3/PTPN22	4
T/NK	GO:0071901	negative regulation of protein serine/threonine kinase activity	4/327	27/15651	0.148148148148148	7.09072375127421	4.6270015479904	0.0022457514227317	0.0277966542692127	0.0277966542692127	PDCD4/PTPN22/CD300A/DNAJA1	4
T/NK	GO:0072331	signal transduction by p53 class mediator	10/327	163/15651	0.0613496932515337	2.93634265773625	3.6301395533728	0.00227408797281614	0.0280864631447811	0.0280864631447811	PYHIN1/HINT1/NOP53/MYC/UBB/PPP1R15A/DDIT4/BATF/CDKN1B/DDX5	10
T/NK	GO:0033209	tumor necrosis factor-mediated signaling pathway	8/327	111/15651	0.0720720720720721	3.44954128440367	3.78325592761573	0.002282806407963	0.0281332470061272	0.0281332470061272	TRADD/BIRC3/CYLD/TNFAIP3/TNFRSF25/TNFRSF4/NFKBIA/TMSB4X	8
T/NK	GO:0032496	response to lipopolysaccharide	14/327	280/15651	0.05	2.39311926605505	3.43606387286246	0.00235157793720606	0.0289183269605556	0.0289183269605556	PDCD4/CD6/GBP5/TNFAIP3/PLSCR3/CX3CR1/CCR7/NFKBIZ/PTPN22/ZFP36/B2M/PDE4B/HMGB1/FOS	14
T/NK	GO:0002639	positive regulation of immunoglobulin production	5/327	45/15651	0.111111111111111	5.31804281345566	4.23733085304888	0.00237794388294897	0.0289943156793689	0.0289943156793689	TGFB1/XCL1/PTPRC/HLA-E/TNFRSF4	5
T/NK	GO:0014015	positive regulation of gliogenesis	5/327	45/15651	0.111111111111111	5.31804281345566	4.23733085304888	0.00237794388294897	0.0289943156793689	0.0289943156793689	PRKCH/TGFB1/CXCR4/ID2/BIN1	5
T/NK	GO:0000302	response to reactive oxygen species	10/327	164/15651	0.0609756097560976	2.91843812933542	3.60770524660035	0.00237808267401764	0.0289943156793689	0.0289943156793689	PRDX2/KLF2/TXNIP/SOD1/TNFAIP3/EEF2/DUSP1/FYN/RACK1/FOS	10
T/NK	GO:0097553	calcium ion transmembrane import into cytosol	10/327	164/15651	0.0609756097560976	2.91843812933542	3.60770524660035	0.00237808267401764	0.0289943156793689	0.0289943156793689	TGFB1/FLNA/XCL1/PTPRC/CCL3/CXCR3/CCR7/LCK/FYN/CALM1	10
T/NK	GO:0045687	positive regulation of glial cell differentiation	4/327	28/15651	0.142857142857143	6.83748361730013	4.51614055207275	0.00257744843301829	0.0312913207634092	0.0312913207634092	TGFB1/CXCR4/ID2/BIN1	4
T/NK	GO:0070670	response to interleukin-4	4/327	28/15651	0.142857142857143	6.83748361730013	4.51614055207275	0.00257744843301829	0.0312913207634092	0.0312913207634092	XCL1/PTPRC/LEF1/TCF7	4
T/NK	GO:0031960	response to corticosteroid	9/327	139/15651	0.0647482014388489	3.09900336611445	3.63104484569375	0.00259095946355907	0.0313885662400596	0.0313885662400596	TGFB1/PTPRC/NR3C1/ZFP36L2/ZFP36/TBX21/DUSP1/FOSB/FOS	9
T/NK	GO:0006446	regulation of translational initiation	7/327	89/15651	0.0786516853932584	3.76445727244614	3.82047318046287	0.00259696737056602	0.0313946945263765	0.0313946945263765	EIF4B/EIF2S3/PPP1R15A/CCL5/EIF3H/EIF3E/EIF1	7
T/NK	GO:0016447	somatic recombination of immunoglobulin gene segments	5/327	46/15651	0.108695652173913	5.20243318707619	4.16958491134899	0.0026230631214163	0.0315763674489481	0.0315763674489481	TGFB1/CD40LG/NFKBIZ/BATF/CCR6	5
T/NK	GO:0043303	mast cell degranulation	5/327	46/15651	0.108695652173913	5.20243318707619	4.16958491134899	0.0026230631214163	0.0315763674489481	0.0315763674489481	PTGDR/FGR/RAC2/CD300A/LAT	5
T/NK	GO:0032609	type II interferon production	8/327	114/15651	0.0701754385964912	3.35876388218252	3.69231111437216	0.00269680660097138	0.0322599129248274	0.0322599129248274	XCL1/CCR7/PTPN22/PSMB9/PDE4B/CD2/HLA-A/HMGB1	8
T/NK	GO:0032649	regulation of type II interferon production	8/327	114/15651	0.0701754385964912	3.35876388218252	3.69231111437216	0.00269680660097138	0.0322599129248274	0.0322599129248274	XCL1/CCR7/PTPN22/PSMB9/PDE4B/CD2/HLA-A/HMGB1	8
T/NK	GO:0038061	non-canonical NF-kappaB signal transduction	8/327	114/15651	0.0701754385964912	3.35876388218252	3.69231111437216	0.00269680660097138	0.0322599129248274	0.0322599129248274	CD27/PDCD4/BIRC3/CYLD/LTB/PTPN22/HMGB1/NFKBIA	8
T/NK	GO:0043123	positive regulation of canonical NF-kappaB signal transduction	12/327	224/15651	0.0535714285714286	2.56405635648755	3.44413877847402	0.00270397834287531	0.0322780343607668	0.0322780343607668	TRADD/TGFB1/CD40LG/FLNA/BIRC3/LITAF/CX3CR1/CCR7/LTB/STAT3/PIM2/NDFIP1	12
T/NK	GO:0002720	positive regulation of cytokine production involved in immune response	6/327	67/15651	0.0895522388059701	4.28618376009859	3.93762861384542	0.00271883634101426	0.0323876412564246	0.0323876412564246	XCL1/HLA-E/TBX21/B2M/HLA-A/CD7	6
T/NK	GO:0045639	positive regulation of myeloid cell differentiation	7/327	90/15651	0.0777777777777778	3.72262996941896	3.78386906326708	0.00276672976655699	0.0325473448122833	0.0325473448122833	TGFB1/IFNG/TYROBP/ID2/STAT3/ETS1/LEF1	7
T/NK	GO:0002283	neutrophil activation involved in immune response	3/327	14/15651	0.214285714285714	10.2562254259502	5.06134799289494	0.00277217132470551	0.0325473448122833	0.0325473448122833	TYROBP/FCER1G/ITGB2	3
T/NK	GO:0002524	hypersensitivity	3/327	14/15651	0.214285714285714	10.2562254259502	5.06134799289494	0.00277217132470551	0.0325473448122833	0.0325473448122833	HLA-E/CCR7/FCGR3A	3
T/NK	GO:0002544	chronic inflammatory response	3/327	14/15651	0.214285714285714	10.2562254259502	5.06134799289494	0.00277217132470551	0.0325473448122833	0.0325473448122833	TNFAIP3/NFKBIZ/CCL5	3
T/NK	GO:0042983	amyloid precursor protein biosynthetic process	3/327	14/15651	0.214285714285714	10.2562254259502	5.06134799289494	0.00277217132470551	0.0325473448122833	0.0325473448122833	ITM2A/ITM2C/ITM2B	3
T/NK	GO:0042984	regulation of amyloid precursor protein biosynthetic process	3/327	14/15651	0.214285714285714	10.2562254259502	5.06134799289494	0.00277217132470551	0.0325473448122833	0.0325473448122833	ITM2A/ITM2C/ITM2B	3
T/NK	GO:1903975	regulation of glial cell migration	3/327	14/15651	0.214285714285714	10.2562254259502	5.06134799289494	0.00277217132470551	0.0325473448122833	0.0325473448122833	CCL3/CX3CR1/GPR183	3
T/NK	GO:0043269	regulation of monoatomic ion transport	16/327	349/15651	0.0458452722063037	2.19426408348887	3.29597540087911	0.00283916767929737	0.0332654841438826	0.0332654841438826	TGFB1/FLNA/XCL1/IFNG/CCL3/CCL4/MCUB/CXCR3/BIN1/FXYD5/B2M/PDE4B/FYN/SARAF/CCL5/CALM1	16
T/NK	GO:0002448	mast cell mediated immunity	5/327	47/15651	0.106382978723404	5.09174311926605	4.10378211616147	0.00288598745395444	0.0337447631398853	0.0337447631398853	PTGDR/FGR/RAC2/CD300A/LAT	5
T/NK	GO:0006414	translational elongation	6/327	68/15651	0.0882352941176471	4.22315164597949	3.89094091288971	0.00293065899505698	0.0340841215036095	0.0340841215036095	EEF1G/EEF1A1/EEF1B2/EEF2/EEF1D/RACK1	6
T/NK	GO:0033631	cell-cell adhesion mediated by integrin	4/327	29/15651	0.137931034482759	6.60170832015185	4.41058452409297	0.00294126843994852	0.0340841215036095	0.0340841215036095	CD3E/SKAP1/ITGB2/CCL5	4
T/NK	GO:0071404	cellular response to low-density lipoprotein particle stimulus	4/327	29/15651	0.137931034482759	6.60170832015185	4.41058452409297	0.00294126843994852	0.0340841215036095	0.0340841215036095	TGFB1/FCER1G/TXNIP/ITGB2	4
T/NK	GO:0090322	regulation of superoxide metabolic process	4/327	29/15651	0.137931034482759	6.60170832015185	4.41058452409297	0.00294126843994852	0.0340841215036095	0.0340841215036095	TGFB1/TYROBP/SOD1/ITGB2	4
T/NK	GO:0034109	homotypic cell-cell adhesion	7/327	91/15651	0.0769230769230769	3.68172194777699	3.7477845957458	0.00294487765532413	0.0340841215036095	0.0340841215036095	FLNA/PLEK/ADGRG1/MYH9/MYL12A/CD99/CCL5	7
T/NK	GO:1901655	cellular response to ketone	7/327	92/15651	0.0760869565217391	3.64170323095333	3.71220606750853	0.00313167836457698	0.036069577533969	0.036069577533969	TGFB1/PTGDR/BTG2/NR3C1/CCR7/GNG2/FOS	7
T/NK	GO:0002700	regulation of production of molecular mediator of immune response	9/327	143/15651	0.0629370629370629	3.01231795727209	3.53127630985183	0.00313538563912524	0.036069577533969	0.036069577533969	TGFB1/XCL1/PTPRC/HLA-E/TBX21/B2M/HLA-A/TNFRSF4/CD7	9
T/NK	GO:0051170	import into nucleus	9/327	143/15651	0.0629370629370629	3.01231795727209	3.53127630985183	0.00313538563912524	0.036069577533969	0.036069577533969	TGFB1/FLNA/HSP90AA1/CBLB/PIK3R1/STAT3/HNRNPA1/NPM1/NFKBIA	9
T/NK	GO:0050766	positive regulation of phagocytosis	6/327	69/15651	0.0869565217391304	4.16194654966095	3.84514255254541	0.00315458325473352	0.036217408554345	0.036217408554345	PTPRC/IFNG/LYAR/SOD1/STAT3/IL2RB	6
T/NK	GO:0050850	positive regulation of calcium-mediated signaling	5/327	48/15651	0.104166666666667	4.98566513761468	4.0398230979872	0.00316743951684655	0.0362192582828185	0.0362192582828185	TRAT1/PTPRC/CCL3/CCL4/HINT1	5
T/NK	GO:1904894	positive regulation of receptor signaling pathway via STAT	5/327	48/15651	0.104166666666667	4.98566513761468	4.0398230979872	0.00316743951684655	0.0362192582828185	0.0362192582828185	TGFB1/IL7R/OCIAD2/CCL5/CALM1	5
T/NK	GO:0002367	cytokine production involved in immune response	7/327	93/15651	0.0752688172043011	3.60254513169577	3.67712027819292	0.00332740173470746	0.0375009707923954	0.0375009707923954	TGFB1/XCL1/HLA-E/TBX21/B2M/HLA-A/CD7	7
T/NK	GO:0002718	regulation of cytokine production involved in immune response	7/327	93/15651	0.0752688172043011	3.60254513169577	3.67712027819292	0.00332740173470746	0.0375009707923954	0.0375009707923954	TGFB1/XCL1/HLA-E/TBX21/B2M/HLA-A/CD7	7
T/NK	GO:0008360	regulation of cell shape	8/327	118/15651	0.0677966101694915	3.24490747939667	3.5756644365568	0.00333749524632546	0.0375009707923954	0.0375009707923954	CCL3/ARHGAP15/FGR/RAC2/MYH9/EZR/FYN/ITGB2	8
T/NK	GO:0034143	regulation of toll-like receptor 4 signaling pathway	4/327	30/15651	0.133333333333333	6.38165137614679	4.30989557270899	0.00333867738565315	0.0375009707923954	0.0375009707923954	TNFAIP3/PIK3R1/PTPN22/HMGB1	4
T/NK	GO:0046640	regulation of alpha-beta T cell proliferation	4/327	30/15651	0.133333333333333	6.38165137614679	4.30989557270899	0.00333867738565315	0.0375009707923954	0.0375009707923954	IRF1/XCL1/HLA-E/HLA-A	4
T/NK	GO:0050901	leukocyte tethering or rolling	4/327	30/15651	0.133333333333333	6.38165137614679	4.30989557270899	0.00333867738565315	0.0375009707923954	0.0375009707923954	SELPLG/SPN/CX3CR1/SELL	4
T/NK	GO:0055094	response to lipoprotein particle	4/327	30/15651	0.133333333333333	6.38165137614679	4.30989557270899	0.00333867738565315	0.0375009707923954	0.0375009707923954	TGFB1/FCER1G/TXNIP/ITGB2	4
T/NK	GO:0090025	regulation of monocyte chemotaxis	4/327	30/15651	0.133333333333333	6.38165137614679	4.30989557270899	0.00333867738565315	0.0375009707923954	0.0375009707923954	CX3CR1/DUSP1/CCL5/HMGB1	4
T/NK	GO:1900016	negative regulation of cytokine production involved in inflammatory response	4/327	30/15651	0.133333333333333	6.38165137614679	4.30989557270899	0.00333867738565315	0.0375009707923954	0.0375009707923954	PDCD4/STAT3/ZFP36/NFKBIA	4
T/NK	GO:0032732	positive regulation of interleukin-1 production	6/327	70/15651	0.0857142857142857	4.10249017038008	3.8002025587278	0.00339102821201369	0.0378772532682966	0.0378772532682966	IFNG/CCL3/TYROBP/GBP5/STAT3/HMGB1	6
T/NK	GO:0002323	natural killer cell activation involved in immune response	3/327	15/15651	0.2	9.57247706422018	4.85214874703676	0.00341200634067727	0.0378772532682966	0.0378772532682966	NKG7/CORO1A/FCGR3A	3
T/NK	GO:0010561	negative regulation of glycoprotein biosynthetic process	3/327	15/15651	0.2	9.57247706422018	4.85214874703676	0.00341200634067727	0.0378772532682966	0.0378772532682966	ITM2A/ITM2C/ITM2B	3
T/NK	GO:0060211	regulation of nuclear-transcribed mRNA poly(A) tail shortening	3/327	15/15651	0.2	9.57247706422018	4.85214874703676	0.00341200634067727	0.0378772532682966	0.0378772532682966	BTG2/ZFP36/PABPC1	3
T/NK	GO:0061684	chaperone-mediated autophagy	3/327	15/15651	0.2	9.57247706422018	4.85214874703676	0.00341200634067727	0.0378772532682966	0.0378772532682966	HSP90AA1/EEF1A1/HSPA8	3
T/NK	GO:2000328	regulation of T-helper 17 cell lineage commitment	3/327	15/15651	0.2	9.57247706422018	4.85214874703676	0.00341200634067727	0.0378772532682966	0.0378772532682966	CD69/BRD2/TBX21	3
T/NK	GO:0001706	endoderm formation	5/327	49/15651	0.102040816326531	4.88391686950009	3.97761554866037	0.00346814175753834	0.0382770152195624	0.0382770152195624	EOMES/DUSP4/DUSP2/DUSP1/ITGB2	5
T/NK	GO:0002183	cytoplasmic translational initiation	5/327	49/15651	0.102040816326531	4.88391686950009	3.97761554866037	0.00346814175753834	0.0382770152195624	0.0382770152195624	EIF3F/EIF2S3/EIF3L/EIF3H/EIF3E	5
T/NK	GO:0002279	mast cell activation involved in immune response	5/327	49/15651	0.102040816326531	4.88391686950009	3.97761554866037	0.00346814175753834	0.0382770152195624	0.0382770152195624	PTGDR/FGR/RAC2/CD300A/LAT	5
T/NK	GO:0051384	response to glucocorticoid	8/327	119/15651	0.0672268907563025	3.21763934931771	3.54728174875296	0.00351474255086778	0.0387164497977829	0.0387164497977829	TGFB1/NR3C1/ZFP36L2/ZFP36/TBX21/DUSP1/FOSB/FOS	8
T/NK	GO:0002237	response to molecule of bacterial origin	14/327	293/15651	0.0477815699658703	2.28693991295363	3.24840166481206	0.00354056326527808	0.0389257302344446	0.0389257302344446	PDCD4/CD6/GBP5/TNFAIP3/PLSCR3/CX3CR1/CCR7/NFKBIZ/PTPN22/ZFP36/B2M/PDE4B/HMGB1/FOS	14
T/NK	GO:0048525	negative regulation of viral process	6/327	71/15651	0.0845070422535211	4.04470861868459	3.75609147037591	0.00364041528933831	0.0399465570018546	0.0399465570018546	IFITM1/APOBEC3G/ZFP36/CCL5/IFITM2/IL32	6
T/NK	GO:0044089	positive regulation of cellular component biogenesis	19/327	459/15651	0.0413943355119826	1.98123163638544	3.11684628566007	0.00372952652829259	0.0408458318050624	0.0408458318050624	TGFB1/FLNA/PLEK/IFNG/RIPOR2/HSP90AA1/GBP5/PFN1/RGCC/RAC2/RAP1B/PIK3R1/CCR7/BIN1/PTPN22/EVL/SKAP1/RACK1/HOPX	19
T/NK	GO:0032970	regulation of actin filament-based process	16/327	359/15651	0.0445682451253482	2.13314252127469	3.17281384540986	0.0037394302481639	0.0408758409885502	0.0408758409885502	FLNA/PLEK/PFN1/RGCC/CORO1A/RAC2/PIK3R1/MYH9/CCR7/BIN1/CNN2/EVL/S1PR1/PDE4B/ADD3/TMSB4X	16
T/NK	GO:0032231	regulation of actin filament bundle assembly	7/327	95/15651	0.0736842105263158	3.52670207629165	3.60837652070844	0.00374670741948335	0.0408770794179196	0.0408770794179196	FLNA/PLEK/PFN1/RGCC/PIK3R1/EVL/S1PR1	7
T/NK	GO:0032570	response to progesterone	4/327	31/15651	0.129032258064516	6.1757916543356	4.21368526734017	0.00377111250158607	0.0409086842852664	0.0409086842852664	TGFB1/TXNIP/FOSB/FOS	4
T/NK	GO:0090022	regulation of neutrophil chemotaxis	4/327	31/15651	0.129032258064516	6.1757916543356	4.21368526734017	0.00377111250158607	0.0409086842852664	0.0409086842852664	XCL1/RIPOR2/RAC2/CCR7	4
T/NK	GO:1903170	negative regulation of calcium ion transmembrane transport	4/327	31/15651	0.129032258064516	6.1757916543356	4.21368526734017	0.00377111250158607	0.0409086842852664	0.0409086842852664	TGFB1/MCUB/BIN1/CALM1	4
T/NK	GO:0071622	regulation of granulocyte chemotaxis	5/327	50/15651	0.1	4.78623853211009	3.9170735862705	0.00378881543420479	0.0409450395219177	0.0409450395219177	XCL1/RIPOR2/RAC2/CCR7/CCL5	5
T/NK	GO:2000351	regulation of endothelial cell apoptotic process	5/327	50/15651	0.1	4.78623853211009	3.9170735862705	0.00378881543420479	0.0409450395219177	0.0409450395219177	TGFB1/CD40LG/PDCD4/TNFAIP3/RGCC	5
T/NK	GO:0042982	amyloid precursor protein metabolic process	6/327	72/15651	0.0833333333333333	3.98853211009174	3.71278124522913	0.00390316786287437	0.0421010885171288	0.0421010885171288	IFNG/LDLRAP1/ITM2A/ITM2C/BIN1/ITM2B	6
T/NK	GO:0018212	peptidyl-tyrosine modification	8/327	122/15651	0.0655737704918033	3.13851707023613	3.46390415902149	0.00409051904477828	0.0440386823952922	0.0440386823952922	IFNG/IL7R/SAMSN1/FGR/ZAP70/TPST2/FYN/ITGB2	8
T/NK	GO:0002548	monocyte chemotaxis	5/327	51/15651	0.0980392156862745	4.69239071775499	3.85811718866293	0.00413017963785024	0.0442667785737658	0.0442667785737658	CCL3/CX3CR1/DUSP1/CCL5/HMGB1	5
T/NK	GO:0042306	regulation of protein import into nucleus	5/327	51/15651	0.0980392156862745	4.69239071775499	3.85811718866293	0.00413017963785024	0.0442667785737658	0.0442667785737658	TGFB1/FLNA/HSP90AA1/PIK3R1/NFKBIA	5
T/NK	GO:1903978	regulation of microglial cell activation	3/327	16/15651	0.1875	8.97419724770642	4.66168579688205	0.00413497949173101	0.0442667785737658	0.0442667785737658	PTPRC/CCL3/CST7	3
T/NK	GO:0044788	host-mediated perturbation of viral process	6/327	73/15651	0.0821917808219178	3.9338946839261	3.67024517269521	0.00417971088550908	0.0446618545181925	0.0446618545181925	CCL3/EEF1A1/CCL4/LEF1/JUN/CCL5	6
T/NK	GO:0051896	regulation of phosphatidylinositol 3-kinase/protein kinase B signal transduction	12/327	237/15651	0.0506329113924051	2.42341191499245	3.2254630281631	0.00426086477203888	0.0453591313232348	0.0453591313232348	TGFB1/CCL3/NOP53/FGR/CX3CR1/CCR7/THEM4/PIK3IP1/HCST/FYN/RACK1/CCL5	12
T/NK	GO:0110053	regulation of actin filament organization	12/327	237/15651	0.0506329113924051	2.42341191499245	3.2254630281631	0.00426086477203888	0.0453591313232348	0.0453591313232348	FLNA/PLEK/PFN1/RGCC/CORO1A/PIK3R1/CCR7/BIN1/EVL/S1PR1/ADD3/TMSB4X	12
T/NK	GO:1903169	regulation of calcium ion transmembrane transport	8/327	123/15651	0.0650406504065041	3.11300067129112	3.43668245046457	0.0042977717963692	0.0456668265737107	0.0456668265737107	TGFB1/XCL1/MCUB/CXCR3/BIN1/PDE4B/FYN/CALM1	8
T/NK	GO:0002763	positive regulation of myeloid leukocyte differentiation	5/327	52/15651	0.0961538461538462	4.60215243472124	3.80067168692548	0.00449295033816128	0.0476519974526919	0.0476519974526919	TGFB1/IFNG/TYROBP/ID2/LEF1	5
T/NK	GO:0007204	positive regulation of cytosolic calcium ion concentration	9/327	152/15651	0.0592105263157895	2.8339570255915	3.31897579579392	0.00469014919460089	0.049651189804068	0.0496511898040681	CD52/CXCR6/PTGDR/CXCR4/CXCR3/CX3CR1/CCR7/CCR6/HMGB1	9
