Cluster	ID	Description	GeneRatio	BgRatio	RichFactor	FoldEnrichment	zScore	pvalue	p.adjust	qvalue	geneID	Count
B/Plasma	R-HSA-9918487	Dengue Virus Genome Translation and Replication	18/216	82/10248	0.219512195121951	10.4146341463415	12.5593395893868	5.90361050403917e-14	1.00302342463626e-10	1.00302342463626e-10	STT3A/DDOST/OSTC/DNAJB11/TMEM258/RPN1/SPCS1/RRBP1/SEC11C/RPN2/HSPA5/DNAJC3/SPCS2/SPCS3/HDLBP/EIF4A2/HSPA1B/HYOU1	18
B/Plasma	R-HSA-446203	Asparagine N-linked glycosylation	31/216	306/10248	0.101307189542484	4.80646332607117	9.91920727806638	2.50670361671846e-13	2.12944472240233e-10	2.12944472240233e-10	TMED2/STT3A/KDELR2/KDELR1/LMAN1/MANEA/DDOST/OSTC/ANKRD28/B4GALT3/CD59/LMAN2/SAR1B/CD55/TMEM258/NANS/RPN1/BET1/RPN2/NEU1/SEL1L/DERL1/EDEM2/ALG5/SYVN1/TMED9/TMED10/GMPPB/ST6GALNAC4/UAP1/ARF4	31
B/Plasma	R-HSA-983695	Antigen activates B Cell Receptor (BCR) leading to generation of second messengers	12/216	32/10248	0.375	17.7916666666667	13.9591776212723	8.82915730190501e-13	5.00024608531221e-10	5.0002460853122e-10	PTPN6/CD79A/BLK/SYK/BLNK/PLCG2/CD79B/CD19/LYN/BTK/ORAI2/CD22	12
B/Plasma	R-HSA-9918432	Maturation of DENV proteins	14/216	52/10248	0.269230769230769	12.7735042735043	12.4888941898519	1.95519093104304e-12	8.30467347960531e-10	8.30467347960531e-10	STT3A/DDOST/OSTC/DNAJB11/TMEM258/RPN1/SPCS1/SEC11C/RPN2/HSPA5/DNAJC3/SPCS2/SPCS3/HYOU1	14
B/Plasma	R-HSA-381119	Unfolded Protein Response (UPR)	16/216	83/10248	0.192771084337349	9.14591700133869	10.9334397834033	1.29323140219159e-11	4.39440030464703e-09	4.39440030464703e-09	EIF2AK3/DNAJB11/DNAJB9/WIPI1/ATF4/XBP1/MYDGF/SRPRB/HSPA5/HSP90B1/PDIA6/DNAJC3/SYVN1/CREB3L2/HERPUD1/HYOU1	16
B/Plasma	R-HSA-389948	Co-inhibition by PD-1	19/216	152/10248	0.125	5.93055555555556	8.98616650897419	3.94720569339924e-10	1.11771707884755e-07	1.11771707884755e-07	HLA-DRA/HLA-DPB1/STT3A/HLA-DQA1/PTPN6/DDOST/OSTC/HLA-DRB5/ERLEC1/HLA-DQB1/JUN/TMEM258/HLA-DRB1/RPN1/RPN2/DERL3/HLA-DPA1/SEL1L/DERL1	19
B/Plasma	R-HSA-9768727	Regulation of CDH1 posttranslational processing and trafficking to plasma membrane	10/216	32/10248	0.3125	14.8263888888889	11.4940953862503	6.04787433020363e-10	1.46790549814514e-07	1.46790549814514e-07	STT3A/DDOST/OSTC/TMEM258/RPN1/SPCS1/SEC11C/RPN2/SPCS2/SPCS3	10
B/Plasma	R-HSA-1799339	SRP-dependent cotranslational protein targeting to membrane	15/216	106/10248	0.141509433962264	6.71383647798742	8.67661682770478	5.27835154670284e-09	1.12098990973102e-06	1.12098990973102e-06	DDOST/TRAM1/FAU/SEC61G/SRPRB/RPN1/SPCS1/SEC61A1/SEC11C/RPN2/SSR4/SEC61B/SPCS2/SSR3/SPCS3	15
B/Plasma	R-HSA-381070	IRE1alpha activates chaperones	11/216	51/10248	0.215686274509804	10.2331154684096	9.69903724754794	6.42916038626093e-09	1.21368261069526e-06	1.21368261069526e-06	DNAJB11/DNAJB9/WIPI1/XBP1/MYDGF/SRPRB/HSPA5/PDIA6/DNAJC3/SYVN1/HYOU1	11
B/Plasma	R-HSA-388841	Regulation of T cell activation by CD28 family	20/216	203/10248	0.0985221674876847	4.67432950191571	7.75858692455872	9.20115298341761e-09	1.56327589188265e-06	1.56327589188265e-06	HLA-DRA/HLA-DPB1/STT3A/HLA-DQA1/PTPN6/DDOST/OSTC/HLA-DRB5/ERLEC1/HLA-DQB1/JUN/TMEM258/HLA-DRB1/RPN1/RPN2/DERL3/HLA-DPA1/SEL1L/DERL1/LYN	20
B/Plasma	R-HSA-983705	Signaling by the B Cell Receptor (BCR)	14/216	99/10248	0.141414141414141	6.70931537598204	8.37570719634203	1.75266942522973e-08	2.70707759405938e-06	2.70707759405938e-06	PTPN6/CD79A/BLK/RASGRP3/REL/SYK/BLNK/PLCG2/CD79B/CD19/LYN/BTK/ORAI2/CD22	14
B/Plasma	R-HSA-202430	Translocation of ZAP-70 to Immunological synapse	7/216	17/10248	0.411764705882353	19.5359477124183	11.2230706279045	2.726677928138e-08	3.86052149992206e-06	3.86052149992206e-06	HLA-DRA/HLA-DPB1/HLA-DQA1/HLA-DRB5/HLA-DQB1/HLA-DRB1/HLA-DPA1	7
B/Plasma	R-HSA-381038	XBP1(S) activates chaperone genes	10/216	49/10248	0.204081632653061	9.68253968253968	8.93917630706928	5.63272973679589e-08	7.36154447908939e-06	7.36154447908939e-06	DNAJB11/DNAJB9/WIPI1/XBP1/MYDGF/SRPRB/PDIA6/DNAJC3/SYVN1/HYOU1	10
B/Plasma	R-HSA-877300	Interferon gamma signaling	13/216	93/10248	0.139784946236559	6.63201911589008	8.00565946251506	6.63212941350146e-08	8.04856276681356e-06	8.04856276681356e-06	HLA-DRA/HLA-DPB1/HLA-DQA1/PTPN6/IRF7/HLA-DRB5/CIITA/HLA-DQB1/HLA-DRB1/SP100/IRF8/HLA-DPA1/IRF4	13
B/Plasma	R-HSA-202427	Phosphorylation of CD3 and TCR zeta chains	7/216	20/10248	0.35	16.6055555555556	10.2501531464624	1.029794667403e-07	1.16641409327846e-05	1.16641409327846e-05	HLA-DRA/HLA-DPB1/HLA-DQA1/HLA-DRB5/HLA-DQB1/HLA-DRB1/HLA-DPA1	7
B/Plasma	R-HSA-202433	Generation of second messenger molecules	8/216	32/10248	0.25	11.8611111111111	9.02901315122824	2.32863235238242e-07	2.47271647918608e-05	2.47271647918608e-05	HLA-DRA/HLA-DPB1/HLA-DQA1/HLA-DRB5/HLA-DQB1/HLA-DRB1/PLCG2/HLA-DPA1	8
B/Plasma	R-HSA-9839923	Dengue Virus Infection	23/216	336/10248	0.068452380952381	3.24768518518519	6.14689729834972	6.11765494923344e-07	6.11405632867507e-05	6.11405632867507e-05	STT3A/KDELR1/DDOST/OSTC/GAS6/SDC1/DNAJB11/TMEM258/RPN1/SPCS1/RRBP1/SEC11C/RPN2/HSPA5/HSP90AB1/LYN/DNAJC3/SPCS2/SPCS3/HDLBP/EIF4A2/HSPA1B/HYOU1	23
B/Plasma	R-HSA-913531	Interferon Signaling	19/216	249/10248	0.0763052208835341	3.6202588130299	6.14181967982143	1.22936486264529e-06	0.00011603838342413	0.00011603838342413	EIF2AK3/HLA-DRA/HLA-DPB1/HLA-DQA1/PTPN6/IRF7/HLA-DRB5/CIITA/HLA-DQB1/HLA-DRB1/SP100/HSPA5/IRF8/HLA-DPA1/IFNAR1/IRF4/DNAJC3/EIF4A2/HSPA1B	19
B/Plasma	R-HSA-2132295	MHC class II antigen presentation	13/216	121/10248	0.107438016528926	5.09733700642792	6.65250865575718	1.49122837810259e-06	0.000133347211284016	0.000133347211284016	HLA-DRA/HLA-DPB1/HLA-DQA1/HLA-DOB/HLA-DRB5/SAR1B/HLA-DQB1/HLA-DRB1/HLA-DMB/CD74/HLA-DOA/HLA-DPA1/HLA-DMA	13
B/Plasma	R-HSA-9694548	Maturation of spike protein	8/216	41/10248	0.195121951219512	9.25745257452574	7.77356869855943	1.79666905053287e-06	0.000152627035842767	0.000152627035842767	STT3A/DDOST/OSTC/TMEM258/RPN1/RPN2/EDEM2/ST6GALNAC4	8
B/Plasma	R-HSA-9931295	PD-L1(CD274) glycosylation and translocation to plasma membrane	6/216	21/10248	0.285714285714286	13.5555555555556	8.45089946816174	3.40682168429846e-06	0.000265126881179482	0.000265126881179482	STT3A/DDOST/OSTC/TMEM258/RPN1/RPN2	6
B/Plasma	R-HSA-9679506	SARS-CoV Infections	24/216	399/10248	0.0601503759398496	2.85380116959064	5.54223597285106	3.43307321127051e-06	0.000265126881179482	0.000265126881179482	STT3A/PTPN6/IRF7/DDOST/OSTC/SDC1/EEF1A1/CD79A/SAR1B/TMEM258/FAU/SYK/RPN1/BLNK/RPN2/PLCG2/HSP90AB1/CD79B/IFNAR1/EDEM2/ZBP1/BTK/PPIB/ST6GALNAC4	24
B/Plasma	R-HSA-948021	Transport to the Golgi and subsequent modification	15/216	185/10248	0.0810810810810811	3.84684684684685	5.7334722336237	8.13605594387746e-06	0.0006010069151586	0.0006010069151586	TMED2/KDELR2/KDELR1/LMAN1/MANEA/ANKRD28/B4GALT3/CD59/LMAN2/SAR1B/CD55/BET1/TMED9/TMED10/ARF4	15
B/Plasma	R-HSA-9909615	Regulation of PD-L1(CD274) Post-translational modification	10/216	85/10248	0.117647058823529	5.58169934640523	6.22381348350587	1.10681183009042e-05	0.000783530541384841	0.000783530541384841	STT3A/DDOST/OSTC/ERLEC1/TMEM258/RPN1/RPN2/DERL3/SEL1L/DERL1	10
B/Plasma	R-HSA-9820965	Respiratory syncytial virus (RSV) genome replication, transcription and translation	5/216	17/10248	0.294117647058824	13.9542483660131	7.8434858901646	1.99881402000118e-05	0.0013583940079928	0.0013583940079928	SPCS1/SEC11C/HSP90AB1/SPCS2/SPCS3	5
B/Plasma	R-HSA-199977	ER to Golgi Anterograde Transport	13/216	154/10248	0.0844155844155844	4.0050505050505	5.51330435249543	2.15473642975762e-05	0.00140803738236854	0.00140803738236854	TMED2/KDELR2/KDELR1/LMAN1/ANKRD28/CD59/LMAN2/SAR1B/CD55/BET1/TMED9/TMED10/ARF4	13
B/Plasma	R-HSA-72766	Translation	20/216	338/10248	0.0591715976331361	2.80736357659435	4.95790876460616	2.97073529717797e-05	0.00186936269255754	0.00186936269255754	DDOST/EEF1G/EEF1A1/EEF2/TRAM1/FAU/SEC61G/SRPRB/RPN1/EEF1B2/SPCS1/SEC61A1/SEC11C/RPN2/SSR4/SEC61B/SPCS2/SSR3/SPCS3/EIF4A2	20
B/Plasma	R-HSA-381183	ATF6 (ATF6-alpha) activates chaperone genes	4/216	10/10248	0.4	18.9777777777778	8.34564538526492	3.64895820671692e-05	0.00221413571186145	0.00221413571186145	ATF4/XBP1/HSPA5/HSP90B1	4
B/Plasma	R-HSA-9694635	Translation of Structural Proteins	8/216	61/10248	0.131147540983607	6.22222222222222	6.00245060477707	3.85588666515428e-05	0.00225901773934383	0.00225901773934383	STT3A/DDOST/OSTC/TMEM258/RPN1/RPN2/EDEM2/ST6GALNAC4	8
B/Plasma	R-HSA-5694530	Cargo concentration in the ER	6/216	32/10248	0.1875	8.89583333333333	6.56393091620621	4.68670690161813e-05	0.00265423834194973	0.00265423834194973	TMED2/LMAN1/CD59/LMAN2/SAR1B/TMED10	6
B/Plasma	R-HSA-400511	Synthesis, secretion, and inactivation of Glucose-dependent Insulinotropic Polypeptide (GIP)	4/216	12/10248	0.333333333333333	15.8148148148148	7.5344784233878	8.31981637700244e-05	0.00439167628553704	0.00439167628553704	SPCS1/SEC11C/SPCS2/SPCS3	4
B/Plasma	R-HSA-381033	ATF6 (ATF6-alpha) activates chaperones	4/216	12/10248	0.333333333333333	15.8148148148148	7.5344784233878	8.31981637700244e-05	0.00439167628553704	0.00439167628553704	ATF4/XBP1/HSPA5/HSP90B1	4
B/Plasma	R-HSA-204005	COPII-mediated vesicle transport	8/216	68/10248	0.117647058823529	5.58169934640523	5.5620979986967	8.53003634036034e-05	0.00439167628553704	0.00439167628553704	TMED2/LMAN1/ANKRD28/CD59/LMAN2/SAR1B/BET1/TMED10	8
B/Plasma	R-HSA-9909648	Regulation of PD-L1(CD274) expression	11/216	134/10248	0.082089552238806	3.89469320066335	4.94908539478765	0.000120105782887238	0.0060017566213358	0.00600175662133581	STT3A/DDOST/OSTC/ERLEC1/JUN/TMEM258/RPN1/RPN2/DERL3/SEL1L/DERL1	11
B/Plasma	R-HSA-9772573	Late SARS-CoV-2 Infection Events	8/216	74/10248	0.108108108108108	5.12912912912913	5.23070153522994	0.000156087223957496	0.00757691981439386	0.00757691981439386	STT3A/DDOST/OSTC/TMEM258/RPN1/RPN2/EDEM2/ST6GALNAC4	8
B/Plasma	R-HSA-9828806	Maturation of hRSV A proteins	4/216	14/10248	0.285714285714286	13.5555555555556	6.89777029209321	0.000162749734129324	0.00768088328571448	0.00768088328571448	SPCS1/SEC11C/SPCS2/SPCS3	4
B/Plasma	R-HSA-9764265	Regulation of CDH1 Expression and Function	11/216	143/10248	0.0769230769230769	3.64957264957265	4.68173873122689	0.000213864942504475	0.00956201413987111	0.00956201413987111	RACK1/STT3A/DDOST/OSTC/TMEM258/RPN1/SPCS1/SEC11C/RPN2/SPCS2/SPCS3	11
B/Plasma	R-HSA-9764274	Regulation of Expression and Function of Type I Classical Cadherins	11/216	143/10248	0.0769230769230769	3.64957264957265	4.68173873122689	0.000213864942504475	0.00956201413987111	0.00956201413987111	RACK1/STT3A/DDOST/OSTC/TMEM258/RPN1/SPCS1/SEC11C/RPN2/SPCS2/SPCS3	11
B/Plasma	R-HSA-9679191	Potential therapeutics for SARS	9/216	99/10248	0.0909090909090909	4.31313131313131	4.86044577228262	0.000232733585601221	0.0100021956650125	0.0100021956650125	CD79A/SYK/BLNK/PLCG2/HSP90AB1/CD79B/IFNAR1/ZBP1/BTK	9
B/Plasma	R-HSA-168898	Toll-like Receptor Cascades	12/216	169/10248	0.0710059171597633	3.36883629191321	4.55618300449797	0.000235484300530017	0.0100021956650125	0.0100021956650125	CD180/IRF7/BIRC3/JUN/APP/MEF2C/PLCG2/HSP90B1/LY86/TIFA/TLR10/BTK	12
B/Plasma	R-HSA-6807878	COPI-mediated anterograde transport	9/216	101/10248	0.0891089108910891	4.22772277227723	4.78321128371398	0.000270762183396595	0.0112201207217272	0.0112201207217272	TMED2/KDELR2/KDELR1/CD59/CD55/BET1/TMED9/TMED10/ARF4	9
B/Plasma	R-HSA-5676594	TNF receptor superfamily (TNFSF) members mediating non-canonical NF-kB pathway	4/216	17/10248	0.235294117647059	11.1633986928105	6.15369352129463	0.00036818418803533	0.0148939270350482	0.0148939270350482	BIRC3/TNFRSF13C/LTB/CD40	4
B/Plasma	R-HSA-422085	Synthesis, secretion, and deacylation of Ghrelin	4/216	18/10248	0.222222222222222	10.5432098765432	5.94599298741014	0.000465607319505848	0.0183969031590799	0.0183969031590799	SPCS1/SEC11C/SPCS2/SPCS3	4
B/Plasma	R-HSA-9759476	Regulation of Homotypic Cell-Cell Adhesion	11/216	159/10248	0.0691823899371069	3.28232005590496	4.25581293012533	0.00053331935839857	0.0205933997708903	0.0205933997708902	RACK1/STT3A/DDOST/OSTC/TMEM258/RPN1/SPCS1/SEC11C/RPN2/SPCS2/SPCS3	11
B/Plasma	R-HSA-381771	Synthesis, secretion, and inactivation of Glucagon-like Peptide-1 (GLP-1)	4/216	19/10248	0.210526315789474	9.98830409356725	5.7539946031354	0.000580092355408679	0.0217624421394281	0.0217624421394281	SPCS1/SEC11C/SPCS2/SPCS3	4
B/Plasma	R-HSA-9700206	Signaling by ALK in cancer	8/216	90/10248	0.0888888888888889	4.21728395061728	4.49819237354902	0.000602021648353809	0.0217624421394281	0.0217624421394281	EIF2AK3/PTPN6/EEF1G/JUN/RRBP1/BCL11A/IRF4/GZMB	8
B/Plasma	R-HSA-9725370	Signaling by ALK fusions and activated point mutants	8/216	90/10248	0.0888888888888889	4.21728395061728	4.49819237354902	0.000602021648353809	0.0217624421394281	0.0217624421394281	EIF2AK3/PTPN6/EEF1G/JUN/RRBP1/BCL11A/IRF4/GZMB	8
B/Plasma	R-HSA-381042	PERK regulates gene expression	4/216	21/10248	0.19047619047619	9.03703703703704	5.40957281590295	0.00086660667887639	0.0306742655710622	0.0306742655710622	EIF2AK3/ATF4/HSPA5/HERPUD1	4
B/Plasma	R-HSA-166016	Toll Like Receptor 4 (TLR4) Cascade	10/216	145/10248	0.0689655172413793	3.272030651341	4.04300699366188	0.000973740687180681	0.033762967908571	0.033762967908571	CD180/IRF7/BIRC3/JUN/APP/MEF2C/PLCG2/LY86/TIFA/BTK	10
B/Plasma	R-HSA-9694516	SARS-CoV-2 Infection	15/216	285/10248	0.0526315789473684	2.49707602339181	3.76099452927666	0.00102252067710191	0.0347076296210042	0.0347076296210042	STT3A/PTPN6/IRF7/DDOST/OSTC/SDC1/SAR1B/TMEM258/FAU/RPN1/RPN2/HSP90AB1/IFNAR1/EDEM2/ST6GALNAC4	15
B/Plasma	R-HSA-400508	Incretin synthesis, secretion, and inactivation	4/216	22/10248	0.181818181818182	8.62626262626262	5.25414053858193	0.00104184173671054	0.0347076296210042	0.0347076296210042	SPCS1/SEC11C/SPCS2/SPCS3	4
Endothelial/Fibroblast	R-HSA-1474244	Extracellular matrix organization	57/243	314/10248	0.181528662420382	7.65557914602501	18.6673021444169	4.5428784149067e-35	7.71835042692649e-32	7.71835042692649e-32	LTBP4/COL6A3/PLOD1/LAMC1/PXDN/LAMA4/ACTA2/CRTAP/APP/COL1A1/A2M/COL6A2/ITGA1/SGCE/PPIB/CD151/COL15A1/KDR/COL1A2/ITGA5/EFEMP2/COL5A1/MMP2/ITGB1/TIMP1/COL4A1/MMP14/TIMP2/COL18A1/SDC2/VWF/HSPG2/SERPINH1/COL6A1/DDR2/PCOLCE/HTRA1/COL4A2/BGN/FN1/DST/COL5A2/ITGAV/LOXL2/LAMB1/EMILIN1/COL12A1/ACTN1/DCN/PECAM1/LAMB2/ADAM15/FBN1/SPARC/ITGA6/NID1/COL3A1	57
Endothelial/Fibroblast	R-HSA-3000178	ECM proteoglycans	22/243	74/10248	0.297297297297297	12.5378712045379	15.5234639813343	8.38002249391996e-19	7.118829108585e-16	7.118829108585e-16	COL6A3/LAMC1/LAMA4/APP/COL1A1/COL6A2/COL1A2/COL5A1/ITGB1/COL4A1/HSPG2/COL6A1/COL4A2/BGN/FN1/COL5A2/ITGAV/LAMB1/DCN/LAMB2/SPARC/COL3A1	22
Endothelial/Fibroblast	R-HSA-1474290	Collagen formation	23/243	90/10248	0.255555555555556	10.7775034293553	14.5190461549748	5.73167413452878e-18	3.24603811818813e-15	3.24603811818813e-15	COL6A3/PLOD1/PXDN/CRTAP/COL1A1/COL6A2/PPIB/CD151/COL15A1/COL1A2/COL5A1/COL4A1/COL18A1/SERPINH1/COL6A1/PCOLCE/COL4A2/DST/COL5A2/LOXL2/COL12A1/ITGA6/COL3A1	23
Endothelial/Fibroblast	R-HSA-1474228	Degradation of the extracellular matrix	27/243	138/10248	0.195652173913043	8.2512077294686	13.3649479154906	1.11715137514586e-17	4.74510046593203e-15	4.74510046593203e-15	COL6A3/LAMC1/COL1A1/A2M/COL6A2/COL15A1/COL1A2/COL5A1/MMP2/TIMP1/COL4A1/MMP14/TIMP2/COL18A1/HSPG2/COL6A1/HTRA1/COL4A2/FN1/COL5A2/LAMB1/COL12A1/DCN/ADAM15/FBN1/NID1/COL3A1	27
Endothelial/Fibroblast	R-HSA-216083	Integrin cell surface interactions	22/243	85/10248	0.258823529411765	10.9153231663036	14.3053448669887	2.30580508785027e-17	7.83512568851522e-15	7.83512568851522e-15	COL6A3/COL1A1/COL6A2/ITGA1/KDR/COL1A2/ITGA5/COL5A1/ITGB1/COL4A1/COL18A1/VWF/HSPG2/COL6A1/COL4A2/FN1/COL5A2/ITGAV/PECAM1/FBN1/ITGA6/COL3A1	22
Endothelial/Fibroblast	R-HSA-3000171	Non-integrin membrane-ECM interactions	21/243	79/10248	0.265822784810127	11.2105016408814	14.1975844243923	6.93192094540971e-17	1.95885705599197e-14	1.95885705599197e-14	LAMC1/LAMA4/ACTA2/COL1A1/SGCE/COL1A2/COL5A1/ITGB1/COL4A1/SDC2/HSPG2/DDR2/COL4A2/FN1/COL5A2/ITGAV/LAMB1/ACTN1/LAMB2/ITGA6/COL3A1	21
Endothelial/Fibroblast	R-HSA-2022090	Assembly of collagen fibrils and other multimeric structures	19/243	61/10248	0.311475409836066	13.1358024691358	14.8150534200535	8.07062942433419e-17	1.95885705599197e-14	1.95885705599197e-14	COL6A3/PXDN/COL1A1/COL6A2/CD151/COL15A1/COL1A2/COL5A1/COL4A1/COL18A1/COL6A1/PCOLCE/COL4A2/DST/COL5A2/LOXL2/COL12A1/ITGA6/COL3A1	19
Endothelial/Fibroblast	R-HSA-381426	Regulation of Insulin-like Growth Factor (IGF) transport and uptake by Insulin-like Growth Factor Binding Proteins (IGFBPs)	24/243	119/10248	0.201680672268908	8.50544662309368	12.8339308291934	3.80802508045509e-16	8.0872932646165e-14	8.0872932646165e-14	IGFBP4/IGFBP6/LAMC1/APP/VWA1/CST3/MMP2/TIMP1/IGFBP5/MFGE8/PRSS23/SDC2/CALU/FN1/SPARCL1/LAMB1/RCN1/FSTL1/MXRA8/IGFBP7/LAMB2/FBN1/LGALS1/IGFBP2	24
Endothelial/Fibroblast	R-HSA-1650814	Collagen biosynthesis and modifying enzymes	18/243	67/10248	0.26865671641791	11.3300165837479	13.2201432104779	9.97022905343398e-15	1.8821576846427e-12	1.8821576846427e-12	COL6A3/PLOD1/CRTAP/COL1A1/COL6A2/PPIB/COL15A1/COL1A2/COL5A1/COL4A1/COL18A1/SERPINH1/COL6A1/PCOLCE/COL4A2/COL5A2/COL12A1/COL3A1	18
Endothelial/Fibroblast	R-HSA-8957275	Post-translational protein phosphorylation	21/243	103/10248	0.203883495145631	8.59834591873427	12.0782664556166	2.29175093928302e-14	3.89368484584185e-12	3.89368484584185e-12	IGFBP4/LAMC1/APP/VWA1/CST3/TIMP1/IGFBP5/MFGE8/PRSS23/SDC2/CALU/FN1/SPARCL1/LAMB1/RCN1/FSTL1/MXRA8/IGFBP7/LAMB2/FBN1/LGALS1	21
Endothelial/Fibroblast	R-HSA-3000157	Laminin interactions	13/243	30/10248	0.433333333333333	18.2748971193416	14.766790252886	4.55690163847492e-14	7.03834171251718e-12	7.03834171251718e-12	LAMC1/LAMA4/ITGA1/ITGB1/COL4A1/COL18A1/HSPG2/COL4A2/ITGAV/LAMB1/LAMB2/ITGA6/NID1	13
Endothelial/Fibroblast	R-HSA-8874081	MET activates PTK2 signaling	12/243	30/10248	0.4	16.8691358024691	13.5651285371335	1.42893184946217e-12	2.02312934353019e-10	2.02312934353019e-10	PTK2/LAMC1/LAMA4/COL1A1/COL1A2/COL5A1/ITGB1/FN1/COL5A2/LAMB1/LAMB2/COL3A1	12
Endothelial/Fibroblast	R-HSA-1566977	Fibronectin matrix formation	10/243	19/10248	0.526315789473684	22.1962313190383	14.4115874038295	3.58069234060819e-12	4.67968945130255e-10	4.67968945130255e-10	COL1A1/COL1A2/ITGA5/COL5A1/ITGB1/COL4A1/COL4A2/FN1/COL5A2/COL3A1	10
Endothelial/Fibroblast	R-HSA-3000170	Syndecan interactions	11/243	27/10248	0.407407407407407	17.1815272062186	13.1204174794891	9.92259519086583e-12	1.2041778020915e-09	1.2041778020915e-09	COL1A1/COL1A2/COL5A1/ITGB1/SDC2/FN1/COL5A2/ITGAV/ACTN1/ITGA6/COL3A1	11
Endothelial/Fibroblast	R-HSA-114608	Platelet degranulation	20/243	126/10248	0.158730158730159	6.69410150891632	10.0223662572427	1.31824138298762e-11	1.49312807313064e-09	1.49312807313064e-09	CD63/SERPING1/APP/A2M/TIMP1/VWF/CALU/TIMP3/FN1/LGALS3BP/VCL/ANXA5/RARRES2/ACTN1/MAGED2/PECAM1/CLEC3B/ACTN4/SPARC/SELENOP	20
Endothelial/Fibroblast	R-HSA-8948216	Collagen chain trimerization	13/243	44/10248	0.295454545454545	12.4601571268238	11.8720206638181	1.47064364495474e-11	1.55145145068067e-09	1.55145145068067e-09	COL6A3/COL1A1/COL6A2/COL15A1/COL1A2/COL5A1/COL4A1/COL18A1/COL6A1/COL4A2/COL5A2/COL12A1/COL3A1	13
Endothelial/Fibroblast	R-HSA-1442490	Collagen degradation	15/243	64/10248	0.234375	9.88425925925926	11.1107908801047	1.55236460633146e-11	1.55145145068067e-09	1.55145145068067e-09	COL6A3/COL1A1/COL6A2/COL15A1/COL1A2/COL5A1/MMP2/COL4A1/MMP14/COL18A1/COL6A1/COL4A2/COL5A2/COL12A1/COL3A1	15
Endothelial/Fibroblast	R-HSA-76005	Response to elevated platelet cytosolic Ca2+	20/243	131/10248	0.152671755725191	6.4386014513241	9.76315008264842	2.75487877442467e-11	2.60029946541529e-09	2.60029946541529e-09	CD63/SERPING1/APP/A2M/TIMP1/VWF/CALU/TIMP3/FN1/LGALS3BP/VCL/ANXA5/RARRES2/ACTN1/MAGED2/PECAM1/CLEC3B/ACTN4/SPARC/SELENOP	20
Endothelial/Fibroblast	R-HSA-76002	Platelet activation, signaling and aggregation	27/243	257/10248	0.105058365758755	4.43060959792477	8.68013218611494	6.79400616781786e-11	6.07527183111713e-09	6.07527183111713e-09	CD63/PTK2/GNG11/SERPING1/APP/COL1A1/A2M/COL1A2/TIMP1/VWF/CALU/TIMP3/FN1/LGALS3BP/VCL/F2R/ANXA5/RARRES2/ACTN1/MAGED2/PECAM1/MGLL/CLEC3B/ACTN4/SPARC/SELENOP/GNG12	27
Endothelial/Fibroblast	R-HSA-8875878	MET promotes cell motility	12/243	41/10248	0.292682926829268	12.3432700993677	11.3415941610131	1.03540210966253e-10	8.79574092158323e-09	8.79574092158323e-09	PTK2/LAMC1/LAMA4/COL1A1/COL1A2/COL5A1/ITGB1/FN1/COL5A2/LAMB1/LAMB2/COL3A1	12
Endothelial/Fibroblast	R-HSA-9855142	Cellular responses to mechanical stimuli	17/243	103/10248	0.16504854368932	6.96056574373726	9.47486493100746	2.53311282909546e-10	2.04940890315866e-08	2.04940890315866e-08	PTK2/GNG11/CDH5/KDR/ITGA5/ITGB1/MMP14/HSPG2/FN1/CALCRL/ITGAV/VCL/GJA1/PECAM1/RAMP2/ADCY4/GNG12	17
Endothelial/Fibroblast	R-HSA-9638630	Attachment of bacteria to epithelial cells	9/243	23/10248	0.391304347826087	16.5024154589372	11.5991079340112	1.25081344785341e-09	9.23970455609979e-08	9.23970455609979e-08	LAMC1/LAMA4/COL5A1/COL4A1/COL4A2/FN1/COL5A2/LAMB1/LAMB2	9
Endothelial/Fibroblast	R-HSA-9931953	Biofilm formation	9/243	23/10248	0.391304347826087	16.5024154589372	11.5991079340112	1.25081344785341e-09	9.23970455609979e-08	9.23970455609979e-08	LAMC1/LAMA4/COL5A1/COL4A1/COL4A2/FN1/COL5A2/LAMB1/LAMB2	9
Endothelial/Fibroblast	R-HSA-9860931	Response of endothelial cells to shear stress	15/243	93/10248	0.161290322580645	6.80207088809239	8.75946334098471	4.12132983933051e-09	2.91755808209273e-07	2.91755808209273e-07	PTK2/GNG11/CDH5/KDR/ITGA5/ITGB1/MMP14/FN1/CALCRL/ITGAV/VCL/PECAM1/RAMP2/ADCY4/GNG12	15
Endothelial/Fibroblast	R-HSA-9925563	Developmental Lineage of Pancreatic Ductal Cells	11/243	48/10248	0.229166666666667	9.66460905349794	9.3769686358903	1.10738432163764e-08	7.52578384984943e-07	7.52578384984943e-07	LAMC1/LAMA4/COL1A1/AQP1/COL1A2/COL5A1/FN1/COL5A2/LAMB1/LAMB2/COL3A1	11
Endothelial/Fibroblast	R-HSA-445355	Smooth Muscle Contraction	10/243	43/10248	0.232558139534884	9.8076370944588	9.01945079318889	4.50410347303303e-08	2.94325838487812e-06	2.94325838487812e-06	TPM4/TPM2/ACTA2/MYL9/ITGA1/MYLK/CALD1/VCL/SORBS3/TPM1	10
Endothelial/Fibroblast	R-HSA-9734767	Developmental Cell Lineages	17/243	145/10248	0.117241379310345	4.94440187313751	7.45474752356984	5.32634976999822e-08	3.35165491082481e-06	3.35165491082481e-06	LAMC1/LAMA4/ACTA2/COL1A1/AQP1/COL1A2/COL5A1/ITGB1/MFGE8/FN1/COL5A2/RNASE1/LAMB1/VIM/LAMB2/ITGA6/COL3A1	17
Endothelial/Fibroblast	R-HSA-186797	Signaling by PDGF	11/243	58/10248	0.189655172413793	7.99829714772244	8.32937167845235	9.05148500495112e-08	5.4923117940757e-06	5.4923117940757e-06	PDGFRA/COL6A3/COL6A2/PDGFRB/COL5A1/COL4A1/PLAT/COL6A1/COL4A2/COL5A2/COL3A1	11
Endothelial/Fibroblast	R-HSA-2243919	Crosslinking of collagen fibrils	7/243	18/10248	0.388888888888889	16.400548696845	10.191253123533	9.84807234455357e-08	5.76961203910225e-06	5.76961203910225e-06	PXDN/COL1A1/COL1A2/COL4A1/PCOLCE/COL4A2/LOXL2	7
Endothelial/Fibroblast	R-HSA-9640148	Infection with Enterobacteria	9/243	40/10248	0.225	9.48888888888889	8.38307733358564	2.94265895067581e-07	1.65610786492358e-05	1.65610786492358e-05	LAMC1/LAMA4/COL5A1/COL4A1/COL4A2/FN1/COL5A2/LAMB1/LAMB2	9
Endothelial/Fibroblast	R-HSA-6806834	Signaling by MET	12/243	79/10248	0.151898734177215	6.40600093764651	7.5169817713241	3.02173889421018e-07	1.65610786492358e-05	1.65610786492358e-05	PTK2/LAMC1/LAMA4/COL1A1/COL1A2/COL5A1/ITGB1/FN1/COL5A2/LAMB1/LAMB2/COL3A1	12
Endothelial/Fibroblast	R-HSA-9820448	Developmental Cell Lineages of the Exocrine Pancreas	12/243	80/10248	0.15	6.32592592592593	7.45272858044483	3.48117747517075e-07	1.84828766572347e-05	1.84828766572347e-05	LAMC1/LAMA4/COL1A1/AQP1/COL1A2/COL5A1/FN1/COL5A2/RNASE1/LAMB1/LAMB2/COL3A1	12
Endothelial/Fibroblast	R-HSA-1566948	Elastic fibre formation	9/243	43/10248	0.209302325581395	8.82687338501292	8.01510082710573	5.70347760439469e-07	2.93642680298987e-05	2.93642680298987e-05	LTBP4/ITGA5/EFEMP2/ITGB1/FN1/ITGAV/LOXL2/EMILIN1/FBN1	9
Endothelial/Fibroblast	R-HSA-375165	NCAM signaling for neurite out-growth	10/243	61/10248	0.163934426229508	6.91358024691358	7.21913589847979	1.45631919923656e-06	7.27731270442032e-05	7.27731270442032e-05	COL6A3/PTK2/COL6A2/COL5A1/COL4A1/COL6A1/COL4A2/COL5A2/SPTBN1/COL3A1	10
Endothelial/Fibroblast	R-HSA-1500931	Cell-Cell communication	22/243	293/10248	0.0750853242320819	3.16656132810854	5.86377264828328	1.69372003815575e-06	8.2218009852189e-05	8.2218009852189e-05	JUP/PTK2/PSMB5/ACTA2/NECTIN2/CDH5/CD151/PARVA/ITGB1/FBLIM1/DST/VCL/CLDN5/SPTBN1/CDH11/FERMT2/CTNND1/IL6ST/ACTN1/ACTN4/LIMS2/ITGA6	22
Endothelial/Fibroblast	R-HSA-446353	Cell-extracellular matrix interactions	6/243	18/10248	0.333333333333333	14.0576131687243	8.64082466223485	2.44281180333674e-06	0.000115287145940809	0.000115287145940809	PARVA/ITGB1/FBLIM1/FERMT2/ACTN1/LIMS2	6
Endothelial/Fibroblast	R-HSA-9006936	Signaling by TGFB family members	15/243	152/10248	0.0986842105263158	4.16179337231969	6.1203120580298	3.03961647586226e-06	0.000139575902499729	0.000139575902499729	LTBP4/COL1A2/ITGB1/TIMP1/MMP14/TGFBR2/TIMP2/ITGAV/ACVRL1/FSTL1/FBN1/TCF4/FKBP1A/BMPR2/WWTR1	15
Endothelial/Fibroblast	R-HSA-3000480	Scavenging by Class A Receptors	6/243	19/10248	0.31578947368421	13.317738791423	8.37498735214727	3.49974392521143e-06	0.000154821241502239	0.000154821241502239	COL1A1/COL1A2/COL4A1/COL4A2/COLEC11/COL3A1	6
Endothelial/Fibroblast	R-HSA-419037	NCAM1 interactions	8/243	40/10248	0.2	8.43456790123457	7.34189815341081	3.55387193560171e-06	0.000154821241502239	0.000154821241502239	COL6A3/COL6A2/COL5A1/COL4A1/COL6A1/COL4A2/COL5A2/COL3A1	8
Endothelial/Fibroblast	R-HSA-9856530	High laminar flow shear stress activates signaling by PIEZO1 and PECAM1:CDH5:KDR in endothelial cells	10/243	70/10248	0.142857142857143	6.02469135802469	6.57385537713838	5.3135192055545e-06	0.000225691728255928	0.000225691728255928	GNG11/CDH5/KDR/MMP14/CALCRL/VCL/PECAM1/RAMP2/ADCY4/GNG12	10
Endothelial/Fibroblast	R-HSA-2173782	Binding and Uptake of Ligands by Scavenger Receptors	8/243	46/10248	0.173913043478261	7.33440687063876	6.71019544907533	1.06641745164393e-05	0.000441912987888545	0.000441912987888545	LRP1/COL1A1/COL1A2/COL4A1/COL4A2/COLEC11/SPARC/COL3A1	8
Endothelial/Fibroblast	R-HSA-446728	Cell junction organization	19/243	259/10248	0.0733590733590734	3.09376042709376	5.31874073734476	1.23811862642096e-05	0.000500848463402192	0.000500848463402192	JUP/PSMB5/ACTA2/NECTIN2/CDH5/CD151/PARVA/ITGB1/FBLIM1/DST/VCL/CLDN5/CDH11/FERMT2/CTNND1/IL6ST/ACTN1/LIMS2/ITGA6	19
Endothelial/Fibroblast	R-HSA-9913351	Formation of the dystrophin-glycoprotein complex (DGC)	7/243	35/10248	0.2	8.43456790123457	6.86603553752316	1.47433072310107e-05	0.000582532069429933	0.000582532069429933	LAMC1/LAMA4/ACTA2/SGCE/HSPG2/LAMB1/LAMB2	7
Endothelial/Fibroblast	R-HSA-9769739	Regulation of clotting cascade	8/243	49/10248	0.163265306122449	6.88536155202822	6.43554527974263	1.73342240515366e-05	0.0006624497268775	0.0006624497268775	SERPING1/APP/SERPINE2/SDC2/VWF/HSPG2/F2R/TFPI	8
Endothelial/Fibroblast	R-HSA-75892	Platelet Adhesion to exposed collagen	5/243	15/10248	0.333333333333333	14.0576131687243	7.88680130054616	1.77870140080501e-05	0.0006624497268775	0.0006624497268775	COL1A1/ITGA1/COL1A2/ITGB1/VWF	5
Endothelial/Fibroblast	R-HSA-2129379	Molecules associated with elastic fibres	7/243	36/10248	0.194444444444444	8.2002743484225	6.74431506109278	1.79356606453002e-05	0.0006624497268775	0.0006624497268775	LTBP4/EFEMP2/ITGB1/FN1/ITGAV/EMILIN1/FBN1	7
Endothelial/Fibroblast	R-HSA-9856532	Mechanical load activates signaling by PIEZO1 and integrins in osteocytes	5/243	17/10248	0.294117647058824	12.403776325345	7.33342858746891	3.52535967912257e-05	0.00127438002017643	0.00127438002017643	ITGA5/ITGB1/HSPG2/ITGAV/GJA1	5
Endothelial/Fibroblast	R-HSA-9824439	Bacterial Infection Pathways	11/243	105/10248	0.104761904761905	4.41810699588477	5.48643260073316	3.7123020272892e-05	0.00131400023840924	0.00131400023840924	LAMC1/LAMA4/ANTXR1/COL5A1/COL4A1/COL4A2/FN1/COL5A2/LAMB1/CTNND1/LAMB2	11
Endothelial/Fibroblast	R-HSA-9769740	Coagulation pathway	8/243	56/10248	0.142857142857143	6.02469135802469	5.87579526305128	4.73232476067785e-05	0.00164086117722279	0.00164086117722279	SERPING1/APP/SERPINE2/SDC2/VWF/HSPG2/F2R/TFPI	8
Endothelial/Fibroblast	R-HSA-202733	Cell surface interactions at the vascular wall	12/243	128/10248	0.09375	3.9537037037037	5.24052279692066	5.01695077774198e-05	0.00170475987427672	0.00170475987427672	COL1A1/COL1A2/ITGA5/TSPAN7/ITGB1/CAV1/SDC2/FN1/ITGAV/ESAM/PECAM1/ITGA6	12
Endothelial/Fibroblast	R-HSA-9860927	Turbulent (oscillatory, disturbed) flow shear stress activates signaling by PIEZO1 and integrins in endothelial cells	6/243	30/10248	0.2	8.43456790123457	6.35515824261847	6.15295360481957e-05	0.00204977807344871	0.00204977807344872	PTK2/ITGA5/ITGB1/FN1/ITGAV/VCL	6
Endothelial/Fibroblast	R-HSA-194138	Signaling by VEGF	10/243	107/10248	0.0934579439252336	3.94138686973578	4.76646716158884	0.00021863191737741	0.00714337745431191	0.00714337745431191	JUP/HSPB1/PTK2/FLT1/CDH5/KDR/CAV1/NRP1/ITGAV/CTNND1	10
Endothelial/Fibroblast	R-HSA-166658	Complement cascade	7/243	53/10248	0.132075471698113	5.5699976706266	5.19820325518202	0.000235056340790851	0.00753510798120104	0.00753510798120104	SERPING1/CD59/CD81/C1S/CFH/C1R/COLEC11	7
Endothelial/Fibroblast	R-HSA-2214320	Anchoring fibril formation	4/243	15/10248	0.266666666666667	11.2460905349794	6.18864099530408	0.000342610500857948	0.0107795414992158	0.0107795414992158	COL1A1/COL1A2/COL4A1/COL4A2	4
Endothelial/Fibroblast	R-HSA-977606	Regulation of Complement cascade	6/243	43/10248	0.13953488372093	5.88458225667528	5.00205092885623	0.000488289574704389	0.0148143569182635	0.0148143569182635	SERPING1/CD59/CD81/C1S/CFH/C1R	6
Endothelial/Fibroblast	R-HSA-9634597	GPER1 signaling	6/243	43/10248	0.13953488372093	5.88458225667528	5.00205092885623	0.000488289574704389	0.0148143569182635	0.0148143569182635	GNG11/ITGA5/ITGB1/FN1/ADCY4/GNG12	6
Endothelial/Fibroblast	R-HSA-397014	Muscle contraction	13/243	193/10248	0.0673575129533679	2.84065758331734	4.02303285981874	0.000679247501596905	0.0202463421967218	0.0202463421967218	TPM4/TPM2/ACTA2/MYL9/ITGA1/MYLK/CALD1/FXYD6/VCL/VIM/SORBS3/TPM1/WWTR1	13
Endothelial/Fibroblast	R-HSA-373755	Semaphorin interactions	7/243	64/10248	0.109375	4.61265432098765	4.51804089809363	0.000759547339028209	0.022249498776016	0.022249498776016	RHOC/MYL9/ITGA1/ITGB1/NRP1/PLXND1/DPYSL3	7
Endothelial/Fibroblast	R-HSA-2173789	TGF-beta receptor signaling activates SMADs	6/243	47/10248	0.127659574468085	5.38376674546887	4.69426876973847	0.000794705555396936	0.0228848260782948	0.0228848260782948	LTBP4/ITGB1/TGFBR2/ITGAV/FBN1/FKBP1A	6
Endothelial/Fibroblast	R-HSA-1592389	Activation of Matrix Metalloproteinases	5/243	32/10248	0.15625	6.58950617283951	4.93515668533478	0.000858063190569359	0.024297489346289	0.024297489346289	MMP2/TIMP1/MMP14/TIMP2/COL18A1	5
Endothelial/Fibroblast	R-HSA-3560783	Defective B4GALT7 causes EDS, progeroid type	4/243	20/10248	0.2	8.43456790123457	5.1864277090862	0.00110775259159381	0.029407369579967	0.029407369579967	SDC2/HSPG2/BGN/DCN	4
Endothelial/Fibroblast	R-HSA-3560801	Defective B3GAT3 causes JDSSDHD	4/243	20/10248	0.2	8.43456790123457	5.1864277090862	0.00110775259159381	0.029407369579967	0.029407369579967	SDC2/HSPG2/BGN/DCN	4
Endothelial/Fibroblast	R-HSA-4420332	Defective B3GALT6 causes EDSP2 and SEMDJL1	4/243	20/10248	0.2	8.43456790123457	5.1864277090862	0.00110775259159381	0.029407369579967	0.029407369579967	SDC2/HSPG2/BGN/DCN	4
Endothelial/Fibroblast	R-HSA-9927432	Developmental Lineage of Mammary Gland Myoepithelial Cells	4/243	20/10248	0.2	8.43456790123457	5.1864277090862	0.00110775259159381	0.029407369579967	0.029407369579967	ACTA2/ITGB1/VIM/ITGA6	4
Endothelial/Fibroblast	R-HSA-445144	Signal transduction by L1	4/243	21/10248	0.19047619047619	8.03292181069959	5.02764108936725	0.00134316135188237	0.0351081713361254	0.0351081713361254	ITGA5/ITGB1/NRP1/ITGAV	4
Endothelial/Fibroblast	R-HSA-419812	Calcitonin-like ligand receptors	3/243	10/10248	0.3	12.6518518518519	5.74487191015309	0.00139677234887004	0.0359563063747	0.0359563063747	CALCRL/RAMP3/RAMP2	3
Endothelial/Fibroblast	R-HSA-170834	Signaling by TGF-beta Receptor Complex	8/243	93/10248	0.0860215053763441	3.62777114031594	3.96718092833625	0.00159945664053639	0.0396774763316583	0.0396774763316583	LTBP4/COL1A2/ITGB1/TGFBR2/ITGAV/FBN1/FKBP1A/WWTR1	8
Endothelial/Fibroblast	R-HSA-9769735	Initiation of coagulation cascade	4/243	22/10248	0.181818181818182	7.66778900112233	4.87902735405178	0.00161138661970831	0.0396774763316583	0.0396774763316583	SDC2/VWF/HSPG2/TFPI	4
Endothelial/Fibroblast	R-HSA-9671793	Diseases of hemostasis	4/243	22/10248	0.181818181818182	7.66778900112233	4.87902735405178	0.00161138661970831	0.0396774763316583	0.0396774763316583	APP/COL1A1/COL1A2/VWF	4
Endothelial/Fibroblast	R-HSA-373760	L1CAM interactions	9/243	117/10248	0.0769230769230769	3.24406457739791	3.80447804372983	0.00182520640405804	0.0415048322704119	0.0415048322704119	LAMC1/ITGA1/ITGA5/ITGB1/NRP1/TUBB6/ITGAV/LAMB1/SPTBN1	9
Endothelial/Fibroblast	R-HSA-9762292	Regulation of CDH11 function	3/243	11/10248	0.272727272727273	11.5016835016835	5.43077580888998	0.00188708550544226	0.0415048322704119	0.0415048322704119	JUP/CDH11/CTNND1	3
Endothelial/Fibroblast	R-HSA-430116	GP1b-IX-V activation signalling	3/243	11/10248	0.272727272727273	11.5016835016835	5.43077580888998	0.00188708550544226	0.0415048322704119	0.0415048322704119	COL1A1/COL1A2/VWF	3
Endothelial/Fibroblast	R-HSA-446107	Type I hemidesmosome assembly	3/243	11/10248	0.272727272727273	11.5016835016835	5.43077580888998	0.00188708550544226	0.0415048322704119	0.0415048322704119	CD151/DST/ITGA6	3
Endothelial/Fibroblast	R-HSA-9839383	TGFBR3 PTM regulation	3/243	11/10248	0.272727272727273	11.5016835016835	5.43077580888998	0.00188708550544226	0.0415048322704119	0.0415048322704119	TIMP1/MMP14/TIMP2	3
Endothelial/Fibroblast	R-HSA-9012999	RHO GTPase cycle	21/243	442/10248	0.0475113122171946	2.00368694486342	3.36168041422655	0.00189346747512779	0.0415048322704119	0.0415048322704119	ARHGAP29/RHOC/JUP/TPM4/CDC42EP1/MCAM/ITGB1/CAV1/DOCK9/DST/AKAP12/SPTBN1/CAVIN1/JAG1/PLXND1/UACA/VIM/FERMT2/GJA1/DLC1/ACTN1	21
Endothelial/Fibroblast	R-HSA-9924644	Developmental Lineages of the Mammary Gland	5/243	38/10248	0.131578947368421	5.54905782975958	4.37817728580793	0.00190546022194946	0.0415048322704119	0.0415048322704119	ACTA2/ITGB1/MFGE8/VIM/ITGA6	5
Endothelial/Fibroblast	R-HSA-111465	Apoptotic cleavage of cellular proteins	5/243	38/10248	0.131578947368421	5.54905782975958	4.37817728580793	0.00190546022194946	0.0415048322704119	0.0415048322704119	PTK2/GSN/VIM/TJP1/LMNA	5
Endothelial/Fibroblast	R-HSA-76009	Platelet Aggregation (Plug Formation)	5/243	38/10248	0.131578947368421	5.54905782975958	4.37817728580793	0.00190546022194946	0.0415048322704119	0.0415048322704119	PTK2/COL1A1/COL1A2/VWF/FN1	5
Endothelial/Fibroblast	R-HSA-9009391	Extra-nuclear estrogen signaling	7/243	76/10248	0.0921052631578947	3.88434048083171	3.93317349623946	0.00210251359924339	0.0446521325639316	0.0446521325639316	CAV2/HSPB1/PTK2/GNG11/MMP2/CAV1/GNG12	7
Endothelial/Fibroblast	R-HSA-9958825	Activation of STAT3 by cadherin engagement	7/243	76/10248	0.0921052631578947	3.88434048083171	3.93317349623946	0.00210251359924339	0.0446521325639316	0.0446521325639316	JUP/PSMB5/ACTA2/VCL/CDH11/CTNND1/IL6ST	7
Endothelial/Fibroblast	R-HSA-4420097	VEGFA-VEGFR2 Pathway	8/243	98/10248	0.0816326530612245	3.44268077601411	3.78651507023744	0.0022339278633358	0.0468573264173768	0.0468573264173768	JUP/HSPB1/PTK2/CDH5/KDR/CAV1/ITGAV/CTNND1	8
Myeloid/TAM	R-HSA-6798695	Neutrophil degranulation	76/283	462/10248	0.164502164502165	5.95695470607131	18.3732619550318	5.73058371983318e-39	9.73626173999657e-36	9.73626173999657e-36	SLC11A1/CFD/GNS/CYBB/TYROBP/RAP2B/S100A11/SERPINB6/CTSS/FTL/RAB10/CTSH/CYFIP1/VAT1/HK3/ADA2/ATP6V0A1/CD68/CSTB/FTH1/SERPINA1/RHOA/ANXA2/CST3/IDH1/FGL2/GSN/FCGR2A/PTAFR/RNASET2/MNDA/CD14/S100A9/NPC2/ASAH1/BRI3/FCN1/CYBA/SIRPA/AP2A2/TCIRG1/LAIR1/CREG1/VAMP8/SDCBP/SLC2A5/ITGAM/RAC1/FABP5/PLEKHO2/LGALS3/C3AR1/PSAP/RAB31/ATP6V0C/FCER1G/LYZ/GRN/C5AR1/LAMP1/PYCARD/COTL1/NME2/CTSB/PLAUR/S100A8/CD63/CTSA/PKM/ITGB2/CTSD/TNFRSF1B/TIMP2/CTSZ/LILRB2/GAA	76
Myeloid/TAM	R-HSA-2132295	MHC class II antigen presentation	24/283	121/10248	0.198347107438017	7.18254825803814	11.5284980238439	1.80319182312119e-14	1.53181145374145e-11	1.53181145374145e-11	HLA-DRA/IFI30/TUBA1B/CTSS/CTSH/CTSL/HLA-DRB1/CD74/HLA-DRB5/HLA-DQB1/HLA-DMB/AP2A2/CLTA/LGMN/HLA-DPB1/AP1B1/HLA-DMA/HLA-DPA1/CTSB/CTSA/CTSD/AP1S2/CLTC/AP2S1	24
Myeloid/TAM	R-HSA-9658195	Leishmania infection	26/283	159/10248	0.163522012578616	5.92146143076205	10.5395367230109	1.73551972263612e-13	7.37162002189691e-11	7.37162002189691e-11	GNB4/CD163/HMOX1/CYFIP1/GNAI2/FCGR3A/SYK/MYO9B/P2RX4/FCGR2A/HCK/ACTB/GNAS/CYBA/FCGR1A/GNG5/RAC1/C3AR1/GNB2/ARPC1B/GNB1/MYO5A/PYCARD/LYN/CALM3/GRB2	26
Myeloid/TAM	R-HSA-9824443	Parasitic Infection Pathways	26/283	159/10248	0.163522012578616	5.92146143076205	10.5395367230109	1.73551972263612e-13	7.37162002189691e-11	7.37162002189691e-11	GNB4/CD163/HMOX1/CYFIP1/GNAI2/FCGR3A/SYK/MYO9B/P2RX4/FCGR2A/HCK/ACTB/GNAS/CYBA/FCGR1A/GNG5/RAC1/C3AR1/GNB2/ARPC1B/GNB1/MYO5A/PYCARD/LYN/CALM3/GRB2	26
Myeloid/TAM	R-HSA-76002	Platelet activation, signaling and aggregation	31/283	257/10248	0.120622568093385	4.36798614071029	9.21478723951392	3.43950879268739e-12	1.16874508775518e-09	1.16874508775518e-09	CFD/GNB4/PLEK/LHFPL2/TLN1/GNAI2/A2M/RHOB/STXBP2/SYK/APLP2/SERPINA1/ABHD12/RHOA/GNG5/SELENOP/RAC1/MGLL/PSAP/FN1/VTI1B/GNB2/FCER1G/GNB1/TIMP1/LYN/CD63/CALM3/ANXA5/ARRB2/GRB2	31
Myeloid/TAM	R-HSA-1222556	ROS and RNS production in phagocytes	11/283	36/10248	0.305555555555556	11.0647820965842	10.1942002046424	1.90894571594948e-09	5.40549795233029e-07	5.40549795233029e-07	SLC11A1/ATP6V1B2/CYBB/ATP6V0A1/ATP6V1F/CYBA/ATP6V0B/TCIRG1/NCF2/ATP6V0D1/ATP6V0C	11
Myeloid/TAM	R-HSA-9662851	Anti-inflammatory response favouring Leishmania parasite infection	14/283	76/10248	0.184210526315789	6.67063418262972	8.36157686097129	1.6102433406561e-08	3.4197542947184e-06	3.4197542947184e-06	GNB4/CD163/GNAI2/FCGR3A/SYK/FCGR2A/HCK/GNAS/FCGR1A/GNG5/GNB2/GNB1/LYN/CALM3	14
Myeloid/TAM	R-HSA-9664433	Leishmania parasite growth and survival	14/283	76/10248	0.184210526315789	6.67063418262972	8.36157686097129	1.6102433406561e-08	3.4197542947184e-06	3.4197542947184e-06	GNB4/CD163/GNAI2/FCGR3A/SYK/FCGR2A/HCK/GNAS/FCGR1A/GNG5/GNB2/GNB1/LYN/CALM3	14
Myeloid/TAM	R-HSA-2029480	Fcgamma receptor (FCGR) dependent phagocytosis	14/283	86/10248	0.162790697674419	5.89497904511463	7.68180717747588	8.29923622569289e-08	1.56671137193913e-05	1.56671137193913e-05	CYFIP1/FCGR3A/SYK/MYO9B/FCGR2A/HCK/ACTB/FCGR1A/RAC1/ARPC1B/MYO5A/LYN/PLD3/GRB2	14
Myeloid/TAM	R-HSA-202430	Translocation of ZAP-70 to Immunological synapse	7/283	17/10248	0.411764705882353	14.9108293494076	9.67322691649368	1.7451044967436e-07	2.96493253996737e-05	2.96493253996737e-05	HLA-DRA/HLA-DRB1/HLA-DRB5/HLA-DQB1/HLA-DPB1/HLA-DPA1/CD4	7
Myeloid/TAM	R-HSA-2029481	FCGR activation	6/283	12/10248	0.5	18.1060070671378	9.99141656042708	3.38039952841363e-07	4.57313463663301e-05	4.57313463663301e-05	FCGR3A/SYK/FCGR2A/HCK/FCGR1A/LYN	6
Myeloid/TAM	R-HSA-114608	Platelet degranulation	16/283	126/10248	0.126984126984127	4.59835100117786	6.84870665378626	3.48224945005139e-07	4.57313463663301e-05	4.57313463663301e-05	CFD/PLEK/LHFPL2/TLN1/A2M/STXBP2/APLP2/SERPINA1/SELENOP/PSAP/FN1/VTI1B/TIMP1/CD63/CALM3/ANXA5	16
Myeloid/TAM	R-HSA-917937	Iron uptake and transport	11/283	57/10248	0.192982456140351	6.98828342942161	7.63984080363602	3.49916128759442e-07	4.57313463663301e-05	4.57313463663301e-05	ATP6V1B2/HMOX1/FTL/ATP6V0A1/FTH1/ATP6V1F/MCOLN1/ATP6V0B/TCIRG1/ATP6V0D1/ATP6V0C	11
Myeloid/TAM	R-HSA-8964043	Plasma lipoprotein clearance	9/283	36/10248	0.25	9.0530035335689	8.15655316549331	4.02348495724869e-07	4.88278638740394e-05	4.88278638740394e-05	APOE/LIPA/NPC2/NR1H3/AP2A2/CLTA/APOC1/CLTC/AP2S1	9
Myeloid/TAM	R-HSA-9664407	Parasite infection	11/283	59/10248	0.186440677966102	6.7513924657124	7.46596867133114	5.05345572448753e-07	5.05048310347313e-05	5.05048310347313e-05	CYFIP1/FCGR3A/SYK/MYO9B/HCK/ACTB/RAC1/ARPC1B/MYO5A/LYN/GRB2	11
Myeloid/TAM	R-HSA-9664417	Leishmania phagocytosis	11/283	59/10248	0.186440677966102	6.7513924657124	7.46596867133114	5.05345572448753e-07	5.05048310347313e-05	5.05048310347313e-05	CYFIP1/FCGR3A/SYK/MYO9B/HCK/ACTB/RAC1/ARPC1B/MYO5A/LYN/GRB2	11
Myeloid/TAM	R-HSA-9664422	FCGR3A-mediated phagocytosis	11/283	59/10248	0.186440677966102	6.7513924657124	7.46596867133114	5.05345572448753e-07	5.05048310347313e-05	5.05048310347313e-05	CYFIP1/FCGR3A/SYK/MYO9B/HCK/ACTB/RAC1/ARPC1B/MYO5A/LYN/GRB2	11
Myeloid/TAM	R-HSA-76005	Response to elevated platelet cytosolic Ca2+	16/283	131/10248	0.122137404580153	4.42284142098023	6.64430386778531	5.96385948616067e-07	5.50221078597551e-05	5.50221078597551e-05	CFD/PLEK/LHFPL2/TLN1/A2M/STXBP2/APLP2/SERPINA1/SELENOP/PSAP/FN1/VTI1B/TIMP1/CD63/CALM3/ANXA5	16
Myeloid/TAM	R-HSA-174824	Plasma lipoprotein assembly, remodeling, and clearance	12/283	73/10248	0.164383561643836	5.95265985768914	7.15625253197114	6.37191398551046e-07	5.50221078597551e-05	5.50221078597551e-05	APOE/LIPA/A2M/PLTP/NPC2/NR1H3/AP2A2/CLTA/ABCA1/APOC1/CLTC/AP2S1	12
Myeloid/TAM	R-HSA-202427	Phosphorylation of CD3 and TCR zeta chains	7/283	20/10248	0.35	12.6742049469965	8.80642996885115	6.47699915947676e-07	5.50221078597551e-05	5.50221078597551e-05	HLA-DRA/HLA-DRB1/HLA-DRB5/HLA-DQB1/HLA-DPB1/HLA-DPA1/CD4	7
Myeloid/TAM	R-HSA-2029482	Regulation of actin dynamics for phagocytic cup formation	11/283	61/10248	0.180327868852459	6.53003533568905	7.29999571392542	7.18773684735905e-07	5.81522138269668e-05	5.81522138269668e-05	CYFIP1/FCGR3A/SYK/MYO9B/FCGR2A/ACTB/FCGR1A/RAC1/ARPC1B/MYO5A/GRB2	11
Myeloid/TAM	R-HSA-77387	Insulin receptor recycling	8/283	30/10248	0.266666666666667	9.6565371024735	8.00156260070167	1.0570493213945e-06	8.16330362295119e-05	8.16330362295119e-05	ATP6V1B2/ATP6V0A1/ATP6V1F/ATP6V0B/TCIRG1/ATP6V0D1/ATP6V0C/CTSD	8
Myeloid/TAM	R-HSA-917977	Transferrin endocytosis and recycling	8/283	31/10248	0.258064516129032	9.34503590561951	7.84152071733092	1.39088228645068e-06	0.000102743869768683	0.000102743869768683	ATP6V1B2/ATP6V0A1/ATP6V1F/MCOLN1/ATP6V0B/TCIRG1/ATP6V0D1/ATP6V0C	8
Myeloid/TAM	R-HSA-1236975	Antigen processing-Cross presentation	13/283	97/10248	0.134020618556701	4.85315653345962	6.42541288813221	2.41191172142806e-06	0.000170743250612761	0.000170743250612761	ITGB5/CYBB/CTSS/CTSL/LY96/CD14/S100A9/CYBA/FCGR1A/TLR4/NCF2/VAMP8/S100A8	13
Myeloid/TAM	R-HSA-2173782	Binding and Uptake of Ligands by Scavenger Receptors	9/283	46/10248	0.195652173913043	7.08495928714088	6.97022612339097	3.69490622268587e-06	0.000251105826893732	0.000251105826893732	LRP1/CD163/APOE/FTL/STAB1/FTH1/MARCO/S100A9/MSR1	9
Myeloid/TAM	R-HSA-164952	The role of Nef in HIV-1 replication and disease pathogenesis	7/283	28/10248	0.25	9.0530035335689	7.19058777040274	8.18171519313544e-06	0.0005303662293567	0.0005303662293567	HCK/AP2A2/RAC1/AP1B1/AP1S2/AP2S1/CD4	7
Myeloid/TAM	R-HSA-8964038	LDL clearance	6/283	19/10248	0.31578947368421	11.4353728845081	7.67222123745638	8.42842153774627e-06	0.0005303662293567	0.0005303662293567	LIPA/NPC2/AP2A2/CLTA/CLTC/AP2S1	6
Myeloid/TAM	R-HSA-9857377	Regulation of MITF-M-dependent genes involved in lysosome biogenesis and autophagy	5/283	12/10248	0.416666666666667	15.0883392226148	8.22883243677397	1.04721030725076e-05	0.000635432254292513	0.000635432254292513	ATP6V1B2/ASAH1/ATP6V0B/ATP6V0D1/ATP6V0C	5
Myeloid/TAM	R-HSA-1679131	Trafficking and processing of endosomal TLR	5/283	13/10248	0.384615384615385	13.9276977439522	7.85962592549476	1.66338728400947e-05	0.000974515515700722	0.000974515515700722	CTSS/CTSL/UNC93B1/LGMN/CTSB	5
Myeloid/TAM	R-HSA-202433	Generation of second messenger molecules	7/283	32/10248	0.21875	7.92137809187279	6.60815247640328	2.11551324729413e-05	0.00119808566905091	0.00119808566905091	HLA-DRA/HLA-DRB1/HLA-DRB5/HLA-DQB1/HLA-DPB1/HLA-DPA1/CD4	7
Myeloid/TAM	R-HSA-5668599	RHO GTPases Activate NADPH Oxidases	6/283	23/10248	0.260869565217391	9.44661238285451	6.83388645583254	2.85671704696081e-05	0.00156566524606013	0.00156566524606013	CYBB/S100A9/CYBA/NCF2/RAC1/S100A8	6
Myeloid/TAM	R-HSA-432720	Lysosome Vesicle Biogenesis	7/283	34/10248	0.205882352941176	7.4554146747038	6.35358158917047	3.22488322926107e-05	0.0017122114395358	0.0017122114395358	GNS/VAMP8/CLTA/AP1B1/AP1S2/CLTC/CTSZ	7
Myeloid/TAM	R-HSA-5099900	WNT5A-dependent internalization of FZD4	5/283	15/10248	0.333333333333333	12.0706713780919	7.23054504718207	3.70851921570695e-05	0.00190932549923822	0.00190932549923822	AP2A2/CLTA/CLTC/AP2S1/ARRB2	5
Myeloid/TAM	R-HSA-2682334	EPH-Ephrin signaling	11/283	91/10248	0.120879120879121	4.37727643381354	5.45327644194969	3.90304119057438e-05	0.00195037264199584	0.00195037264199584	RHOA/ACTB/AP2A2/SDCBP/CLTA/RAC1/ARPC1B/LYN/MYL6/CLTC/AP2S1	11
Myeloid/TAM	R-HSA-877300	Interferon gamma signaling	11/283	93/10248	0.118279569892473	4.28314145674228	5.35974391401195	4.78801120487911e-05	0.00232423743916846	0.00232423743916846	HLA-DRA/IFI30/IFNGR2/HLA-DRB1/YBX1/PTAFR/HLA-DRB5/HLA-DQB1/FCGR1A/HLA-DPB1/HLA-DPA1	11
Myeloid/TAM	R-HSA-8866427	VLDLR internalisation and degradation	5/283	16/10248	0.3125	11.3162544169611	6.9591260676456	5.2729319596733e-05	0.00248853094430137	0.00248853094430137	NR1H3/AP2A2/CLTA/CLTC/AP2S1	5
Myeloid/TAM	R-HSA-5602498	MyD88 deficiency (TLR2/4)	5/283	17/10248	0.294117647058824	10.650592392434	6.71076955556048	7.30214286056479e-05	0.00335306505948637	0.00335306505948637	LY96/CD14/S100A9/TLR4/S100A8	5
Myeloid/TAM	R-HSA-9664323	FCGR3A-mediated IL10 synthesis	7/283	39/10248	0.17948717948718	6.49959228051101	5.79861306395558	8.19248100701583e-05	0.00366290137655787	0.00366290137655787	FCGR3A/SYK/FCGR2A/HCK/FCGR1A/LYN/CALM3	7
Myeloid/TAM	R-HSA-166658	Complement cascade	8/283	53/10248	0.150943396226415	5.46596439762651	5.49303682698099	9.22399684793852e-05	0.00401835144734553	0.00401835144734553	CFD/C1QA/CD81/C1QC/FCN1/C3AR1/C5AR1/C1QB	8
Myeloid/TAM	R-HSA-5603041	IRAK4 deficiency (TLR2/4)	5/283	18/10248	0.277777777777778	10.0588928150766	6.48226066849753	9.88362232825904e-05	0.00419806858392803	0.00419806858392803	LY96/CD14/S100A9/TLR4/S100A8	5
Myeloid/TAM	R-HSA-8957275	Post-translational protein phosphorylation	11/283	103/10248	0.106796116504854	3.86730248035953	4.92854846332298	0.000122723761593309	0.00496446835588171	0.00496446835588171	APOE/SPP1/VCAN/APLP2/SERPINA1/CST3/FAM20C/LGALS1/FAM20A/FN1/TIMP1	11
Myeloid/TAM	R-HSA-9855142	Cellular responses to mechanical stimuli	11/283	103/10248	0.106796116504854	3.86730248035953	4.92854846332298	0.000122723761593309	0.00496446835588171	0.00496446835588171	GNB4/TLN1/SPP1/CAPNS1/ANXA2/GNAS/GNG5/FN1/GNB2/GNB1/CALM3	11
Myeloid/TAM	R-HSA-392851	Prostacyclin signalling through prostacyclin receptor	5/283	19/10248	0.263157894736842	9.52947740375674	6.27098220693736	0.000131124723905749	0.00504363153503642	0.00504363153503642	GNB4/GNAS/GNG5/GNB2/GNB1	5
Myeloid/TAM	R-HSA-3000480	Scavenging by Class A Receptors	5/283	19/10248	0.263157894736842	9.52947740375674	6.27098220693736	0.000131124723905749	0.00504363153503642	0.00504363153503642	APOE/FTL/FTH1/MARCO/MSR1	5
Myeloid/TAM	R-HSA-8856825	Cargo recognition for clathrin-mediated endocytosis	11/283	104/10248	0.105769230769231	3.83011687958684	4.88842948964639	0.00013393309705052	0.00504363153503642	0.00504363153503642	EPN1/DAB2/AP2A2/VAMP8/CLTA/CLTC/AP2S1/SCARB2/ARRB2/CD4/GRB2	11
Myeloid/TAM	R-HSA-199992	trans-Golgi Network Vesicle Budding	9/283	71/10248	0.126760563380282	4.5902553127955	5.11561149981761	0.00013655506216108	0.00504363153503642	0.00504363153503642	GNS/FTL/FTH1/VAMP8/CLTA/AP1B1/AP1S2/CLTC/CTSZ	9
Myeloid/TAM	R-HSA-445355	Smooth Muscle Contraction	7/283	43/10248	0.162790697674419	5.89497904511463	5.420401971694	0.000156176779152831	0.0055280072454304	0.00552800724543041	ITGB5/TLN1/TPM4/ANXA2/ALDH2/MYL6/CALM3	7
Myeloid/TAM	R-HSA-9634597	GPER1 signaling	7/283	43/10248	0.162790697674419	5.89497904511463	5.420401971694	0.000156176779152831	0.0055280072454304	0.00552800724543041	GNB4/GNAI2/GNAS/GNG5/FN1/GNB2/GNB1	7
Myeloid/TAM	R-HSA-196025	Formation of annular gap junctions	4/283	11/10248	0.363636363636364	13.1680051397366	6.80428208375519	0.000161181482620948	0.00558872120353044	0.00558872120353044	DAB2/ACTB/CLTA/CLTC	4
Myeloid/TAM	R-HSA-194138	Signaling by VEGF	11/283	107/10248	0.102803738317757	3.72273042501899	4.7709962610706	0.00017293423659859	0.00587630535962008	0.00587630535962008	HSPB1/CYBB/NRP2/CYFIP1/CTNNA1/RHOA/ACTB/CYBA/NCF2/RAC1/CALM3	11
Myeloid/TAM	R-HSA-198933	Immunoregulatory interactions between a Lymphoid and a non-Lymphoid cell	12/283	126/10248	0.0952380952380952	3.44876325088339	4.66070740858319	0.000183613212171333	0.00611684014664893	0.00611684014664893	LILRB1/TYROBP/FCGR3A/CD81/SIGLEC1/FCGR1A/TREM2/LAIR1/LILRB4/PILRA/ITGB2/LILRB2	12
Myeloid/TAM	R-HSA-5602358	Diseases associated with the TLR signaling cascade	6/283	32/10248	0.1875	6.78975265017668	5.52773852333721	0.000208047818647294	0.00642380823448294	0.00642380823448294	LY96/CD14/S100A9/TLR4/UNC93B1/S100A8	6
Myeloid/TAM	R-HSA-2871796	FCERI mediated MAPK activation	6/283	32/10248	0.1875	6.78975265017668	5.52773852333721	0.000208047818647294	0.00642380823448294	0.00642380823448294	SYK/RAC1/FCER1G/LYN/FOS/GRB2	6
Myeloid/TAM	R-HSA-202733	Cell surface interactions at the vascular wall	12/283	128/10248	0.09375	3.39487632508834	4.59463221881145	0.000213060600446497	0.00642380823448294	0.00642380823448294	SLC16A3/CD74/SIRPA/ITGAM/FN1/SDC3/CD84/FCER1G/LYN/ITGB2/SLC7A7/GRB2	12
Myeloid/TAM	R-HSA-166663	Initial triggering of complement	5/283	21/10248	0.238095238095238	8.62190812720848	5.89185653450604	0.000219294218716898	0.00642380823448294	0.00642380823448294	CFD/C1QA/C1QC/FCN1/C1QB	5
Myeloid/TAM	R-HSA-164938	Nef-mediates down modulation of cell surface receptors by recruiting them to clathrin adapters	5/283	21/10248	0.238095238095238	8.62190812720848	5.89185653450604	0.000219294218716898	0.00642380823448294	0.00642380823448294	AP2A2/AP1B1/AP1S2/AP2S1/CD4	5
Myeloid/TAM	R-HSA-5686938	Regulation of TLR by endogenous ligand	5/283	21/10248	0.238095238095238	8.62190812720848	5.89185653450604	0.000219294218716898	0.00642380823448294	0.00642380823448294	LY96/CD14/S100A9/TLR4/S100A8	5
Myeloid/TAM	R-HSA-392170	ADP signalling through P2Y purinoceptor 12	5/283	21/10248	0.238095238095238	8.62190812720848	5.89185653450604	0.000219294218716898	0.00642380823448294	0.00642380823448294	GNB4/GNAI2/GNG5/GNB2/GNB1	5
Myeloid/TAM	R-HSA-9860931	Response of endothelial cells to shear stress	10/283	93/10248	0.10752688172043	3.8937649606748	4.72408494757565	0.000235250975271811	0.0066979159483232	0.0066979159483232	GNB4/TLN1/CAPNS1/ANXA2/GNAS/GNG5/FN1/GNB2/GNB1/CALM3	10
Myeloid/TAM	R-HSA-190873	Gap junction degradation	4/283	12/10248	0.333333333333333	12.0706713780919	6.46624831312085	0.000236536172395169	0.0066979159483232	0.0066979159483232	DAB2/ACTB/CLTA/CLTC	4
Myeloid/TAM	R-HSA-168898	Toll-like Receptor Cascades	14/283	169/10248	0.0828402366863905	2.99981182177431	4.41750139588983	0.000240487424137079	0.00669816612473602	0.00669816612473602	MEF2C/CTSS/CTSL/LY96/CD14/S100A9/TLR4/UNC93B1/LGMN/ITGAM/CTSB/S100A8/FOS/ITGB2	14
Myeloid/TAM	R-HSA-9006931	Signaling by Nuclear Receptors	17/283	234/10248	0.0726495726495727	2.63078735163541	4.2525987180457	0.00026149820683433	0.00716589440986333	0.00716589440986333	HSPB1/GNB4/APOE/GNAI2/PLTP/PDK4/NR1H3/GNG5/FABP5/ABCA1/USF2/GNB2/GNB1/APOC1/FOS/CTSD/CALM3	17
Myeloid/TAM	R-HSA-3858494	Beta-catenin independent WNT signaling	12/283	133/10248	0.0902255639097744	3.26724939557374	4.43501513314129	0.000304811185065244	0.00822022545120395	0.00822022545120395	GNB4/RHOA/GNG5/AP2A2/CLTA/RAC1/GNB2/GNB1/CALM3/CLTC/AP2S1/ARRB2	12
Myeloid/TAM	R-HSA-74752	Signaling by Insulin receptor	9/283	79/10248	0.113924050632911	4.12541933175292	4.6993268289884	0.00031129908296921	0.00826401784319825	0.00826401784319825	ATP6V1B2/ATP6V0A1/ATP6V1F/ATP6V0B/TCIRG1/ATP6V0D1/ATP6V0C/CTSD/GRB2	9
Myeloid/TAM	R-HSA-166786	Creation of C4 and C2 activators	4/283	13/10248	0.307692307692308	11.1421581951617	6.16610714993347	0.000334270527752979	0.008476501890333	0.008476501890333	C1QA/C1QC/FCN1/C1QB	4
Myeloid/TAM	R-HSA-5140745	WNT5A-dependent internalization of FZD2, FZD5 and ROR2	4/283	13/10248	0.307692307692308	11.1421581951617	6.16610714993347	0.000334270527752979	0.008476501890333	0.008476501890333	AP2A2/CLTA/CLTC/AP2S1	4
Myeloid/TAM	R-HSA-75205	Dissolution of Fibrin Clot	4/283	13/10248	0.307692307692308	11.1421581951617	6.16610714993347	0.000334270527752979	0.008476501890333	0.008476501890333	SERPINB6/ANXA2/PLAUR/S100A10	4
Myeloid/TAM	R-HSA-9958810	SRC activates STAT3 in a quantitative manner, through Cadherin-11 (CDH11), RAC1 and gp130 (IL6ST)	5/283	23/10248	0.217391304347826	7.87217698571209	5.5600606605403	0.00034656612048922	0.00855969294465304	0.00855969294465304	CTSS/CTSL/CTNNA1/RAC1/CTSB	5
Myeloid/TAM	R-HSA-114604	GPVI-mediated activation cascade	6/283	35/10248	0.171428571428571	6.20777385159011	5.20070724266207	0.000347627317940588	0.00855969294465304	0.00855969294465304	RHOB/SYK/RHOA/RAC1/FCER1G/LYN	6
Myeloid/TAM	R-HSA-373755	Semaphorin interactions	8/283	64/10248	0.125	4.52650176678445	4.76900559314077	0.000354331525694377	0.00860013231649639	0.00860013231649639	TLN1/TYROBP/RHOB/PLXND1/RHOA/TREM2/RAC1/MYL6	8
Myeloid/TAM	R-HSA-4420097	VEGFA-VEGFR2 Pathway	10/283	98/10248	0.102040816326531	3.69510348308935	4.51760646660341	0.000361310182070065	0.00864599999066254	0.00864599999066254	HSPB1/CYBB/CYFIP1/CTNNA1/RHOA/ACTB/CYBA/NCF2/RAC1/CALM3	10
Myeloid/TAM	R-HSA-195258	RHO GTPase Effectors	18/283	264/10248	0.0681818181818182	2.46900096370061	4.07497259445474	0.00037707460388837	0.00889791322231029	0.0088979132223103	CYBB/TUBA1B/CYFIP1/RHOB/CTNNA1/RHOA/FMNL2/ACTB/S100A9/CYBA/YWHAH/NCF2/RAC1/ARPC1B/MYL6/S100A8/CALM3/GRB2	18
Myeloid/TAM	R-HSA-449147	Signaling by Interleukins	25/283	434/10248	0.0576036866359447	2.08594551464721	3.89567580559503	0.000402056373835129	0.00935744902939566	0.00935744902939566	MEF2C/HMOX1/STXBP2/SYK/CSF1R/ANXA2/HCK/PTAFR/VIM/SOD2/LGALS9/CEBPD/CSF3R/HAVCR2/ITGAM/FN1/CCR1/TIMP1/LYN/GSTO1/FOS/ITGB2/TNFRSF1B/CD4/GRB2	25
Myeloid/TAM	R-HSA-3928665	EPH-ephrin mediated repulsion of cells	7/283	50/10248	0.14	5.06968197879859	4.86117108228647	0.000410521127228236	0.00942534317784829	0.00942534317784829	ACTB/AP2A2/CLTA/RAC1/LYN/CLTC/AP2S1	7
Myeloid/TAM	R-HSA-1474244	Extracellular matrix organization	20/283	314/10248	0.0636942675159236	2.30649771555896	3.9624549278981	0.000438315277288213	0.00982147348144909	0.00982147348144909	ITGB5/CTSS/ADAM9/SPP1/VCAN/CAPNS1/A2M/COLGALT1/CTSL/DST/ACTB/ITGAM/FN1/SDC3/EMILIN2/TIMP1/CTSB/ITGB2/CTSD/TIMP2	20
Myeloid/TAM	R-HSA-381426	Regulation of Insulin-like Growth Factor (IGF) transport and uptake by Insulin-like Growth Factor Binding Proteins (IGFBPs)	11/283	119/10248	0.092436974789916	3.34732903762212	4.3402735350464	0.000439336070977122	0.00982147348144909	0.00982147348144909	APOE/SPP1/VCAN/APLP2/SERPINA1/CST3/FAM20C/LGALS1/FAM20A/FN1/TIMP1	11
Myeloid/TAM	R-HSA-177504	Retrograde neurotrophin signalling	4/283	14/10248	0.285714285714286	10.3462897526502	5.89703203055025	0.000457861755356797	0.0101026899006649	0.0101026899006649	AP2A2/CLTA/CLTC/AP2S1	4
Myeloid/TAM	R-HSA-5260271	Diseases of Immune System	6/283	37/10248	0.162162162162162	5.87221850826091	5.00318331400587	0.000475371281071162	0.0103545616223065	0.0103545616223065	LY96/CD14/S100A9/TLR4/UNC93B1/S100A8	6
Myeloid/TAM	R-HSA-392451	G beta:gamma signalling through PI3Kgamma	5/283	25/10248	0.2	7.24240282685512	5.26605691811768	0.000523008996084335	0.0111074035543411	0.0111074035543411	GNB4/RHOA/GNG5/GNB2/GNB1	5
Myeloid/TAM	R-HSA-2029485	Role of phospholipids in phagocytosis	5/283	25/10248	0.2	7.24240282685512	5.26605691811768	0.000523008996084335	0.0111074035543411	0.0111074035543411	FCGR3A/SYK/FCGR2A/FCGR1A/PLD3	5
Myeloid/TAM	R-HSA-8856828	Clathrin-mediated endocytosis	12/283	144/10248	0.0833333333333333	3.01766784452297	4.1090098689356	0.000629313612267768	0.0132000472499128	0.0132000472499128	EPN1/DAB2/ACTB/AP2A2/VAMP8/CLTA/CLTC/AP2S1/SCARB2/ARRB2/CD4/GRB2	12
Myeloid/TAM	R-HSA-9856530	High laminar flow shear stress activates signaling by PIEZO1 and PECAM1:CDH5:KDR in endothelial cells	8/283	70/10248	0.114285714285714	4.13851590106007	4.44012364736981	0.000655208625786706	0.0135756031123368	0.0135756031123368	GNB4/TLN1/CAPNS1/GNAS/GNG5/GNB2/GNB1/CALM3	8
Myeloid/TAM	R-HSA-2730905	Role of LAT2/NTAL/LAB on calcium mobilization	4/283	16/10248	0.25	9.0530035335689	5.43238510298487	0.000796918779737292	0.0163128314069116	0.0163128314069116	SYK/FCER1G/LYN/GRB2	4
Myeloid/TAM	R-HSA-432722	Golgi Associated Vesicle Biogenesis	7/283	56/10248	0.125	4.52650176678445	4.459245124132	0.000827858181231941	0.0167444172608698	0.0167444172608698	FTL/FTH1/VAMP8/CLTA/AP1B1/AP1S2/CLTC	7
Myeloid/TAM	R-HSA-9660821	ADORA2B mediated anti-inflammatory cytokines production	6/283	41/10248	0.146341463414634	5.29931914160131	4.64831434324383	0.000838242909656452	0.016754996511839	0.016754996511839	GNB4/GNAI2/GNAS/GNG5/GNB2/GNB1	6
Myeloid/TAM	R-HSA-400042	Adrenaline,noradrenaline inhibits insulin secretion	5/283	28/10248	0.178571428571429	6.46643109540636	4.88101767477535	0.000904099352367543	0.0178612186008425	0.0178612186008425	GNB4/GNAI2/GNG5/GNB2/GNB1	5
Myeloid/TAM	R-HSA-8963898	Plasma lipoprotein assembly	4/283	17/10248	0.235294117647059	8.5204739139472	5.22954087509388	0.00101965642623934	0.0197722801551178	0.0197722801551178	APOE/A2M/ABCA1/APOC1	4
Myeloid/TAM	R-HSA-6803157	Antimicrobial peptides	7/283	58/10248	0.120689655172414	4.3704154989643	4.33773765386443	0.00102410868372594	0.0197722801551178	0.0197722801551178	RNASE6/SLC11A1/ATOX1/S100A9/LYZ/S100A8/CD4	7
Myeloid/TAM	R-HSA-2424491	DAP12 signaling	5/283	29/10248	0.172413793103448	6.24345071280614	4.76502215040427	0.00106809504049317	0.020389814312336	0.020389814312336	TYROBP/SYK/TREM2/RAC1/GRB2	5
Myeloid/TAM	R-HSA-977606	Regulation of Complement cascade	6/283	43/10248	0.13953488372093	5.05283918152683	4.48786752466931	0.00108528016916113	0.0204876778600528	0.0204876778600528	C1QA/CD81/C1QC/C3AR1/C5AR1/C1QB	6
Myeloid/TAM	R-HSA-9009391	Extra-nuclear estrogen signaling	8/283	76/10248	0.105263157894737	3.8117909615027	4.14609821130907	0.00113492309806168	0.0211893883912834	0.0211893883912834	HSPB1/GNB4/GNAI2/GNG5/GNB2/GNB1/FOS/CALM3	8
Myeloid/TAM	R-HSA-9674555	Signaling by CSF3 (G-CSF)	5/283	30/10248	0.166666666666667	6.03533568904594	4.65435003102289	0.00125315484256402	0.0231425008425682	0.0231425008425682	SYK/HCK/CSF3R/LYN/GRB2	5
Myeloid/TAM	R-HSA-8964315	G beta:gamma signalling through BTK	4/283	18/10248	0.222222222222222	8.04711425206125	5.04269478346388	0.00128274791279841	0.0234342871381128	0.0234342871381128	GNB4/GNG5/GNB2/GNB1	4
Myeloid/TAM	R-HSA-1474228	Degradation of the extracellular matrix	11/283	138/10248	0.0797101449275362	2.8864648947611	3.75980765330543	0.00151125936779453	0.0273152092115202	0.0273152092115202	CTSS/ADAM9/SPP1/CAPNS1/A2M/CTSL/FN1/TIMP1/CTSB/CTSD/TIMP2	11
Myeloid/TAM	R-HSA-5625900	RHO GTPases activate CIT	4/283	19/10248	0.210526315789474	7.62358192300539	4.86974317641833	0.00158984742983645	0.0284331661399171	0.0284331661399171	RHOB/RHOA/RAC1/MYL6	4
Myeloid/TAM	R-HSA-397795	G-protein beta:gamma signalling	5/283	32/10248	0.15625	5.65812720848057	4.44732457027115	0.00169288107834904	0.0287620495211502	0.0287620495211502	GNB4/RHOA/GNG5/GNB2/GNB1	5
Myeloid/TAM	R-HSA-392518	Signal amplification	5/283	32/10248	0.15625	5.65812720848057	4.44732457027115	0.00169288107834904	0.0287620495211502	0.0287620495211502	GNB4/GNAI2/GNG5/GNB2/GNB1	5
Myeloid/TAM	R-HSA-456926	Thrombin signalling through proteinase activated receptors (PARs)	5/283	32/10248	0.15625	5.65812720848057	4.44732457027115	0.00169288107834904	0.0287620495211502	0.0287620495211502	GNB4/GNG5/GNB2/GNB1/ARRB2	5
Myeloid/TAM	R-HSA-451326	Activation of kainate receptors upon glutamate binding	5/283	32/10248	0.15625	5.65812720848057	4.44732457027115	0.00169288107834904	0.0287620495211502	0.0287620495211502	GNB4/GNG5/GNB2/GNB1/CALM3	5
Myeloid/TAM	R-HSA-163359	Glucagon signaling in metabolic regulation	5/283	32/10248	0.15625	5.65812720848057	4.44732457027115	0.00169288107834904	0.0287620495211502	0.0287620495211502	GNB4/GNAS/GNG5/GNB2/GNB1	5
Myeloid/TAM	R-HSA-418597	G alpha (z) signalling events	6/283	47/10248	0.127659574468085	4.62281031501391	4.19494320325716	0.00174321071490293	0.0290364216139223	0.0290364216139223	GNB4/GNAI2/GNAS/GNG5/GNB2/GNB1	6
Myeloid/TAM	R-HSA-437239	Recycling pathway of L1	6/283	47/10248	0.127659574468085	4.62281031501391	4.19494320325716	0.00174321071490293	0.0290364216139223	0.0290364216139223	TUBA1B/ACTB/AP2A2/CLTA/CLTC/AP2S1	6
Myeloid/TAM	R-HSA-418217	G beta:gamma signalling through PLC beta	4/283	20/10248	0.2	7.24240282685512	4.70895307917321	0.00194458129737018	0.0309760185573949	0.0309760185573949	GNB4/GNG5/GNB2/GNB1	4
Myeloid/TAM	R-HSA-8964616	G beta:gamma signalling through CDC42	4/283	20/10248	0.2	7.24240282685512	4.70895307917321	0.00194458129737018	0.0309760185573949	0.0309760185573949	GNB4/GNG5/GNB2/GNB1	4
Myeloid/TAM	R-HSA-5626467	RHO GTPases activate IQGAPs	5/283	33/10248	0.151515151515152	5.48666880822358	4.35025516442855	0.00195081458837036	0.0309760185573949	0.0309760185573949	TUBA1B/CTNNA1/ACTB/RAC1/CALM3	5
Myeloid/TAM	R-HSA-2871809	FCERI mediated Ca+2 mobilization	5/283	33/10248	0.151515151515152	5.48666880822358	4.35025516442855	0.00195081458837036	0.0309760185573949	0.0309760185573949	SYK/FCER1G/LYN/CALM3/GRB2	5
Myeloid/TAM	R-HSA-420092	Glucagon-type ligand receptors	5/283	33/10248	0.151515151515152	5.48666880822358	4.35025516442855	0.00195081458837036	0.0309760185573949	0.0309760185573949	GNB4/GNAS/GNG5/GNB2/GNB1	5
Myeloid/TAM	R-HSA-2562578	TRIF-mediated programmed cell death	3/283	10/10248	0.3	10.8636042402827	5.2587316595892	0.00216483332474743	0.0340560353587581	0.0340560353587581	LY96/CD14/TLR4	3
Myeloid/TAM	R-HSA-5625740	RHO GTPases activate PKNs	5/283	34/10248	0.147058823529412	5.325296196217	4.25706537299315	0.00223633727994869	0.0348581379691084	0.0348581379691084	RHOB/RHOA/YWHAH/RAC1/MYL6	5
Myeloid/TAM	R-HSA-6785807	Interleukin-4 and Interleukin-13 signaling	9/283	104/10248	0.0865384615384615	3.13373199238924	3.68557159947408	0.00228304694841185	0.0352626978668339	0.0352626978668339	HMOX1/VIM/CEBPD/ITGAM/FN1/TIMP1/FOS/ITGB2/TNFRSF1B	9
Myeloid/TAM	R-HSA-500657	Presynaptic function of Kainate receptors	4/283	21/10248	0.19047619047619	6.89752650176678	4.55888203805776	0.00235053119822978	0.0359779505026343	0.0359779505026343	GNB4/GNG5/GNB2/GNB1	4
Myeloid/TAM	R-HSA-3299685	Detoxification of Reactive Oxygen Species	5/283	35/10248	0.142857142857143	5.17314487632509	4.16748219133119	0.0025511222736167	0.0386996137756676	0.0386996137756676	CYBB/ATOX1/SOD2/CYBA/NCF2	5
Myeloid/TAM	R-HSA-912631	Regulation of signaling by CBL	4/283	22/10248	0.181818181818182	6.58400256986829	4.41831820217704	0.00281121903917792	0.0422677977660467	0.0422677977660467	SYK/HCK/LYN/GRB2	4
Myeloid/TAM	R-HSA-5663213	RHO GTPases Activate WASPs and WAVEs	5/283	36/10248	0.138888888888889	5.02944640753828	4.08125908719506	0.00289685055769237	0.0427978182392986	0.0427978182392986	CYFIP1/ACTB/RAC1/ARPC1B/GRB2	5
Myeloid/TAM	R-HSA-9029569	NR1H3 & NR1H2 regulate gene expression linked to cholesterol transport and efflux	5/283	36/10248	0.138888888888889	5.02944640753828	4.08125908719506	0.00289685055769237	0.0427978182392986	0.0427978182392986	APOE/PLTP/NR1H3/ABCA1/APOC1	5
Myeloid/TAM	R-HSA-9639288	Amino acids regulate mTORC1	6/283	53/10248	0.113207547169811	4.09947329821988	3.81228318354138	0.00324710185232825	0.0475588452336698	0.0475588452336698	ATP6V1B2/ATP6V1F/ATP6V0B/TCIRG1/ATP6V0D1/ATP6V0C	6
Myeloid/TAM	R-HSA-9820960	Respiratory syncytial virus (RSV) attachment and entry	4/283	23/10248	0.173913043478261	6.29774158856967	4.28623486524807	0.00333009333784922	0.0479476998390324	0.0479476998390324	LY96/CD14/TLR4/SDC3	4
Myeloid/TAM	R-HSA-202040	G-protein activation	4/283	23/10248	0.173913043478261	6.29774158856967	4.28623486524807	0.00333009333784922	0.0479476998390324	0.0479476998390324	GNB4/GNG5/GNB2/GNB1	4
T/NK	R-HSA-198933	Immunoregulatory interactions between a Lymphoid and a non-Lymphoid cell	30/256	126/10248	0.238095238095238	9.53125	15.4225757803246	1.69185758376103e-21	2.87446603480999e-18	2.87446603480999e-18	IFITM1/CD247/CD40LG/CD3D/KLRC1/TYROBP/HLA-E/SH2D1A/CLEC2B/KLRG1/CD3G/SH2D1B/KLRD1/KLRF1/HLA-C/CD300A/HLA-B/B2M/KLRB1/NCR3/CD3E/CD96/FCGR3A/HLA-A/SELL/HCST/CD99/CD8B/ITGB2/CD8A	30
T/NK	R-HSA-449147	Signaling by Interleukins	37/256	434/10248	0.0852534562211982	3.41280241935484	8.221209883493	4.14754789157624e-11	2.61618434308775e-08	2.61618434308775e-08	JUNB/TGFB1/UBA52/SOCS3/IFNG/IL7R/HSP90AA1/CCL3/PDCD4/MAP3K8/CCL4/DUSP4/SOD1/MYC/UBB/RAP1B/PIK3R1/MCL1/RORA/HSPA8/CISH/CNN2/LCK/STAT3/S1PR1/SOCS1/UBC/BATF/JUN/IL2RB/FYN/ITGB2/CCL5/HMGB1/NFKBIA/FOS/IL32	37
T/NK	R-HSA-9700206	Signaling by ALK in cancer	17/256	90/10248	0.188888888888889	7.56145833333333	10.0071328165193	6.19329457918058e-11	2.61618434308775e-08	2.61618434308775e-08	JUNB/UBA52/EEF1G/UBB/PIK3R1/MCL1/MYH9/ZAP70/EML4/RNF213/STAT3/GZMB/PRF1/UBC/ICOS/NPM1/JUN	17
T/NK	R-HSA-9725370	Signaling by ALK fusions and activated point mutants	17/256	90/10248	0.188888888888889	7.56145833333333	10.0071328165193	6.19329457918058e-11	2.61618434308775e-08	2.61618434308775e-08	JUNB/UBA52/EEF1G/UBB/PIK3R1/MCL1/MYH9/ZAP70/EML4/RNF213/STAT3/GZMB/PRF1/UBC/ICOS/NPM1/JUN	17
T/NK	R-HSA-202403	TCR signaling	18/256	104/10248	0.173076923076923	6.92848557692308	9.72630658841768	7.69918876717995e-11	2.61618434308775e-08	2.61618434308775e-08	TRAT1/CD247/UBA52/PTPRC/CD3D/ITK/UBB/CD3G/PIK3R1/ZAP70/PTPN22/LCK/EVL/UBC/FYB1/CD3E/LAT/NFKBIA	18
T/NK	R-HSA-388841	Regulation of T cell activation by CD28 family	23/256	203/10248	0.113300492610837	4.53556034482759	8.14373139087815	1.19329092048981e-09	3.37900212318698e-07	3.37900212318698e-07	IRF1/CD247/UBA52/CD3D/MAP3K8/MYC/UBB/CD3G/PIK3R1/THEM4/LCK/STAT3/LEF1/CD28/UBC/ICOS/JUN/CD3E/TCF7/FYN/CTLA4/FOSB/FOS	23
T/NK	R-HSA-202433	Generation of second messenger molecules	10/256	32/10248	0.3125	12.509765625	10.4374201315331	3.15836990012135e-09	7.66581494329454e-07	7.66581494329454e-07	CD247/CD3D/ITK/CD3G/ZAP70/LCK/EVL/FYB1/CD3E/LAT	10
T/NK	R-HSA-909733	Interferon alpha/beta signaling	11/256	46/10248	0.239130434782609	9.5726902173913	9.32707619592643	1.17423097815138e-08	2.49377303984898e-06	2.49377303984898e-06	IRF1/IFITM1/UBA52/SOCS3/HLA-E/UBB/HLA-C/HLA-B/SOCS1/UBC/HLA-A	11
T/NK	R-HSA-2172127	DAP12 interactions	10/256	39/10248	0.256410256410256	10.2644230769231	9.27793273103958	2.66771676976823e-08	5.03605643537358e-06	5.03605643537358e-06	TYROBP/HLA-E/PIK3R1/KLRD1/LCK/HLA-C/HLA-B/B2M/LAT/FYN	10
T/NK	R-HSA-6785807	Interleukin-4 and Interleukin-13 signaling	15/256	104/10248	0.144230769230769	5.77373798076923	7.83182122504773	4.00552867606235e-08	6.80539322062992e-06	6.80539322062992e-06	JUNB/TGFB1/SOCS3/HSP90AA1/MYC/PIK3R1/MCL1/RORA/HSPA8/STAT3/S1PR1/SOCS1/BATF/ITGB2/FOS	15
T/NK	R-HSA-202430	Translocation of ZAP-70 to Immunological synapse	7/256	17/10248	0.411764705882353	16.4834558823529	10.2264631422153	8.78535200858889e-08	1.35693755114478e-05	1.35693755114478e-05	CD247/CD3D/CD3G/ZAP70/PTPN22/LCK/CD3E	7
T/NK	R-HSA-380108	Chemokine receptors bind chemokines	11/256	58/10248	0.189655172413793	7.59213362068965	8.05832993079254	1.53703302237063e-07	2.17618258750642e-05	2.17618258750642e-05	XCL1/CCL3/CCL4/XCL2/CXCR6/CXCR4/CXCR3/CX3CR1/CCR7/CCR6/CCL5	11
T/NK	R-HSA-9942503	Differentiation of naive CD4+ T cells to T helper 1 cells (Th1 cells)	6/256	12/10248	0.5	20.015625	10.5494113443252	1.86739104096267e-07	2.44053644507352e-05	2.44053644507352e-05	IFNG/CCL3/RUNX3/CXCR3/TBX21/TPST2	6
T/NK	R-HSA-5663202	Diseases of signal transduction by growth factor receptors and second messengers	31/256	447/10248	0.0693512304250559	2.77621644295302	6.14619862581008	2.2518388182384e-07	2.73276725156218e-05	2.73276725156218e-05	TRAT1/JUNB/TGFB1/UBA52/HSP90AA1/EEF1G/FLT3LG/MYC/RAC2/UBB/RAP1B/PIK3R1/MCL1/MYH9/ZAP70/PEBP1/EML4/RNF213/LCK/STAT3/GZMB/BIN2/CD28/PRF1/UBC/ICOS/NPM1/JUN/CDKN1B/FYN/CALM1	31
T/NK	R-HSA-9607240	FLT3 Signaling	9/256	38/10248	0.236842105263158	9.48108552631579	8.38344478154652	2.84773466594022e-07	3.22553413162162e-05	3.22553413162162e-05	UBA52/FLT3LG/UBB/PIK3R1/LCK/UBC/CDKN1B/FYN/SLA2	9
T/NK	R-HSA-202427	Phosphorylation of CD3 and TCR zeta chains	7/256	20/10248	0.35	14.0109375	9.3222418739866	3.28369736495895e-07	3.48687613941579e-05	3.48687613941579e-05	CD247/PTPRC/CD3D/CD3G/PTPN22/LCK/CD3E	7
T/NK	R-HSA-2424491	DAP12 signaling	8/256	29/10248	0.275862068965517	11.0431034482759	8.6687179667437	3.70343530275528e-07	3.70125681140072e-05	3.70125681140072e-05	TYROBP/HLA-E/PIK3R1/KLRD1/LCK/B2M/LAT/FYN	8
T/NK	R-HSA-9613829	Chaperone Mediated Autophagy	7/256	21/10248	0.333333333333333	13.34375	9.0630583226263	4.82112016438797e-07	4.55060175516398e-05	4.55060175516398e-05	HSP90AB1/UBA52/HSP90AA1/EEF1A1/UBB/HSPA8/UBC	7
T/NK	R-HSA-5357956	TNFR1-induced NF-kappa-B signaling pathway	8/256	33/10248	0.242424242424242	9.70454545454546	8.01633799185919	1.09853846139428e-06	9.82324655741519e-05	9.82324655741519e-05	TRADD/UBA52/BIRC3/CYLD/TNFAIP3/UBB/UBC/RACK1	8
T/NK	R-HSA-389948	Co-inhibition by PD-1	16/256	152/10248	0.105263157894737	4.21381578947368	6.38940240969161	1.18513489142353e-06	0.000100677209026429	0.000100677209026429	IRF1/CD247/UBA52/CD3D/MYC/UBB/CD3G/LCK/STAT3/LEF1/UBC/JUN/CD3E/TCF7/FOSB/FOS	16
T/NK	R-HSA-1236977	Endosomal/Vacuolar pathway	5/256	11/10248	0.454545454545455	18.1960227272727	9.13335081677777	3.82220065067857e-06	0.000309234233595375	0.000309234233595375	HLA-E/HLA-C/HLA-B/B2M/HLA-A	5
T/NK	R-HSA-913531	Interferon Signaling	20/256	249/10248	0.0803212851405622	3.21536144578313	5.66445486700131	4.06025222647655e-06	0.000312179244475425	0.000312179244475425	IRF1/IFITM1/FLNA/UBA52/SOCS3/IFNG/HLA-E/GBP5/TUBA4A/UBB/HSPA8/STAT3/EIF2S3/HLA-C/HLA-B/B2M/SOCS1/UBC/NPM1/HLA-A	20
T/NK	R-HSA-164952	The role of Nef in HIV-1 replication and disease pathogenesis	7/256	28/10248	0.25	10.0078125	7.63950190440916	4.22608747671265e-06	0.000312179244475425	0.000312179244475425	CD247/LCK/CD28/B2M/HLA-A/FYN/CD8B	7
T/NK	R-HSA-1236974	ER-Phagosome pathway	11/256	82/10248	0.134146341463415	5.37004573170732	6.35930995827971	5.56506423006768e-06	0.0003782017650754	0.0003782017650754	UBA52/HLA-E/PSME1/UBB/PSMB9/HLA-C/HLA-B/B2M/UBC/HLA-A/HMGB1	11
T/NK	R-HSA-202424	Downstream TCR signaling	11/256	82/10248	0.134146341463415	5.37004573170732	6.35930995827971	5.56506423006768e-06	0.0003782017650754	0.0003782017650754	TRAT1/CD247/UBA52/CD3D/UBB/CD3G/PIK3R1/LCK/UBC/CD3E/NFKBIA	11
T/NK	R-HSA-162909	Host Interactions of HIV factors	13/256	116/10248	0.112068965517241	4.48626077586207	6.04412464207002	6.06526323824128e-06	0.00038390680549804	0.00038390680549804	CD247/UBA52/APOBEC3G/UBB/LCK/CD28/B2M/UBC/PSIP1/NPM1/HLA-A/FYN/CD8B	13
T/NK	R-HSA-9909649	Regulation of PD-L1(CD274) transcription	8/256	41/10248	0.195121951219512	7.8109756097561	6.99430125549101	6.35840853645558e-06	0.00038390680549804	0.00038390680549804	IRF1/MYC/STAT3/LEF1/JUN/TCF7/FOSB/FOS	8
T/NK	R-HSA-2029481	FCGR activation	5/256	12/10248	0.416666666666667	16.6796875	8.69871346263788	6.41895889823734e-06	0.00038390680549804	0.00038390680549804	CD247/FGR/CD3G/FCGR3A/FYN	5
T/NK	R-HSA-76002	Platelet activation, signaling and aggregation	20/256	257/10248	0.0778210116731518	3.11527237354086	5.4969339372426	6.55285306618196e-06	0.00038390680549804	0.00038390680549804	PRKCH/TGFB1/FLNA/PLEK/FCER1G/PFN1/TUBA4A/SOD1/RAC2/SRGN/RAP1B/PIK3R1/LCK/CTSW/LAT/GNG2/DGKA/FYN/CALM1/TMSB4X	20
T/NK	R-HSA-5218859	Regulated Necrosis	9/256	57/10248	0.157894736842105	6.32072368421053	6.44750772046893	1.03821352474879e-05	0.000587974926182734	0.000587974926182734	IRF1/TRADD/UBA52/HSP90AA1/BIRC3/UBB/GZMB/UBC/HMGB1	9
T/NK	R-HSA-9725371	Nuclear events stimulated by ALK signaling in cancer	7/256	33/10248	0.212121212121212	8.49147727272727	6.89917861766732	1.37028346936318e-05	0.000751003746596141	0.000751003746596141	JUNB/ZAP70/STAT3/GZMB/PRF1/ICOS/NPM1	7
T/NK	R-HSA-5357905	Regulation of TNFR1 signaling	8/256	48/10248	0.166666666666667	6.671875	6.3043355702478	2.1587749605576e-05	0.00114617458062105	0.00114617458062105	TRADD/UBA52/BIRC3/CYLD/TNFAIP3/UBB/UBC/RACK1	8
T/NK	R-HSA-9706369	Negative regulation of FLT3	5/256	15/10248	0.333333333333333	13.34375	7.65743639034027	2.28837547774596e-05	0.00117816664748193	0.00117816664748193	UBA52/FLT3LG/UBB/UBC/SLA2	5
T/NK	R-HSA-9705462	Inactivation of CSF3 (G-CSF) signaling	6/256	25/10248	0.24	9.6075	6.89683749875868	2.72234943905121e-05	0.00136037402851412	0.00136037402851412	UBA52/SOCS3/UBB/STAT3/SOCS1/UBC	6
T/NK	R-HSA-1236975	Antigen processing-Cross presentation	11/256	97/10248	0.11340206185567	4.53962628865979	5.6063602797739	2.84090815366084e-05	0.00137905798659136	0.00137905798659136	UBA52/HLA-E/PSME1/UBB/PSMB9/HLA-C/HLA-B/B2M/UBC/HLA-A/HMGB1	11
T/NK	R-HSA-389357	CD28 dependent PI3K/Akt signaling	6/256	27/10248	0.222222222222222	8.89583333333333	6.57544725779207	4.36317906092999e-05	0.00195005173483813	0.00195005173483813	MAP3K8/PIK3R1/THEM4/LCK/CD28/FYN	6
T/NK	R-HSA-9635486	Infection with Mycobacterium tuberculosis	6/256	27/10248	0.222222222222222	8.89583333333333	6.57544725779207	4.36317906092999e-05	0.00195005173483813	0.00195005173483813	UBA52/CORO1A/UBB/RNF213/B2M/UBC	6
T/NK	R-HSA-2454202	Fc epsilon receptor (FCERI) signaling	12/256	120/10248	0.1	4.003125	5.29656521651365	4.39622099251297e-05	0.00195005173483813	0.00195005173483813	UBA52/FCER1G/ITK/UBB/PIK3R1/UBC/JUN/LAT/FYN/CALM1/NFKBIA/FOS	12
T/NK	R-HSA-168928	DDX58/IFIH1-mediated induction of interferon-alpha/beta	9/256	68/10248	0.132352941176471	5.29825367647059	5.69199813020017	4.47628120416052e-05	0.00195005173483813	0.00195005173483813	HSP90AB1/UBA52/HSP90AA1/CYLD/TNFAIP3/UBB/UBC/HMGB1/NFKBIA	9
T/NK	R-HSA-2029480	Fcgamma receptor (FCGR) dependent phagocytosis	10/256	86/10248	0.116279069767442	4.65479651162791	5.44772241304863	5.2954820152021e-05	0.00219439608386058	0.00219439608386058	CD247/HSP90AB1/HSP90AA1/FGR/CD3G/PIK3R1/MYH9/WIPF1/FCGR3A/FYN	10
T/NK	R-HSA-9945266	Differentiation of T cells	10/256	86/10248	0.116279069767442	4.65479651162791	5.44772241304863	5.2954820152021e-05	0.00219439608386058	0.00219439608386058	IFNG/CCL3/RUNX3/CXCR3/ETS1/TBX21/TPST2/BATF/JUN/FOS	10
T/NK	R-HSA-168643	Nucleotide-binding domain, leucine rich repeat containing receptor (NLR) signaling pathways	8/256	56/10248	0.142857142857143	5.71875	5.66739409136397	6.83904784353891e-05	0.00276655768718395	0.00276655768718395	HSP90AB1/UBA52/BIRC3/CYLD/TXNIP/TNFAIP3/UBB/UBC	8
T/NK	R-HSA-9705671	SARS-CoV-2 activates/modulates innate and adaptive immune responses	11/256	108/10248	0.101851851851852	4.07725694444444	5.14575137484102	7.735895985531e-05	0.00289579947888445	0.00289579947888445	HSP90AB1/UBA52/HSP90AA1/HLA-E/UBB/G3BP2/HLA-C/HLA-B/B2M/UBC/HLA-A	11
T/NK	R-HSA-75893	TNF signaling	8/256	57/10248	0.140350877192982	5.61842105263158	5.59647656231121	7.78612283436178e-05	0.00289579947888445	0.00289579947888445	TRADD/UBA52/BIRC3/CYLD/TNFAIP3/UBB/UBC/RACK1	8
T/NK	R-HSA-1236382	Constitutive Signaling by Ligand-Responsive EGFR Cancer Variants	5/256	19/10248	0.263157894736842	10.5345394736842	6.65812693140177	8.16310193263309e-05	0.00289579947888445	0.00289579947888445	UBA52/HSP90AA1/UBB/PIK3R1/UBC	5
T/NK	R-HSA-5637815	Signaling by Ligand-Responsive EGFR Variants in Cancer	5/256	19/10248	0.263157894736842	10.5345394736842	6.65812693140177	8.16310193263309e-05	0.00289579947888445	0.00289579947888445	UBA52/HSP90AA1/UBB/PIK3R1/UBC	5
T/NK	R-HSA-9674555	Signaling by CSF3 (G-CSF)	6/256	30/10248	0.2	8.00625	6.15113765621321	8.21870705034922e-05	0.00289579947888445	0.00289579947888445	UBA52/SOCS3/UBB/STAT3/SOCS1/UBC	6
T/NK	R-HSA-202733	Cell surface interactions at the vascular wall	12/256	128/10248	0.09375	3.7529296875	5.01651350647861	8.2919467078742e-05	0.00289579947888445	0.00289579947888445	SELPLG/TGFB1/FCER1G/SPN/GYPC/PIK3R1/LCK/CD2/SELL/FYN/CD99/ITGB2	12
T/NK	R-HSA-5675221	Negative regulation of MAPK pathway	7/256	43/10248	0.162790697674419	6.51671511627907	5.80230319599223	8.35162886788333e-05	0.00289579947888445	0.00289579947888445	UBA52/DUSP4/DUSP2/UBB/PEBP1/UBC/DUSP1	7
T/NK	R-HSA-9680350	Signaling by CSF1 (M-CSF) in myeloid cells	6/256	31/10248	0.193548387096774	7.74798387096774	6.02261808830997	9.97993447207099e-05	0.00333414872037693	0.00333414872037693	UBA52/UBB/PIK3R1/STAT3/UBC/FYN	6
T/NK	R-HSA-72649	Translation initiation complex formation	8/256	59/10248	0.135593220338983	5.42796610169492	5.45954751753265	0.000100083334160814	0.00333414872037693	0.00333414872037693	FAU/EIF3F/EIF4B/EIF2S3/PABPC1/EIF3L/EIF3H/EIF3E	8
T/NK	R-HSA-877300	Interferon gamma signaling	10/256	93/10248	0.10752688172043	4.30443548387097	5.12378532575882	0.000103681481481481	0.00338759301994299	0.00338759301994299	IRF1/SOCS3/IFNG/HLA-E/GBP5/HLA-C/HLA-B/B2M/SOCS1/HLA-A	10
T/NK	R-HSA-72662	Activation of the mRNA upon binding of the cap-binding complex and eIFs, and subsequent binding to 43S	8/256	60/10248	0.133333333333333	5.3375	5.39340188901719	0.000113022146959213	0.00362310618271138	0.00362310618271138	FAU/EIF3F/EIF4B/EIF2S3/PABPC1/EIF3L/EIF3H/EIF3E	8
T/NK	R-HSA-5213460	RIPK1-mediated regulated necrosis	6/256	32/10248	0.1875	7.505859375	5.89971940575884	0.000120284763633432	0.00371570569842183	0.00371570569842183	TRADD/UBA52/HSP90AA1/BIRC3/UBB/UBC	6
T/NK	R-HSA-5675482	Regulation of necroptotic cell death	6/256	32/10248	0.1875	7.505859375	5.89971940575884	0.000120284763633432	0.00371570569842183	0.00371570569842183	TRADD/UBA52/HSP90AA1/BIRC3/UBB/UBC	6
T/NK	R-HSA-164938	Nef-mediates down modulation of cell surface receptors by recruiting them to clathrin adapters	5/256	21/10248	0.238095238095238	9.53125	6.26383524576451	0.000137123558166304	0.00416023080936698	0.00416023080936698	LCK/CD28/B2M/HLA-A/CD8B	5
T/NK	R-HSA-389356	Co-stimulation by CD28	7/256	48/10248	0.145833333333333	5.837890625	5.37735509900269	0.000171576207539518	0.00500661406231163	0.00500661406231163	MAP3K8/PIK3R1/THEM4/LCK/CD28/FYN/CTLA4	7
T/NK	R-HSA-1266695	Interleukin-7 signaling	5/256	22/10248	0.227272727272727	9.09801136363636	6.08595821363629	0.000173861229944901	0.00500661406231163	0.00500661406231163	IL7R/PIK3R1/CISH/STAT3/SOCS1	5
T/NK	R-HSA-912631	Regulation of signaling by CBL	5/256	22/10248	0.227272727272727	9.09801136363636	6.08595821363629	0.000173861229944901	0.00500661406231163	0.00500661406231163	UBA52/UBB/PIK3R1/UBC/FYN	5
T/NK	R-HSA-373755	Semaphorin interactions	8/256	64/10248	0.125	5.00390625	5.14288519716948	0.000179400914709293	0.00508003590151816	0.00508003590151816	ITGA1/HSP90AB1/PTPRC/HSP90AA1/TYROBP/MYH9/MYL12B/FYN	8
T/NK	R-HSA-5683057	MAPK family signaling cascades	19/256	302/10248	0.0629139072847682	2.51852235099338	4.28738585462093	0.000201500633809327	0.00554491997889886	0.00554491997889886	UBA52/DUSP4/FLT3LG/DUSP2/MYC/UBB/RAP1B/CCND3/PIK3R1/DNAJB1/PEBP1/ABHD17A/UBC/JUN/DUSP1/IL2RB/LAT/FYN/CALM1	19
T/NK	R-HSA-114604	GPVI-mediated activation cascade	6/256	35/10248	0.171428571428571	6.8625	5.56073693343888	0.00020234552012462	0.00554491997889886	0.00554491997889886	FCER1G/RAC2/PIK3R1/LCK/LAT/FYN	6
T/NK	R-HSA-9637690	Response of Mtb to phagocytosis	5/256	23/10248	0.217391304347826	8.70244565217391	5.91906406247	0.000217660706615549	0.00586056121770621	0.00586056121770621	UBA52/CORO1A/UBB/RNF213/UBC	5
T/NK	R-HSA-1227986	Signaling by ERBB2	7/256	50/10248	0.14	5.604375	5.22384549790995	0.000223076330224941	0.00586056121770621	0.00586056121770621	UBA52/HSP90AA1/MATK/UBB/PIK3R1/UBC/FYN	7
T/NK	R-HSA-9637687	Suppression of phagosomal maturation	4/256	13/10248	0.307692307692308	12.3173076923077	6.53526216634247	0.000227661589387057	0.00586056121770621	0.00586056121770621	UBA52/CORO1A/UBB/UBC	4
T/NK	R-HSA-209560	NF-kB is activated and signals survival	4/256	13/10248	0.307692307692308	12.3173076923077	6.53526216634247	0.000227661589387057	0.00586056121770621	0.00586056121770621	UBA52/UBB/UBC/NFKBIA	4
T/NK	R-HSA-168638	NOD1/2 Signaling Pathway	6/256	36/10248	0.166666666666667	6.671875	5.45650599188674	0.0002377916051808	0.00602996921197282	0.00602996921197282	UBA52/BIRC3/CYLD/TNFAIP3/UBB/UBC	6
T/NK	R-HSA-418594	G alpha (i) signalling events	18/256	282/10248	0.0638297872340425	2.55518617021277	4.23875813587303	0.000248298314706629	0.00620380642186122	0.00620380642186122	CCL4/CXCR6/GPSM3/CCL4L2/S1PR4/CXCR4/RGS1/CXCR3/CX3CR1/CCR7/GPR183/PDE4B/CAMK4/S1PR5/GNG2/CCR6/CCL5/CALM1	18
T/NK	R-HSA-8878159	Transcriptional regulation by RUNX3	9/256	85/10248	0.105882352941176	4.23860294117647	4.79897341532617	0.000258596280718604	0.00636746494117259	0.00636746494117259	TGFB1/UBA52/RUNX3/MYC/UBB/BRD2/LEF1/UBC/TCF7	9
T/NK	R-HSA-166016	Toll Like Receptor 4 (TLR4) Cascade	12/256	145/10248	0.0827586206896552	3.31293103448276	4.48966199341996	0.000271420483206689	0.00657481901459919	0.00657481901459919	UBA52/MAP3K8/BIRC3/DUSP4/UBB/SOCS1/UBC/JUN/ITGB2/HMGB1/NFKBIA/FOS	12
T/NK	R-HSA-168164	Toll Like Receptor 3 (TLR3) Cascade	10/256	105/10248	0.0952380952380952	3.8125	4.63656236783599	0.000284885968246436	0.00657481901459919	0.00657481901459919	UBA52/MAP3K8/BIRC3/DUSP4/UBB/UBC/JUN/HMGB1/NFKBIA/FOS	10
T/NK	R-HSA-9824439	Bacterial Infection Pathways	10/256	105/10248	0.0952380952380952	3.8125	4.63656236783599	0.000284885968246436	0.00657481901459919	0.00657481901459919	HSP90AB1/UBA52/HSP90AA1/CORO1A/UBB/EEF2/RNF213/B2M/UBC/CALM1	10
T/NK	R-HSA-9839923	Dengue Virus Infection	20/256	336/10248	0.0595238095238095	2.3828125	4.1251944691768	0.000286141675079775	0.00657481901459919	0.00657481901459919	HSP90AB1/UBA52/HSP90AA1/NACA/SRSF2/UBB/PIK3R1/HSPA8/FUS/HNRNPA1/CD300A/SNRPD2/UBC/PCBP1/BTF3/PABPC1/DDX5/SRSF7/SUN2/NFKBIA	20
T/NK	R-HSA-2559582	Senescence-Associated Secretory Phenotype (SASP)	7/256	52/10248	0.134615384615385	5.38882211538461	5.07839965044687	0.000286366455020801	0.00657481901459919	0.00657481901459919	UBA52/UBB/STAT3/UBC/JUN/CDKN1B/FOS	7
T/NK	R-HSA-5668541	TNFR2 non-canonical NF-kB pathway	9/256	87/10248	0.103448275862069	4.14116379310345	4.70949262982166	0.000308489397110407	0.00689523245393573	0.00689523245393573	CD40LG/CD27/UBA52/BIRC3/UBB/LTB/UBC/TNFRSF25/TNFRSF4	9
T/NK	R-HSA-3371568	Attenuation phase	4/256	14/10248	0.285714285714286	11.4375	6.25503779357567	0.0003124972919088	0.00689523245393573	0.00689523245393573	HSP90AB1/HSP90AA1/HSPA8/DNAJB1	4
T/NK	R-HSA-9956593	Enterobacterial factors antagonize host defense	4/256	14/10248	0.285714285714286	11.4375	6.25503779357567	0.0003124972919088	0.00689523245393573	0.00689523245393573	UBA52/UBB/UBC/CALM1	4
T/NK	R-HSA-1643713	Signaling by EGFR in Cancer	5/256	25/10248	0.2	8.00625	5.61382140292512	0.000329918623410066	0.00718630437402183	0.00718630437402183	UBA52/HSP90AA1/UBB/PIK3R1/UBC	5
T/NK	R-HSA-8848021	Signaling by PTK6	7/256	54/10248	0.12962962962963	5.18923611111111	4.94027974677461	0.000363336282075483	0.00771635429057808	0.00771635429057808	UBA52/SOCS3/UBB/NR3C1/STAT3/UBC/CDKN1B	7
T/NK	R-HSA-9006927	Signaling by Non-Receptor Tyrosine Kinases	7/256	54/10248	0.12962962962963	5.18923611111111	4.94027974677461	0.000363336282075483	0.00771635429057808	0.00771635429057808	UBA52/SOCS3/UBB/NR3C1/STAT3/UBC/CDKN1B	7
T/NK	R-HSA-9664323	FCGR3A-mediated IL10 synthesis	6/256	39/10248	0.153846153846154	6.15865384615385	5.16617634686324	0.000374118619356462	0.00784725350971147	0.00784725350971147	CD247/FGR/CD3G/FCGR3A/FYN/CALM1	6
T/NK	R-HSA-9648002	RAS processing	5/256	26/10248	0.192307692307692	7.69831730769231	5.47364453662397	0.000400219388412023	0.0081924426615907	0.0081924426615907	UBA52/UBB/ABHD17A/UBC/CALM1	5
T/NK	R-HSA-2173788	Downregulation of TGF-beta receptor signaling	5/256	26/10248	0.192307692307692	7.69831730769231	5.47364453662397	0.000400219388412023	0.0081924426615907	0.0081924426615907	TGFB1/UBA52/UBB/PPP1R15A/UBC	5
T/NK	R-HSA-166166	MyD88-independent TLR4 cascade	10/256	110/10248	0.0909090909090909	3.63920454545455	4.45436075964753	0.000415301857665391	0.0083011512491	0.0083011512491	UBA52/MAP3K8/BIRC3/DUSP4/UBB/UBC/JUN/HMGB1/NFKBIA/FOS	10
T/NK	R-HSA-937061	TRIF (TICAM1)-mediated TLR4 signaling	10/256	110/10248	0.0909090909090909	3.63920454545455	4.45436075964753	0.000415301857665391	0.0083011512491	0.0083011512491	UBA52/MAP3K8/BIRC3/DUSP4/UBB/UBC/JUN/HMGB1/NFKBIA/FOS	10
T/NK	R-HSA-3371497	HSP90 chaperone cycle for steroid hormone receptors (SHR) in the presence of ligand	7/256	56/10248	0.125	5.00390625	4.80884018513913	0.000456044627289475	0.00900953281121881	0.00900953281121881	HSP90AB1/HSP90AA1/TUBA4A/NR3C1/HSPA8/DNAJB1/DNAJA1	7
T/NK	R-HSA-9692914	SARS-CoV-1-host interactions	9/256	92/10248	0.0978260869565217	3.91610054347826	4.49704464888135	0.000468910898524357	0.00908515754717106	0.00908515754717107	UBA52/EEF1A1/FAU/UBB/HNRNPA1/UBC/NPM1/RCAN3/NFKBIA	9
T/NK	R-HSA-166058	MyD88:MAL(TIRAP) cascade initiated on plasma membrane	10/256	112/10248	0.0892857142857143	3.57421875	4.38443158553966	0.000479800840552664	0.00908515754717106	0.00908515754717107	UBA52/MAP3K8/DUSP4/UBB/SOCS1/UBC/JUN/HMGB1/NFKBIA/FOS	10
T/NK	R-HSA-168188	Toll Like Receptor TLR6:TLR2 Cascade	10/256	112/10248	0.0892857142857143	3.57421875	4.38443158553966	0.000479800840552664	0.00908515754717106	0.00908515754717107	UBA52/MAP3K8/DUSP4/UBB/SOCS1/UBC/JUN/HMGB1/NFKBIA/FOS	10
T/NK	R-HSA-9682385	FLT3 signaling in disease	5/256	27/10248	0.185185185185185	7.41319444444444	5.34074366101229	0.000481262024276278	0.00908515754717106	0.00908515754717107	UBA52/FLT3LG/UBB/PIK3R1/UBC	5
T/NK	R-HSA-9909648	Regulation of PD-L1(CD274) expression	11/256	134/10248	0.082089552238806	3.2861473880597	4.26370637205281	0.000521067321265301	0.00967564576659095	0.00967564576659095	IRF1/UBA52/MYC/UBB/STAT3/LEF1/UBC/JUN/TCF7/FOSB/FOS	11
T/NK	R-HSA-6798695	Neutrophil degranulation	24/256	462/10248	0.051948051948052	2.07954545454545	3.800593780211	0.000541598075440563	0.00967564576659095	0.00967564576659095	HSP90AB1/PTPRC/HSP90AA1/TYROBP/EEF1A1/FCER1G/FGR/TBC1D10C/RAP1B/HSPA8/EEF2/CNN2/PLAC8/SLC2A3/ADGRE5/HLA-C/BIN2/CD300A/HLA-B/B2M/SELL/ITGB2/YPEL5/HMGB1	24
T/NK	R-HSA-5684264	MAP3K8 (TPL2)-dependent MAPK1/3 activation	4/256	16/10248	0.25	10.0078125	5.77153324107362	0.000546211966112575	0.00967564576659095	0.00967564576659095	UBA52/MAP3K8/UBB/UBC	4
T/NK	R-HSA-2173791	TGF-beta receptor signaling in EMT (epithelial to mesenchymal transition)	4/256	16/10248	0.25	10.0078125	5.77153324107362	0.000546211966112575	0.00967564576659095	0.00967564576659095	TGFB1/UBA52/UBB/UBC	4
T/NK	R-HSA-193639	p75NTR signals via NF-kB	4/256	16/10248	0.25	10.0078125	5.77153324107362	0.000546211966112575	0.00967564576659095	0.00967564576659095	UBA52/UBB/UBC/NFKBIA	4
T/NK	R-HSA-168179	Toll Like Receptor TLR1:TLR2 Cascade	10/256	114/10248	0.087719298245614	3.51151315789474	4.31608085140482	0.000552405908981355	0.00967564576659095	0.00967564576659095	UBA52/MAP3K8/DUSP4/UBB/SOCS1/UBC/JUN/HMGB1/NFKBIA/FOS	10
T/NK	R-HSA-181438	Toll Like Receptor 2 (TLR2) Cascade	10/256	114/10248	0.087719298245614	3.51151315789474	4.31608085140482	0.000552405908981355	0.00967564576659095	0.00967564576659095	UBA52/MAP3K8/DUSP4/UBB/SOCS1/UBC/JUN/HMGB1/NFKBIA/FOS	10
T/NK	R-HSA-9662851	Anti-inflammatory response favouring Leishmania parasite infection	8/256	76/10248	0.105263157894737	4.21381578947368	4.50108006870797	0.000590742662353523	0.0100968741749712	0.0100968741749712	CD247/FGR/CD3G/MYH9/FCGR3A/GNG2/FYN/CALM1	8
T/NK	R-HSA-9664433	Leishmania parasite growth and survival	8/256	76/10248	0.105263157894737	4.21381578947368	4.50108006870797	0.000590742662353523	0.0100968741749712	0.0100968741749712	CD247/FGR/CD3G/MYH9/FCGR3A/GNG2/FYN/CALM1	8
T/NK	R-HSA-9658195	Leishmania infection	12/256	159/10248	0.0754716981132075	3.02122641509434	4.11132306367742	0.000628853037908246	0.0100968741749712	0.0100968741749712	CD247/HSP90AB1/TXNIP/FGR/CD3G/MYH9/WIPF1/JUN/FCGR3A/GNG2/FYN/CALM1	12
T/NK	R-HSA-9824443	Parasitic Infection Pathways	12/256	159/10248	0.0754716981132075	3.02122641509434	4.11132306367742	0.000628853037908246	0.0100968741749712	0.0100968741749712	CD247/HSP90AB1/TXNIP/FGR/CD3G/MYH9/WIPF1/JUN/FCGR3A/GNG2/FYN/CALM1	12
T/NK	R-HSA-9664407	Parasite infection	7/256	59/10248	0.11864406779661	4.74947033898305	4.62298287997771	0.000629535396823007	0.0100968741749712	0.0100968741749712	CD247/FGR/CD3G/MYH9/WIPF1/FCGR3A/FYN	7
T/NK	R-HSA-9664417	Leishmania phagocytosis	7/256	59/10248	0.11864406779661	4.74947033898305	4.62298287997771	0.000629535396823007	0.0100968741749712	0.0100968741749712	CD247/FGR/CD3G/MYH9/WIPF1/FCGR3A/FYN	7
T/NK	R-HSA-9664422	FCGR3A-mediated phagocytosis	7/256	59/10248	0.11864406779661	4.74947033898305	4.62298287997771	0.000629535396823007	0.0100968741749712	0.0100968741749712	CD247/FGR/CD3G/MYH9/WIPF1/FCGR3A/FYN	7
T/NK	R-HSA-72702	Ribosomal scanning and start codon recognition	7/256	59/10248	0.11864406779661	4.74947033898305	4.62298287997771	0.000629535396823007	0.0100968741749712	0.0100968741749712	FAU/EIF3F/EIF4B/EIF2S3/EIF3L/EIF3H/EIF3E	7
T/NK	R-HSA-168142	Toll Like Receptor 10 (TLR10) Cascade	9/256	96/10248	0.09375	3.7529296875	4.33757572046532	0.000641826021716825	0.0100968741749712	0.0100968741749712	UBA52/MAP3K8/DUSP4/UBB/UBC/JUN/HMGB1/NFKBIA/FOS	9
T/NK	R-HSA-168176	Toll Like Receptor 5 (TLR5) Cascade	9/256	96/10248	0.09375	3.7529296875	4.33757572046532	0.000641826021716825	0.0100968741749712	0.0100968741749712	UBA52/MAP3K8/DUSP4/UBB/UBC/JUN/HMGB1/NFKBIA/FOS	9
T/NK	R-HSA-975871	MyD88 cascade initiated on plasma membrane	9/256	96/10248	0.09375	3.7529296875	4.33757572046532	0.000641826021716825	0.0100968741749712	0.0100968741749712	UBA52/MAP3K8/DUSP4/UBB/UBC/JUN/HMGB1/NFKBIA/FOS	9
T/NK	R-HSA-8863795	Downregulation of ERBB2 signaling	5/256	29/10248	0.172413793103448	6.90193965517241	5.09426698539219	0.000679671193848549	0.0104978305304426	0.0104978305304426	UBA52/HSP90AA1/MATK/UBB/UBC	5
T/NK	R-HSA-983170	Antigen Presentation: Folding, assembly and peptide loading of class I MHC	5/256	29/10248	0.172413793103448	6.90193965517241	5.09426698539219	0.000679671193848549	0.0104978305304426	0.0104978305304426	HLA-E/HLA-C/HLA-B/B2M/HLA-A	5
T/NK	R-HSA-9705683	SARS-CoV-2-host interactions	13/256	185/10248	0.0702702702702703	2.81300675675676	3.98303101858323	0.000742632507941409	0.0113669606395717	0.0113669606395717	HSP90AB1/UBA52/HSP90AA1/HLA-E/FAU/UBB/G3BP2/HLA-C/HLA-B/SNRPD2/B2M/UBC/HLA-A	13
T/NK	R-HSA-2029482	Regulation of actin dynamics for phagocytic cup formation	7/256	61/10248	0.114754098360656	4.59375	4.50590223474822	0.000771700161238023	0.0117064158387804	0.0117064158387804	CD247/HSP90AB1/HSP90AA1/CD3G/MYH9/WIPF1/FCGR3A	7
T/NK	R-HSA-9825892	Regulation of MITF-M-dependent genes involved in cell cycle and proliferation	4/256	18/10248	0.222222222222222	8.89583333333333	5.36646802888853	0.00088291064864152	0.013274913203911	0.013274913203911	HINT1/CDC25B/LEF1/TCF7	4
T/NK	R-HSA-450294	MAP kinase activation	7/256	63/10248	0.111111111111111	4.44791666666667	4.39378353294076	0.000938123571762418	0.0139813328809153	0.0139813328809153	UBA52/MAP3K8/DUSP4/UBB/UBC/JUN/FOS	7
T/NK	R-HSA-9918487	Dengue Virus Genome Translation and Replication	8/256	82/10248	0.0975609756097561	3.90548780487805	4.22807875834347	0.000982024692496218	0.0145083474134876	0.0145083474134876	UBA52/NACA/UBB/HSPA8/UBC/BTF3/PABPC1/SUN2	8
T/NK	R-HSA-975138	TRAF6 mediated induction of NFkB and MAP kinases upon TLR7/8 or 9 activation	9/256	102/10248	0.0882352941176471	3.53216911764706	4.1137462820416	0.000996012068404237	0.0145881422777483	0.0145881422777483	UBA52/MAP3K8/DUSP4/UBB/UBC/JUN/HMGB1/NFKBIA/FOS	9
T/NK	R-HSA-9679506	SARS-CoV Infections	21/256	399/10248	0.0526315789473684	2.10690789473684	3.60989028088252	0.00102197560013133	0.0146341709349994	0.0146341709349994	HSP90AB1/UBA52/HSP90AA1/HLA-E/EEF1A1/FAU/UBB/G3BP2/NR3C1/HNRNPA1/HLA-C/S1PR1/HLA-B/SNRPD2/B2M/UBC/NPM1/DDX5/HLA-A/RCAN3/NFKBIA	21
T/NK	R-HSA-162906	HIV Infection	14/256	216/10248	0.0648148148148148	2.59461805555556	3.79124568586818	0.00103927078327321	0.0146341709349994	0.0146341709349994	CD247/UBA52/APOBEC3G/UBB/CXCR4/LCK/CD28/B2M/UBC/PSIP1/NPM1/HLA-A/FYN/CD8B	14
T/NK	R-HSA-69231	Cyclin D associated events in G1	6/256	47/10248	0.127659574468085	5.11037234042553	4.52064972477424	0.00104222170873157	0.0146341709349994	0.0146341709349994	UBA52/UBB/CCND3/UBC/RBL2/CDKN1B	6
T/NK	R-HSA-69236	G1 Phase	6/256	47/10248	0.127659574468085	5.11037234042553	4.52064972477424	0.00104222170873157	0.0146341709349994	0.0146341709349994	UBA52/UBB/CCND3/UBC/RBL2/CDKN1B	6
T/NK	R-HSA-512988	Interleukin-3, Interleukin-5 and GM-CSF signaling	6/256	47/10248	0.127659574468085	5.11037234042553	4.52064972477424	0.00104222170873157	0.0146341709349994	0.0146341709349994	UBA52/UBB/PIK3R1/UBC/IL2RB/FYN	6
T/NK	R-HSA-2219530	Constitutive Signaling by Aberrant PI3K in Cancer	8/256	83/10248	0.0963855421686747	3.85843373493976	4.18509789815493	0.00106377811014539	0.0147533242893196	0.0147533242893196	TRAT1/FLT3LG/RAC2/PIK3R1/LCK/CD28/ICOS/FYN	8
T/NK	R-HSA-975155	MyD88 dependent cascade initiated on endosome	9/256	103/10248	0.087378640776699	3.49787621359223	4.07807902359144	0.00106807468368823	0.0147533242893196	0.0147533242893196	UBA52/MAP3K8/DUSP4/UBB/UBC/JUN/HMGB1/NFKBIA/FOS	9
T/NK	R-HSA-168898	Toll-like Receptor Cascades	12/256	169/10248	0.0710059171597633	2.84245562130178	3.86566133736117	0.00107697664708543	0.0147563171241786	0.0147563171241786	UBA52/MAP3K8/BIRC3/DUSP4/UBB/SOCS1/UBC/JUN/ITGB2/HMGB1/NFKBIA/FOS	12
T/NK	R-HSA-8876725	Protein methylation	4/256	19/10248	0.210526315789474	8.42763157894737	5.18683823050033	0.0010965852164589	0.0147864943076482	0.0147864943076482	EEF1A1/HSPA8/EEF2/CALM1	4
T/NK	R-HSA-168927	TICAM1, RIP1-mediated IKK complex recruitment	4/256	19/10248	0.210526315789474	8.42763157894737	5.18683823050033	0.0010965852164589	0.0147864943076482	0.0147864943076482	UBA52/BIRC3/UBB/UBC	4
T/NK	R-HSA-114608	Platelet degranulation	10/256	126/10248	0.0793650793650794	3.17708333333333	3.93567562648089	0.00120452987452788	0.0161141437545108	0.0161141437545108	TGFB1/FLNA/PLEK/PFN1/TUBA4A/SOD1/SRGN/CTSW/CALM1/TMSB4X	10
T/NK	R-HSA-156827	L13a-mediated translational silencing of Ceruloplasmin expression	9/256	105/10248	0.0857142857142857	3.43125	4.008050580196	0.00122487386689349	0.016258286717594	0.016258286717594	UBA52/FAU/EIF3F/EIF4B/EIF2S3/PABPC1/EIF3L/EIF3H/EIF3E	9
T/NK	R-HSA-9770562	mRNA Polyadenylation	10/256	127/10248	0.078740157480315	3.15206692913386	3.90605235298381	0.00127938731794028	0.0168502252184537	0.0168502252184537	UBA52/SRSF2/UBB/FUS/HNRNPA1/SNRPD2/UBC/PCBP1/DDX5/SRSF7	10
T/NK	R-HSA-168181	Toll Like Receptor 7/8 (TLR7/8) Cascade	9/256	106/10248	0.0849056603773585	3.39887971698113	3.97366947339794	0.00130996539027928	0.0171202399852654	0.0171202399852654	UBA52/MAP3K8/DUSP4/UBB/UBC/JUN/HMGB1/NFKBIA/FOS	9
T/NK	R-HSA-9669938	Signaling by KIT in disease	4/256	20/10248	0.2	8.00625	5.01992705211431	0.00134407270362265	0.0172998448746581	0.0172998448746581	PIK3R1/LCK/STAT3/FYN	4
T/NK	R-HSA-9670439	Signaling by phosphorylated juxtamembrane, extracellular and kinase domain KIT mutants	4/256	20/10248	0.2	8.00625	5.01992705211431	0.00134407270362265	0.0172998448746581	0.0172998448746581	PIK3R1/LCK/STAT3/FYN	4
T/NK	R-HSA-936440	Negative regulators of DDX58/IFIH1 signaling	5/256	34/10248	0.147058823529412	5.88694852941176	4.56847691576192	0.00143858069375728	0.0183770571330348	0.0183770571330348	UBA52/CYLD/TNFAIP3/UBB/UBC	5
T/NK	R-HSA-2219528	PI3K/AKT Signaling in Cancer	9/256	109/10248	0.0825688073394495	3.30533256880734	3.8729457294328	0.00159422303697632	0.0200635921468353	0.0200635921468353	TRAT1/FLT3LG/RAC2/PIK3R1/LCK/CD28/ICOS/CDKN1B/FYN	9
T/NK	R-HSA-168138	Toll Like Receptor 9 (TLR9) Cascade	9/256	109/10248	0.0825688073394495	3.30533256880734	3.8729457294328	0.00159422303697632	0.0200635921468353	0.0200635921468353	UBA52/MAP3K8/DUSP4/UBB/UBC/JUN/HMGB1/NFKBIA/FOS	9
T/NK	R-HSA-76005	Response to elevated platelet cytosolic Ca2+	10/256	131/10248	0.0763358778625954	3.05582061068702	3.79041818254346	0.00161773000349892	0.0201302362644336	0.0201302362644336	TGFB1/FLNA/PLEK/PFN1/TUBA4A/SOD1/SRGN/CTSW/CALM1/TMSB4X	10
T/NK	R-HSA-937042	IRAK2 mediated activation of TAK1 complex	3/256	10/10248	0.3	12.009375	5.57503040572301	0.00162321504898611	0.0201302362644336	0.0201302362644336	UBA52/UBB/UBC	3
T/NK	R-HSA-448424	Interleukin-17 signaling	7/256	70/10248	0.1	4.003125	4.03536984342847	0.0017533503756936	0.0215865383210393	0.0215865383210393	UBA52/MAP3K8/DUSP4/UBB/UBC/JUN/FOS	7
T/NK	R-HSA-72695	Formation of the ternary complex, and subsequently, the 43S complex	6/256	52/10248	0.115384615384615	4.61899038461538	4.18761094002342	0.00178110987227775	0.0217705444100712	0.0217705444100712	FAU/EIF3F/EIF2S3/EIF3L/EIF3H/EIF3E	6
T/NK	R-HSA-2173796	SMAD2/SMAD3:SMAD4 heterotrimer regulates transcription	5/256	36/10248	0.138888888888889	5.55989583333333	4.38675022580059	0.00187152767713401	0.0227123251675048	0.0227123251675048	JUNB/UBA52/MYC/UBB/UBC	5
T/NK	R-HSA-982772	Growth hormone receptor signaling	4/256	22/10248	0.181818181818182	7.27840909090909	4.71845909564504	0.00195121618404828	0.0235114630971491	0.0235114630971491	SOCS3/CISH/STAT3/SOCS1	4
T/NK	R-HSA-72613	Eukaryotic Translation Initiation	9/256	113/10248	0.079646017699115	3.1883296460177	3.74396885428714	0.00204812497692257	0.024334016334206	0.024334016334206	UBA52/FAU/EIF3F/EIF4B/EIF2S3/PABPC1/EIF3L/EIF3H/EIF3E	9
T/NK	R-HSA-72737	Cap-dependent Translation Initiation	9/256	113/10248	0.079646017699115	3.1883296460177	3.74396885428714	0.00204812497692257	0.024334016334206	0.024334016334206	UBA52/FAU/EIF3F/EIF4B/EIF2S3/PABPC1/EIF3L/EIF3H/EIF3E	9
T/NK	R-HSA-9692916	SARS-CoV-1 activates/modulates innate immune responses	5/256	37/10248	0.135135135135135	5.40962837837838	4.3009149332817	0.0021205246447445	0.0246515821072383	0.0246515821072383	UBA52/UBB/UBC/RCAN3/NFKBIA	5
T/NK	R-HSA-373076	Class A/1 (Rhodopsin-like receptors)	16/256	286/10248	0.0559440559440559	2.23951048951049	3.40292276626529	0.00218855425028287	0.0246515821072383	0.0246515821072383	XCL1/CCL3/CCL4/XCL2/CXCR6/PTGDR/S1PR4/CXCR4/CXCR3/CX3CR1/CCR7/GPR183/S1PR1/S1PR5/CCR6/CCL5	16
T/NK	R-HSA-9828211	Regulation of TBK1, IKKε-mediated activation of IRF3, IRF7 upon TLR3 ligation	3/256	11/10248	0.272727272727273	10.9176136363636	5.26755785583532	0.00219092931029605	0.0246515821072383	0.0246515821072383	UBA52/UBB/UBC	3
T/NK	R-HSA-9014325	TICAM1,TRAF6-dependent induction of TAK1 complex	3/256	11/10248	0.272727272727273	10.9176136363636	5.26755785583532	0.00219092931029605	0.0246515821072383	0.0246515821072383	UBA52/UBB/UBC	3
T/NK	R-HSA-9645460	Alpha-protein kinase 1 signaling pathway	3/256	11/10248	0.272727272727273	10.9176136363636	5.26755785583532	0.00219092931029605	0.0246515821072383	0.0246515821072383	UBA52/UBB/UBC	3
T/NK	R-HSA-5689877	Josephin domain DUBs	3/256	11/10248	0.272727272727273	10.9176136363636	5.26755785583532	0.00219092931029605	0.0246515821072383	0.0246515821072383	UBA52/UBB/UBC	3
T/NK	R-HSA-9664873	Pexophagy	3/256	11/10248	0.272727272727273	10.9176136363636	5.26755785583532	0.00219092931029605	0.0246515821072383	0.0246515821072383	UBA52/UBB/UBC	3
T/NK	R-HSA-9708530	Regulation of BACH1 activity	3/256	11/10248	0.272727272727273	10.9176136363636	5.26755785583532	0.00219092931029605	0.0246515821072383	0.0246515821072383	UBA52/UBB/UBC	3
T/NK	R-HSA-5673001	RAF/MAP kinase cascade	15/256	260/10248	0.0576923076923077	2.30949519230769	3.42328812453034	0.00222216222947714	0.0248385107097478	0.0248385107097478	UBA52/DUSP4/FLT3LG/DUSP2/UBB/RAP1B/PIK3R1/PEBP1/ABHD17A/UBC/DUSP1/IL2RB/LAT/FYN/CALM1	15
T/NK	R-HSA-5687128	MAPK6/MAPK4 signaling	7/256	73/10248	0.0958904109589041	3.83861301369863	3.89576318025184	0.00223709867338792	0.0248420303665756	0.0248420303665756	UBA52/MYC/UBB/CCND3/DNAJB1/UBC/JUN	7
T/NK	R-HSA-5627123	RHO GTPases activate PAKs	4/256	23/10248	0.173913043478261	6.96195652173913	4.58155814184483	0.00231617523192886	0.0255531280457606	0.0255531280457606	FLNA/MYH9/MYL12B/CALM1	4
T/NK	R-HSA-9678108	SARS-CoV-1 Infection	10/256	138/10248	0.072463768115942	2.9008152173913	3.59828868889511	0.00238232566647073	0.0260604870777888	0.0260604870777888	UBA52/EEF1A1/FAU/UBB/HNRNPA1/UBC/NPM1/DDX5/RCAN3/NFKBIA	10
T/NK	R-HSA-8950505	Gene and protein expression by JAK-STAT signaling after Interleukin-12 stimulation	5/256	38/10248	0.131578947368421	5.2672697368421	4.21814166308978	0.00239284048507066	0.0260604870777888	0.0260604870777888	IFNG/PDCD4/SOD1/RAP1B/CNN2	5
T/NK	R-HSA-8939211	ESR-mediated signaling	11/256	162/10248	0.0679012345679012	2.7181712962963	3.52822784309203	0.00245528602004811	0.0265702608156798	0.0265702608156798	HSP90AB1/HSP90AA1/MYC/PIK3R1/JUN/CDKN1B/DDX5/GNG2/FOSB/CALM1/FOS	11
T/NK	R-HSA-69656	Cyclin A:Cdk2-associated events at S phase entry	7/256	75/10248	0.0933333333333333	3.73625	3.80674706965803	0.00261279253014638	0.0280957880298652	0.0280957880298652	UBA52/CDC25B/MYC/UBB/UBC/RBL2/CDKN1B	7
T/NK	R-HSA-937041	IKK complex recruitment mediated by RIP1	4/256	24/10248	0.166666666666667	6.671875	4.45260315371278	0.0027255343587934	0.0289417679724374	0.0289417679724374	UBA52/BIRC3/UBB/UBC	4
T/NK	R-HSA-3371571	HSF1-dependent transactivation	4/256	24/10248	0.166666666666667	6.671875	4.45260315371278	0.0027255343587934	0.0289417679724374	0.0289417679724374	HSP90AB1/HSP90AA1/HSPA8/DNAJB1	4
T/NK	R-HSA-199418	Negative regulation of the PI3K/AKT network	9/256	118/10248	0.076271186440678	3.05323093220339	3.59059331017043	0.00275449855698524	0.0290099291041932	0.0290099291041932	TRAT1/FLT3LG/RAC2/PIK3R1/THEM4/LCK/CD28/ICOS/FYN	9
T/NK	R-HSA-5684996	MAPK1/MAPK3 signaling	15/256	266/10248	0.056390977443609	2.25740131578947	3.3258149722674	0.00276610271623267	0.0290099291041932	0.0290099291041932	UBA52/DUSP4/FLT3LG/DUSP2/UBB/RAP1B/PIK3R1/PEBP1/ABHD17A/UBC/DUSP1/IL2RB/LAT/FYN/CALM1	15
T/NK	R-HSA-447115	Interleukin-12 family signaling	6/256	57/10248	0.105263157894737	4.21381578947368	3.89441424599576	0.00286224495659376	0.0295281435674285	0.0295281435674285	IFNG/PDCD4/SOD1/RAP1B/CNN2/STAT3	6
T/NK	R-HSA-3371511	HSF1 activation	3/256	12/10248	0.25	10.0078125	4.99731769926332	0.00286765373079794	0.0295281435674285	0.0295281435674285	HSP90AB1/HSP90AA1/EEF1A1	3
T/NK	R-HSA-389359	CD28 dependent Vav1 pathway	3/256	12/10248	0.25	10.0078125	4.99731769926332	0.00286765373079794	0.0295281435674285	0.0295281435674285	LCK/CD28/FYN	3
T/NK	R-HSA-5357786	TNFR1-induced proapoptotic signaling	4/256	25/10248	0.16	6.405	4.33080530709156	0.00318184211791403	0.0323709566367422	0.0323709566367422	TRADD/BIRC3/CYLD/TNFAIP3	4
T/NK	R-HSA-2029485	Role of phospholipids in phagocytosis	4/256	25/10248	0.16	6.405	4.33080530709156	0.00318184211791403	0.0323709566367422	0.0323709566367422	CD247/CD3G/PIK3R1/FCGR3A	4
T/NK	R-HSA-450408	AUF1 (hnRNP D0) binds and destabilizes mRNA	5/256	41/10248	0.121951219512195	4.88185975609756	3.98634470615664	0.00336207945790304	0.0340010297558171	0.0340010297558171	UBA52/UBB/HSPA8/UBC/PABPC1	5
T/NK	R-HSA-9006925	Intracellular signaling by second messengers	16/256	300/10248	0.0533333333333333	2.135	3.19360161085782	0.00351794692861158	0.0353668155722549	0.0353668155722549	TRAT1/UBA52/FLT3LG/RAC2/UBB/PIK3R1/THEM4/LCK/CD28/UBC/CAMK4/ICOS/JUN/CDKN1B/FYN/CALM1	16
T/NK	R-HSA-1358803	Downregulation of ERBB2:ERBB3 signaling	3/256	13/10248	0.230769230769231	9.23798076923077	4.75708229482915	0.00365965137322121	0.0359407380526175	0.0359407380526175	UBA52/UBB/UBC	3
T/NK	R-HSA-9013973	TICAM1-dependent activation of IRF3/IRF7	3/256	13/10248	0.230769230769231	9.23798076923077	4.75708229482915	0.00365965137322121	0.0359407380526175	0.0359407380526175	UBA52/UBB/UBC	3
T/NK	R-HSA-209543	p75NTR recruits signalling complexes	3/256	13/10248	0.230769230769231	9.23798076923077	4.75708229482915	0.00365965137322121	0.0359407380526175	0.0359407380526175	UBA52/UBB/UBC	3
T/NK	R-HSA-975110	TRAF6 mediated IRF7 activation in TLR7/8 or 9 signaling	3/256	13/10248	0.230769230769231	9.23798076923077	4.75708229482915	0.00365965137322121	0.0359407380526175	0.0359407380526175	UBA52/UBB/UBC	3
T/NK	R-HSA-9646399	Aggrephagy	5/256	42/10248	0.119047619047619	4.765625	3.91404730185161	0.00374005813207071	0.0365193032551042	0.0365193032551042	UBA52/HSP90AA1/TUBA4A/UBB/UBC	5
T/NK	R-HSA-1433557	Signaling by SCF-KIT	5/256	43/10248	0.116279069767442	4.65479651162791	3.84399720361545	0.00414754976097901	0.0400379945676326	0.0400379945676326	PIK3R1/LCK/STAT3/SOCS1/FYN	5
T/NK	R-HSA-3769402	Deactivation of the beta-catenin transactivating complex	5/256	43/10248	0.116279069767442	4.65479651162791	3.84399720361545	0.00414754976097901	0.0400379945676326	0.0400379945676326	UBA52/UBB/LEF1/UBC/TCF7	5
T/NK	R-HSA-375276	Peptide ligand-binding receptors	11/256	174/10248	0.0632183908045977	2.53071120689655	3.25956053376981	0.00425234588533998	0.0408177155886589	0.0408177155886589	XCL1/CCL3/CCL4/XCL2/CXCR6/CXCR4/CXCR3/CX3CR1/CCR7/CCR6/CCL5	11
T/NK	R-HSA-450531	Regulation of mRNA stability by proteins that bind AU-rich elements	6/256	62/10248	0.0967741935483871	3.87399193548387	3.63305265318148	0.00437260813268957	0.0412235370008692	0.0412235370008692	UBA52/UBB/HSPA8/ZFP36/UBC/PABPC1	6
T/NK	R-HSA-72187	mRNA 3'-end processing	10/256	151/10248	0.0662251655629139	2.6510761589404	3.27153476695595	0.00455576081329234	0.0412235370008692	0.0412235370008692	UBA52/SRSF2/UBB/FUS/HNRNPA1/SNRPD2/UBC/PCBP1/DDX5/SRSF7	10
T/NK	R-HSA-6804760	Regulation of TP53 Activity through Methylation	3/256	14/10248	0.214285714285714	8.578125	4.54145708066497	0.0045725115772155	0.0412235370008692	0.0412235370008692	UBA52/UBB/UBC	3
T/NK	R-HSA-3134975	Regulation of innate immune responses to cytosolic DNA	3/256	14/10248	0.214285714285714	8.578125	4.54145708066497	0.0045725115772155	0.0412235370008692	0.0412235370008692	UBA52/UBB/UBC	3
T/NK	R-HSA-937039	IRAK1 recruits IKK complex	3/256	14/10248	0.214285714285714	8.578125	4.54145708066497	0.0045725115772155	0.0412235370008692	0.0412235370008692	UBA52/UBB/UBC	3
T/NK	R-HSA-975144	IRAK1 recruits IKK complex upon TLR7/8 or 9 stimulation	3/256	14/10248	0.214285714285714	8.578125	4.54145708066497	0.0045725115772155	0.0412235370008692	0.0412235370008692	UBA52/UBB/UBC	3
T/NK	R-HSA-174490	Membrane binding and targetting of GAG proteins	3/256	14/10248	0.214285714285714	8.578125	4.54145708066497	0.0045725115772155	0.0412235370008692	0.0412235370008692	UBA52/UBB/UBC	3
T/NK	R-HSA-174495	Synthesis And Processing Of GAG, GAGPOL Polyproteins	3/256	14/10248	0.214285714285714	8.578125	4.54145708066497	0.0045725115772155	0.0412235370008692	0.0412235370008692	UBA52/UBB/UBC	3
T/NK	R-HSA-419408	Lysosphingolipid and LPA receptors	3/256	14/10248	0.214285714285714	8.578125	4.54145708066497	0.0045725115772155	0.0412235370008692	0.0412235370008692	S1PR4/S1PR1/S1PR5	3
T/NK	R-HSA-3322077	Glycogen synthesis	3/256	14/10248	0.214285714285714	8.578125	4.54145708066497	0.0045725115772155	0.0412235370008692	0.0412235370008692	UBA52/UBB/UBC	3
T/NK	R-HSA-877312	Regulation of IFNG signaling	3/256	14/10248	0.214285714285714	8.578125	4.54145708066497	0.0045725115772155	0.0412235370008692	0.0412235370008692	SOCS3/IFNG/SOCS1	3
T/NK	R-HSA-445989	TAK1-dependent IKK and NF-kappa-B activation	5/256	44/10248	0.113636363636364	4.54900568181818	3.77606921247958	0.00458578486943159	0.0412235370008692	0.0412235370008692	UBA52/UBB/UBC/HMGB1/NFKBIA	5
T/NK	R-HSA-72766	Translation	17/256	338/10248	0.0502958579881657	2.01340606508876	3.03247451774676	0.00481564004957787	0.0430619602328042	0.0430619602328042	UBA52/EEF1G/EEF1A1/EEF1B2/FAU/EIF3F/UBB/EEF2/EIF4B/EIF2S3/UBC/SSR2/EEF1D/PABPC1/EIF3L/EIF3H/EIF3E	17
T/NK	R-HSA-8982491	Glycogen metabolism	4/256	28/10248	0.142857142857143	5.71875	4.00195936709725	0.00485707284714845	0.0432050616089278	0.0432050616089278	UBA52/UBB/UBC/CALM1	4
T/NK	R-HSA-72706	GTP hydrolysis and joining of the 60S ribosomal subunit	8/256	106/10248	0.0754716981132075	3.02122641509434	3.34809855101589	0.00498219819696354	0.0440872642533388	0.0440872642533388	UBA52/FAU/EIF3F/EIF4B/EIF2S3/EIF3L/EIF3H/EIF3E	8
T/NK	R-HSA-8941858	Regulation of RUNX3 expression and activity	5/256	45/10248	0.111111111111111	4.44791666666667	3.71014781333024	0.00505598571594976	0.0445083923906665	0.0445083923906665	TGFB1/UBA52/RUNX3/UBB/UBC	5
T/NK	R-HSA-1257604	PIP3 activates AKT signaling	14/256	259/10248	0.0540540540540541	2.16385135135135	3.03653666017362	0.00549875631121515	0.0472190407092229	0.0472190407092229	TRAT1/UBA52/FLT3LG/RAC2/UBB/PIK3R1/THEM4/LCK/CD28/UBC/ICOS/JUN/CDKN1B/FYN	14
T/NK	R-HSA-8852276	The role of GTSE1 in G2/M progression after G2 checkpoint	6/256	65/10248	0.0923076923076923	3.69519230769231	3.48899785923278	0.0055224980049275	0.0472190407092229	0.0472190407092229	HSP90AB1/UBA52/HSP90AA1/TUBA4A/UBB/UBC	6
T/NK	R-HSA-9824878	Regulation of TBK1, IKKε (IKBKE)-mediated activation of IRF3, IRF7	3/256	15/10248	0.2	8.00625	4.34632212332731	0.0056111866451666	0.0472190407092229	0.0472190407092229	UBA52/UBB/UBC	3
T/NK	R-HSA-2691230	Signaling by NOTCH1 HD Domain Mutants in Cancer	3/256	15/10248	0.2	8.00625	4.34632212332731	0.0056111866451666	0.0472190407092229	0.0472190407092229	UBA52/UBB/UBC	3
T/NK	R-HSA-2691232	Constitutive Signaling by NOTCH1 HD Domain Mutants	3/256	15/10248	0.2	8.00625	4.34632212332731	0.0056111866451666	0.0472190407092229	0.0472190407092229	UBA52/UBB/UBC	3
T/NK	R-HSA-8875360	InlB-mediated entry of Listeria monocytogenes into host cell	3/256	15/10248	0.2	8.00625	4.34632212332731	0.0056111866451666	0.0472190407092229	0.0472190407092229	UBA52/UBB/UBC	3
T/NK	R-HSA-75892	Platelet Adhesion to exposed collagen	3/256	15/10248	0.2	8.00625	4.34632212332731	0.0056111866451666	0.0472190407092229	0.0472190407092229	ITGA1/FCER1G/FYN	3
T/NK	R-HSA-3229121	Glycogen storage diseases	3/256	15/10248	0.2	8.00625	4.34632212332731	0.0056111866451666	0.0472190407092229	0.0472190407092229	UBA52/UBB/UBC	3
T/NK	R-HSA-9663891	Selective autophagy	7/256	86/10248	0.0813953488372093	3.25835755813953	3.3662353148834	0.0056140354462996	0.0472190407092229	0.0472190407092229	UBA52/HSP90AA1/TUBA4A/UBB/HSPA8/UBC/TOMM7	7
T/NK	R-HSA-1169410	Antimicrobial mechanism of IFN-stimulated genes	10/256	156/10248	0.0641025641025641	2.56610576923077	3.15490949946579	0.00572096662363148	0.0478813906086201	0.0478813906086201	FLNA/UBA52/GBP5/TUBA4A/UBB/HSPA8/STAT3/EIF2S3/UBC/NPM1	10
T/NK	R-HSA-156842	Eukaryotic Translation Elongation	7/256	87/10248	0.0804597701149425	3.22090517241379	3.32976477189106	0.00597866660885697	0.0497929145512156	0.0497929145512156	UBA52/EEF1G/EEF1A1/EEF1B2/FAU/EEF2/EEF1D	7
